Crash Id,Calendar Year,FDOT Crash Number,Reporting Agency Case Number,Reporting Agency Type,FDOT Managing District,County Name,Crash Date,Crash Time,Day,DHSMV City,Crash Report City Code,In Town,On Roadway Name,Int Roadway Name,Reference Distance (Miles),Reference Direction,Officer Latitude,Officer Longitude,FDOT Latitude,FDOT Longitude,FDOT Roadway,Nearest Inventory MP,Nearest Node From Crash,State Road #,US Highway,Crash Side of Road,Accident Lane Number,Travel Direction Vehicle 1,FDOT Road Category,DHSMV Road System Id,Relation to Junction,Crash Harmful Event Location,Intersection Type,Shoulder Type,FDOT Roadway SKID Test Result,FDOT Roadway SKID Test Date,Functional Class,RCI Surface Width,RCI Shoulder Type First,RCI Shoulder Width First,RCI Shoulder Type Second,RCI Shoulder Width Second,RCI Shoulder Type Third,RCI Shoulder Width Third,RCI Median Width,Avg Daily Traffic,AADT Source,RCI Avg Per Truck Traffic,RCI Horiz Curve Condition,Posted Speed Limit,Highest Injury in Crash,CAR Status Code,Alcohols/Drug Involved,Site Location,Lighting,Weather,Road Surface,Roadway Grade,Roadway Alignment,Traffic Way Vehicle 1,Traffic Way Vehicle 2,Traffic Control Vehicle 1,Traffic Control Vehicle 2,Count of Lanes,Road Condition 1,Road Condition 2,Road Condition 3,Environment Condition 1,Environment Condition 2,Environment Condition 3,Crash Harmful Event,Manner of Collision,Vehicle Movement,Driver Action Vehicle 1,Driver Action Vehicle 2,Location Within Workzone,Type of Workzone,Workers Present in Workzone,Law Enforcement Present in Workzone,School Bus Related,Count of Nonfatal Injuries,Count of Traffic Fatalities,Count of Serious Injuries,Count of Pedestrians,Count of Drivers,Count of Bicyclists,Count of Vehicles,Count of Persons,Wrong Way,Workzone Inv,Commercial Vehicle Inv,Intersection Inv,Lane Departure,Speeding,Agressive Driving,Impaired Driver,Impaired Pedestrian,Impaired Bicyclist,Distracted Driver,Speeding or Aggressive Driving,Pedestrian Related,Bicyclist Related,Pedestrian or Bicyclist Related,Motorcycle Inv,No Belt,No Belt - Ages 1-4,No Belt - Ages 5-12,No Belt - Ages 13-17,Driver - Ages Teen,Driver - Ages 65 plus,Driver - Ages 65-69,Driver - Ages 70-74,Driver - Ages 75-79,Driver - Ages 80 plus,ARBM Latitude,ARBM Longitude,UTM Zone 17N X,UTM Zone 17N Y,ARBM Side of Road,Urban Rural Indicator,GIS Street Source,Extract Date,OBJECTID,x,y
2020882736970,2020,882736970,FHPK20OFF011867,FLORIDA HIGHWAY PATROL,08 TURNPIKE,ORANGE,"March 6, 2020",0817,SATURDAY,7546 ORLANDO,0746,N,FL TPK,SR 417,0.08,N,28.3527899,-81.3849699,28.3688844,-81.3895292,75470000,1.507,04958,SR 91,,R RIGHT,2 THRU LANE 2,S SOUTH,03 TOLL ROAD URBAN,06 TURNPIKE/TOLL,01 NON-JUNCTION,01 ON ROADWAY,01 NOT AT INTERSECTION,01 PAVED,30,"March 15, 2017",12 URBAN PRIN ART EXPR.,24,PAVED WARN,12,LAWN,0,,0,40,77400,RCI,17.8,,70,1 NO INJURY,31 Q/C COMPLETED - LOC VERIFIED,0 NO,01 NOT AT INTERSECTION/RRX/BRIDGE,01 DAYLIGHT,01 CLEAR,01 DRY,01 LEVEL,1 STRAIGHT,"TWO-WAY, DIVIDED, POSITIVE MED","TWO-WAY, DIVIDED, POSITIVE MED",NO CONTROLS,NO CONTROLS,4,NONE,NOT CODED,NOT CODED,NONE,NOT CODED,NOT CODED,14 MOTOR VEHICLE IN TRANSPORT,01 FRONT TO REAR,01 STRAIGHT AHEAD,OPERATED MV IN CARLESS OR NEGL,NO CONTRIBUTING ACTION,04 ACTIVITY AREA,03 WORK ON SHOULDER OR MEDIAN,01 NO,01 NO,01 NO,0,0,0,0,2,0,2,3,N,Y,N,N,N,N,N,N,N,N,N,N,N,N,N,N,N,N,N,N,N,Y,Y,N,N,N,28.36882964,-81.389528829,461831.577304,3138122.267376,R,,ARBM15Q1R2,"June 10, 2023",1835642,-9060241.250836676,3295555.5253395317
2020882886690,2020,882886690,FHPD20OFF007852,FLORIDA HIGHWAY PATROL,05 FIFTH,ORANGE,"January 26, 2020",1936,MONDAY,7546 ORLANDO,0746,N,COLONIAL DR,BRIDGEWAY BLVD,0.014,W,28.56541,-81.18554,28.5653504,-81.1822718,75060000,13.268,05203,SR 50,,R RIGHT,3 THRU LANE 3,E EAST,30 URBAN 6+LN 2WY DIVD RASD,03 STATE,01 NON-JUNCTION,01 ON ROADWAY,01 NOT AT INTERSECTION,01 PAVED,39,"September 9, 2019",14 URBAN PRIN ART OTHER,36,PAVED,4,CURB&GUTTER,2,,0,34,43000,RCI,5.1,,45,1 NO INJURY,31 Q/C COMPLETED - LOC VERIFIED,0 NO,03 INFLUENCED BY INTERSECTION,03 DAWN,01 CLEAR,01 DRY,01 LEVEL,1 STRAIGHT,"TWO-WAY, DIVIDED, POSITIVE MED","TWO-WAY, DIVIDED, POSITIVE MED",NO CONTROLS,NO CONTROLS,6,NONE,NOT CODED,NOT CODED,NONE,NOT CODED,NOT CODED,14 MOTOR VEHICLE IN TRANSPORT,01 FRONT TO REAR,01 STRAIGHT AHEAD,OPERATED MV IN CARLESS OR NEGL,NO CONTRIBUTING ACTION,00 NOT CODED,00 NOT CODED,00 NOT CODED,00 NOT CODED,01 NO,0,0,0,0,2,0,2,3,N,N,N,Y,N,N,N,N,N,N,Y,N,N,N,N,N,N,N,N,N,N,N,N,N,N,N,28.565274646,-81.182378219,482162.542758,3159836.900363,R,,ARBM15Q1R2,"June 10, 2023",1835657,-9037181.344388232,3320431.4177562916
2020882886760,2020,882886760,FHPD20OFF008653,FLORIDA HIGHWAY PATROL,05 FIFTH,ORANGE,"January 29, 2020",1740,THURSDAY,7546 ORLANDO,0746,N,ORANGE BLOSSOM TRL US 441,LANCASTER RD,0.015,N,28.46524,-81.39699,28.4654775,-81.3968581,75010000,8.149,01842,SR 500,US 17,R RIGHT,D DRIVEWAY,E EAST,30 URBAN 6+LN 2WY DIVD RASD,02 U.S.,04 DRIVEWAY/ALLEY ACCESS RELATED,02 OFF ROADWAY,01 NOT AT INTERSECTION,01 PAVED,38,"March 1, 2020",14 URBAN PRIN ART OTHER,32,CURB&GUTTER,2,,0,,0,30,52500,RCI,6.9,0D3000,40,3 NO-INCAPACITATING INJURY,31 Q/C COMPLETED - LOC VERIFIED,0 NO,04 DRIVEWAY ACCESS,02 DUSK,01 CLEAR,01 DRY,01 LEVEL,1 STRAIGHT,"TWO-WAY, DIVIDED, POSITIVE MED",,NO CONTROLS,NOT CODED,6,NONE,NOT CODED,NOT CODED,NONE,NOT CODED,NOT CODED,11 PEDALCYCLE,77 OTHER (SEE NARRATIVE),03 TURNING LEFT,FAILED TO YIELD RIGHT-OF-WAY,NOT CODED,00 NOT CODED,00 NOT CODED,00 NOT CODED,00 NOT CODED,01 NO,1,0,0,0,1,1,1,2,N,N,N,N,N,N,N,N,N,N,Y,N,N,Y,Y,N,N,N,N,N,N,N,N,N,N,N,28.46547346,-81.396750623,461159.217597,3148831.100011,R,,ARBM15Q1R2,"June 10, 2023",1835658,-9061045.17784669,3307787.7829934354
2020882774170,2020,882774170,FHPD20OFF005208,FLORIDA HIGHWAY PATROL,05 FIFTH,ORANGE,"January 17, 2020",1438,SATURDAY,7546 ORLANDO,0746,N,SAND LAKE RD,JOHN YOUNG PKWY,0,,28.45024,-81.42752,28.450345,-81.4275775,75002000,2.981,01683,SR 482,,R RIGHT,3 THRU LANE 3,S SOUTH,33 SUBURBAN 6+LN 2WY DIVD RASD,03 STATE,02 INTERSECTION,01 ON ROADWAY,02 FOUR-WAY INTERSECTION,02 UNPAVED,35,"March 3, 2020",16 URBAN MINOR ART,36,PAVED,4,LAWN,6,,0,40,59000,RCI,5.3,,45,2 POSSIBLE INJURY,31 Q/C COMPLETED - LOC VERIFIED,0 NO,02 AT INTERSECTION,01 DAYLIGHT,01 CLEAR,01 DRY,01 LEVEL,1 STRAIGHT,"TWO-WAY, DIVIDED, POSITIVE MED","TWO-WAY, DIVIDED, POSITIVE MED",TRAFFIC CONTROL SIGNAL,TRAFFIC CONTROL SIGNAL,5,NONE,NOT CODED,NOT CODED,NONE,NOT CODED,NOT CODED,14 MOTOR VEHICLE IN TRANSPORT,03 ANGLE,03 TURNING LEFT,OTHER CONTRIBUTING ACTION,OTHER CONTRIBUTING ACTION,00 NOT CODED,00 NOT CODED,00 NOT CODED,00 NOT CODED,01 NO,4,0,0,0,3,0,3,5,N,N,N,Y,N,N,N,N,N,N,N,N,N,N,N,N,N,N,N,N,N,N,N,N,N,N,28.45023468,-81.427569608,458136.091645,3147153.228245,R,,ARBM15Q1R2,"June 10, 2023",1835712,-9064475.932564665,3305858.2608898906
2020882774190,2020,882774190,FHPD20OFF005290,FLORIDA HIGHWAY PATROL,05 FIFTH,ORANGE,"January 17, 2020",1954,SATURDAY,7546 ORLANDO,0746,N,PRESIDENTS DR,SR 482,0,,28.4505699,-81.41647,28.4504344,-81.4163674,75002000,3.663,06471,SR 482,,I INTERSECTION,M MIDDLE,S SOUTH,30 URBAN 6+LN 2WY DIVD RASD,04 COUNTY,02 INTERSECTION,01 ON ROADWAY,02 FOUR-WAY INTERSECTION,02 UNPAVED,36,"March 3, 2020",16 URBAN MINOR ART,36,CURB&GUTTER,2,LAWN,6,,0,40,46500,RCI,11.4,,45,1 NO INJURY,31 Q/C COMPLETED - LOC VERIFIED,0 NO,02 AT INTERSECTION,04 DARK-LIGHTED,01 CLEAR,01 DRY,01 LEVEL,1 STRAIGHT,"TWO-WAY, NOT DIVIDED","TWO-WAY, NOT DIVIDED",TRAFFIC CONTROL SIGNAL,TRAFFIC CONTROL SIGNAL,6,NONE,NOT CODED,NOT CODED,NONE,NOT CODED,NOT CODED,14 MOTOR VEHICLE IN TRANSPORT,02 FRONT TO FRONT,03 TURNING LEFT,FAILED TO YIELD RIGHT-OF-WAY,NO CONTRIBUTING ACTION,00 NOT CODED,00 NOT CODED,00 NOT CODED,00 NOT CODED,01 NO,0,0,0,0,2,0,2,2,N,N,N,Y,N,N,N,N,N,N,Y,N,N,N,N,N,N,N,N,N,N,N,N,N,N,N,28.450315455,-81.416356768,459233.997459,3147158.324937,R,,ARBM15Q1R2,"June 10, 2023",1835713,-9063227.724466829,3305868.487934285
2020882776140,2020,882776140,FHPD20OFF002235,FLORIDA HIGHWAY PATROL,05 FIFTH,ORANGE,"January 7, 2020",2020,WEDNESDAY,"7500 UNINCORPORATED, ORANGE",0700,N,SR 15,HOFFNER RD,0.028,S,28.4795494,-81.3306943,28.4805058,-81.3301954,75080000,12.801,00180,SR 15,,R RIGHT,1 THRU LANE 1,N NORTH,20 URBAN 4-5LN 2WY DIVD RASD,03 STATE,01 NON-JUNCTION,01 ON ROADWAY,01 NOT AT INTERSECTION,03 CURB,42,"January 9, 2019",16 URBAN MINOR ART,24,PAVED,4,CURB&GUTTER,2,,0,18,25500,RCI,4.5,,40,3 NO-INCAPACITATING INJURY,31 Q/C COMPLETED - LOC VERIFIED,0 NO,03 INFLUENCED BY INTERSECTION,04 DARK-LIGHTED,01 CLEAR,01 DRY,01 LEVEL,1 STRAIGHT,"TWO-WAY, DIVIDED, POSITIVE MED","TWO-WAY, DIVIDED, POSITIVE MED",NO CONTROLS,NO CONTROLS,4,NONE,NOT CODED,NOT CODED,NONE,NOT CODED,NOT CODED,14 MOTOR VEHICLE IN TRANSPORT,01 FRONT TO REAR,01 STRAIGHT AHEAD,OPERATED MV IN CARLESS OR NEGL,NO CONTRIBUTING ACTION,00 NOT CODED,00 NOT CODED,00 NOT CODED,00 NOT CODED,01 NO,2,0,0,0,2,0,2,2,N,N,N,Y,N,N,N,N,N,N,Y,N,N,N,N,N,N,N,N,N,N,N,N,N,N,N,28.48048467,-81.330147231,467684.116523,3150474.384861,C,,ARBM15Q1R2,"June 10, 2023",1835714,-9053630.92008909,3309688.762661013
2020882776170,2020,882776170,FHPD20OFF002538,FLORIDA HIGHWAY PATROL,05 FIFTH,ORANGE,"January 8, 2020",2225,THURSDAY,"7500 UNINCORPORATED, ORANGE",0700,N,SR 50,TANNER RD,0.17,W,28.5653385,-81.1501562,28.5654253,-81.150443,75060000,15.202,02168,SR 50,,R RIGHT,S SIDE OF ROAD,E EAST,23 SUBURBAN 4-5LN 2WY DIVD RASD,03 STATE,01 NON-JUNCTION,03 SHOULDER,01 NOT AT INTERSECTION,02 UNPAVED,36,"September 9, 2019",14 URBAN PRIN ART OTHER,24,PAVED,4,LAWN,6,,0,21,43000,RCI,5.1,0D4638,55,2 POSSIBLE INJURY,31 Q/C COMPLETED - LOC VERIFIED,0 NO,01 NOT AT INTERSECTION/RRX/BRIDGE,04 DARK-LIGHTED,01 CLEAR,01 DRY,01 LEVEL,1 STRAIGHT,"TWO-WAY, DIVIDED, POSITIVE MED",,NO CONTROLS,NOT CODED,4,NONE,NOT CODED,NOT CODED,NONE,NOT CODED,NOT CODED,01 OVERTURN/ROLLOVER,77 OTHER (SEE NARRATIVE),01 STRAIGHT AHEAD,FAILED TO KEEP IN PROPER LANE,NOT CODED,00 NOT CODED,00 NOT CODED,00 NOT CODED,00 NOT CODED,01 NO,1,0,0,0,1,0,1,1,N,N,N,N,Y,N,N,N,N,N,Y,N,N,N,N,N,N,N,N,N,N,N,N,N,N,N,28.565350406,-81.150563316,485274.206415,3159840.970482,R,,ARBM15Q1R2,"June 10, 2023",1835715,-9033639.72468231,3320441.0203332985
2020883024910,2020,883024910,FHPD20OFF020104,FLORIDA HIGHWAY PATROL,05 FIFTH,ORANGE,"March 6, 2020",0243,SATURDAY,7546 ORLANDO,0746,N,SR 50,KIRKMAN RD,0.006,W,28.5523999,-81.4475199,28.5523828,-81.456582,75050000,12.271,05040,SR 50,,R RIGHT,1 THRU LANE 1,W WEST,30 URBAN 6+LN 2WY DIVD RASD,03 STATE,01 NON-JUNCTION,01 ON ROADWAY,01 NOT AT INTERSECTION,03 CURB,44,"April 1, 2018",14 URBAN PRIN ART OTHER,36,PAVED,4,CURB&GUTTER,2,,0,28,41500,RCI,3.4,,45,1 NO INJURY,31 Q/C COMPLETED - LOC VERIFIED,0 NO,03 INFLUENCED BY INTERSECTION,04 DARK-LIGHTED,01 CLEAR,01 DRY,01 LEVEL,1 STRAIGHT,"TWO-WAY, DIVIDED, POSITIVE MED","TWO-WAY, DIVIDED, POSITIVE MED",NO CONTROLS,TRAFFIC CONTROL SIGNAL,6,NONE,NOT CODED,NOT CODED,NONE,NOT CODED,NOT CODED,14 MOTOR VEHICLE IN TRANSPORT,01 FRONT TO REAR,01 STRAIGHT AHEAD,OPERATED MV IN CARLESS OR NEGL,NO CONTRIBUTING ACTION,00 NOT CODED,00 NOT CODED,00 NOT CODED,00 NOT CODED,01 NO,0,0,0,0,2,0,2,2,N,N,N,Y,N,N,N,N,N,N,Y,N,N,N,N,N,N,N,N,N,N,N,N,N,N,N,28.552254249,-81.456589795,455337.63368,3158465.929244,R,,ARBM15Q1R2,"June 10, 2023",1836010,-9067706.44631191,3318781.2068719952
2020883024930,2020,883024930,FHPD20OFF020402,FLORIDA HIGHWAY PATROL,05 FIFTH,ORANGE,"March 6, 2020",2209,SATURDAY,7546 ORLANDO,0746,N,SR 535,SR 536,0.009,N,28.3543799,-81.49437,28.3574926,-81.4971681,75035001,0.904,02588,SR 535,,R RIGHT,2 THRU LANE 2,E EAST,33 SUBURBAN 6+LN 2WY DIVD RASD,03 STATE,01 NON-JUNCTION,01 ON ROADWAY,01 NOT AT INTERSECTION,03 CURB,35,"September 10, 2019",16 URBAN MINOR ART,36,PAVED,5,LAWN,12,,0,42,50500,RCI,4.1,,50,2 POSSIBLE INJURY,31 Q/C COMPLETED - LOC VERIFIED,0 NO,01 NOT AT INTERSECTION/RRX/BRIDGE,04 DARK-LIGHTED,01 CLEAR,01 DRY,01 LEVEL,1 STRAIGHT,"TWO-WAY, DIVIDED, POSITIVE MED","TWO-WAY, DIVIDED, POSITIVE MED",NO CONTROLS,NO CONTROLS,6,NONE,NOT CODED,NOT CODED,NONE,NOT CODED,NOT CODED,14 MOTOR VEHICLE IN TRANSPORT,01 FRONT TO REAR,01 STRAIGHT AHEAD,OPERATED MV IN CARLESS OR NEGL,NO CONTRIBUTING ACTION,00 NOT CODED,00 NOT CODED,00 NOT CODED,00 NOT CODED,01 NO,2,0,0,0,3,0,3,3,N,N,N,N,N,N,N,N,N,N,Y,N,N,N,N,N,N,N,N,N,N,N,N,N,N,N,28.357550529,-81.497101718,451285.645542,3136911.482599,R,,ARBM15Q1R2,"June 10, 2023",1836011,-9072216.213562114,3294128.6489182133
2020882819380,2020,882819380,FHPD20OFF013614,FLORIDA HIGHWAY PATROL,05 FIFTH,ORANGE,"February 14, 2020",2128,SATURDAY,"7500 UNINCORPORATED, ORANGE",0700,N,I 4,SR 535,0.009,N,28.3776568,-81.5042837,28.377523,-81.5043849,75280000,2.66,04271,SR 400,I 4,R RIGHT,4 THRU LANE 4,E EAST,01 INTERSTATE URBAN,01 INTERSTATE,01 NON-JUNCTION,01 ON ROADWAY,01 NOT AT INTERSECTION,01 PAVED,35,"March 2, 2020",11 URBAN PRIN ART INT.,36,PAVED WARN,12,,0,,0,64,224000,RCI,6.8,,60,2 POSSIBLE INJURY,31 Q/C COMPLETED - LOC VERIFIED,0 NO,01 NOT AT INTERSECTION/RRX/BRIDGE,04 DARK-LIGHTED,01 CLEAR,01 DRY,01 LEVEL,1 STRAIGHT,"TWO-WAY, DIVIDED, POSITIVE MED","TWO-WAY, DIVIDED, POSITIVE MED",NO CONTROLS,NO CONTROLS,6,NONE,NOT CODED,NOT CODED,NONE,NOT CODED,NOT CODED,14 MOTOR VEHICLE IN TRANSPORT,01 FRONT TO REAR,01 STRAIGHT AHEAD,OPERATED MV IN CARLESS OR NEGL,NO CONTRIBUTING ACTION,00 NOT CODED,00 NOT CODED,00 NOT CODED,00 NOT CODED,01 NO,1,0,0,0,2,0,2,3,N,N,N,N,N,N,N,N,N,N,Y,N,N,N,N,N,N,N,N,N,N,N,N,N,N,N,28.377530458,-81.504390605,450580.606487,3139127.893137,R,,ARBM15Q1R2,"June 10, 2023",1836047,-9073027.609004542,3296656.334904468
2020882686210,2020,882686210,FHPD20OFF014354,FLORIDA HIGHWAY PATROL,05 FIFTH,ORANGE,"February 17, 2020",1048,TUESDAY,7546 ORLANDO,0746,N,SR 50,POWERS DR,0.019,W,28.55204,-81.4676599,28.5521221,-81.4679127,75050000,11.582,05031,SR 50,,R RIGHT,1 THRU LANE 1,E EAST,30 URBAN 6+LN 2WY DIVD RASD,03 STATE,01 NON-JUNCTION,01 ON ROADWAY,01 NOT AT INTERSECTION,01 PAVED,44,"April 1, 2018",14 URBAN PRIN ART OTHER,36,PAVED,4,CURB&GUTTER,2,,0,30,41500,RCI,3.4,,45,2 POSSIBLE INJURY,31 Q/C COMPLETED - LOC VERIFIED,0 NO,03 INFLUENCED BY INTERSECTION,01 DAYLIGHT,01 CLEAR,01 DRY,02 HILLCREST,1 STRAIGHT,"TWO-WAY, DIVIDED, POSITIVE MED","TWO-WAY, DIVIDED, POSITIVE MED",TRAFFIC CONTROL SIGNAL,TRAFFIC CONTROL SIGNAL,6,NONE,NOT CODED,NOT CODED,NONE,NOT CODED,NOT CODED,14 MOTOR VEHICLE IN TRANSPORT,01 FRONT TO REAR,01 STRAIGHT AHEAD,OTHER CONTRIBUTING ACTION,OTHER CONTRIBUTING ACTION,00 NOT CODED,00 NOT CODED,00 NOT CODED,00 NOT CODED,01 NO,3,0,0,0,2,0,2,5,N,N,N,Y,N,N,N,N,N,N,N,N,N,N,N,N,N,N,N,N,N,N,N,N,N,N,28.552030613,-81.467931829,454228.076878,3158445.431823,R,,ARBM15Q1R2,"June 10, 2023",1836101,-9068969.036100704,3318752.86490881
2020882704670,2020,882704670,FHPD20OFF003079,FLORIDA HIGHWAY PATROL,05 FIFTH,ORANGE,"January 10, 2020",1750,SATURDAY,7546 ORLANDO,0746,N,DORSCHER RD,SR 50,0.005,S,28.5521299,-81.4842,28.5520209,-81.4841343,75050000,10.596,05028,SR 50,,S SIDE RD RIGHT,1 THRU LANE 1,N NORTH,30 URBAN 6+LN 2WY DIVD RASD,04 COUNTY,03 INTERSECTION-RELATED,01 ON ROADWAY,01 NOT AT INTERSECTION,03 CURB,44,"April 1, 2018",14 URBAN PRIN ART OTHER,36,PAVED,4,CURB&GUTTER,2,,0,30,46000,RCI,4.6,,45,2 POSSIBLE INJURY,31 Q/C COMPLETED - LOC VERIFIED,0 NO,03 INFLUENCED BY INTERSECTION,04 DARK-LIGHTED,01 CLEAR,01 DRY,01 LEVEL,1 STRAIGHT,"TWO-WAY, DIVIDED, UNPROTECTED","TWO-WAY, DIVIDED, UNPROTECTED",OTHER (SEE NARRATIVE),NO CONTROLS,6,NONE,NOT CODED,NOT CODED,NONE,NOT CODED,NOT CODED,14 MOTOR VEHICLE IN TRANSPORT,"04 SIDESWIPE, SAME DIRECTION",06 CHANGING LANES,FAILED TO KEEP IN PROPER LANE,NO CONTRIBUTING ACTION,00 NOT CODED,00 NOT CODED,00 NOT CODED,00 NOT CODED,01 NO,2,0,0,0,2,0,2,3,N,N,N,Y,N,N,N,N,N,N,Y,N,N,N,N,N,N,N,N,N,N,N,N,N,N,N,28.55190503,-81.484168869,452639.733635,3158437.826405,R,,ARBM15Q1R2,"June 10, 2023",1836149,-9070776.535717083,3318736.9494002447
2020882794580,2020,882794580,FHPD20OFF007900,FLORIDA HIGHWAY PATROL,05 FIFTH,ORANGE,"January 27, 2020",0625,TUESDAY,7533 ORLANDO TRANSIT AUTHORITY,0733,N,SR 417,MM 8,0.057,N,28.3597299,-81.44239,28.3580134,-81.4476766,75301000,1.857,03369,SR 417,,L LEFT,1 THRU LANE 1,S SOUTH,03 TOLL ROAD URBAN,06 TURNPIKE/TOLL,01 NON-JUNCTION,01 ON ROADWAY,01 NOT AT INTERSECTION,01 PAVED,36,"November 12, 2019",12 URBAN PRIN ART EXPR.,24,PAVED WARN,8,VALLEY GUTR,3,LAWN,12,65,73500,RCI,5,,70,1 NO INJURY,31 Q/C COMPLETED - LOC VERIFIED,0 NO,01 NOT AT INTERSECTION/RRX/BRIDGE,04 DARK-LIGHTED,01 CLEAR,01 DRY,01 LEVEL,1 STRAIGHT,"TWO-WAY, DIVIDED, POSITIVE MED","TWO-WAY, DIVIDED, POSITIVE MED",NO CONTROLS,NO CONTROLS,4,NONE,NOT CODED,NOT CODED,NONE,NOT CODED,NOT CODED,14 MOTOR VEHICLE IN TRANSPORT,77 OTHER (SEE NARRATIVE),06 CHANGING LANES,OTHER CONTRIBUTING ACTION,NO CONTRIBUTING ACTION,00 NOT CODED,00 NOT CODED,00 NOT CODED,00 NOT CODED,01 NO,0,0,0,0,2,0,2,6,N,N,N,N,N,N,N,N,N,N,Y,N,N,N,N,N,N,N,N,N,N,N,N,N,N,N,28.358317999,-81.447502699,456146.56141,3136977.473828,L,,ARBM15Q1R2,"June 10, 2023",1836164,-9066694.874446461,3294225.7337909644
2020882794590,2020,882794590,FHPD20OFF007922,FLORIDA HIGHWAY PATROL,05 FIFTH,ORANGE,"January 27, 2020",0715,TUESDAY,7533 ORLANDO TRANSIT AUTHORITY,0733,N,SR 528,MM 23,0.057,W,28.45156,-81.0920399,28.4513375,-81.1101222,75002000,22.367,01876,SR 528,,R RIGHT,S SIDE OF ROAD,E EAST,04 TOLL ROAD RURAL,06 TURNPIKE/TOLL,01 NON-JUNCTION,02 OFF ROADWAY,01 NOT AT INTERSECTION,01 PAVED,37,"March 3, 2020",02 RURAL PRIN ART EXPR.,24,PAVED WARN,10,LAWN,12,,0,42,56500,RCI,8.9,0D1000,70,1 NO INJURY,31 Q/C COMPLETED - LOC VERIFIED,0 NO,01 NOT AT INTERSECTION/RRX/BRIDGE,01 DAYLIGHT,01 CLEAR,01 DRY,01 LEVEL,1 STRAIGHT,"TWO-WAY, DIVIDED, POSITIVE MED",,NO CONTROLS,NOT CODED,4,NONE,NOT CODED,NOT CODED,NONE,NOT CODED,NOT CODED,33 UTILITY POLE/LIGHT SUPPORT,77 OTHER (SEE NARRATIVE),01 STRAIGHT AHEAD,OPERATED MV IN CARLESS OR NEGL,NOT CODED,00 NOT CODED,00 NOT CODED,00 NOT CODED,00 NOT CODED,01 NO,0,0,0,0,1,0,1,2,N,N,N,N,Y,N,N,N,N,N,N,N,N,N,N,N,N,N,N,N,N,N,N,N,N,N,28.451343262,-81.109960374,489233.797313,3147206.545541,R,,ARBM15Q1R2,"June 10, 2023",1836165,-9029119.824079858,3305998.6204017303
2020882794600,2020,882794600,FHPD20OFF008763,FLORIDA HIGHWAY PATROL,05 FIFTH,ORANGE,"January 30, 2020",0715,FRIDAY,7533 ORLANDO TRANSIT AUTHORITY,0733,N,SR 408,MILE MARKER #6,0.038,W,28.54824,-81.44305,28.5482402,-81.4423839,75008000,1.308,00074,SR 408,,R RIGHT,2 THRU LANE 2,E EAST,03 TOLL ROAD URBAN,06 TURNPIKE/TOLL,01 NON-JUNCTION,01 ON ROADWAY,01 NOT AT INTERSECTION,01 PAVED,39,"March 2, 2020",12 URBAN PRIN ART EXPR.,36,PAVED WARN,8,VALLEY GUTR,3,,0,22,100000,RCI,4.5,,65,1 NO INJURY,31 Q/C COMPLETED - LOC VERIFIED,0 NO,01 NOT AT INTERSECTION/RRX/BRIDGE,01 DAYLIGHT,01 CLEAR,01 DRY,01 LEVEL,1 STRAIGHT,"TWO-WAY, DIVIDED, POSITIVE MED","TWO-WAY, DIVIDED, POSITIVE MED",NO CONTROLS,NO CONTROLS,6,NONE,NOT CODED,NOT CODED,NONE,NOT CODED,NOT CODED,14 MOTOR VEHICLE IN TRANSPORT,01 FRONT TO REAR,01 STRAIGHT AHEAD,OPERATED MV IN CARLESS OR NEGL,NO CONTRIBUTING ACTION,00 NOT CODED,00 NOT CODED,00 NOT CODED,00 NOT CODED,01 NO,0,0,0,0,3,0,3,3,N,N,N,N,N,N,N,N,N,N,Y,N,N,N,N,N,N,N,N,N,N,N,N,N,N,N,28.548242881,-81.442414319,456722.615291,3158016.326829,R,,ARBM15Q1R2,"June 10, 2023",1836166,-9066128.439076597,3318272.8457840825
2020882776180,2020,882776180,FHPD20OFF002891,FLORIDA HIGHWAY PATROL,05 FIFTH,ORANGE,"January 10, 2020",0238,SATURDAY,"7500 UNINCORPORATED, ORANGE",0700,N,SR 551,BATES RD,0,,28.5832576,-81.2862086,28.5829433,-81.2863047,75200000,7.444,00311,SR 551,,R RIGHT,2 THRU LANE 2,S SOUTH,20 URBAN 4-5LN 2WY DIVD RASD,03 STATE,02 INTERSECTION,01 ON ROADWAY,03 T-INTERSECTION,03 CURB,29,"February 11, 2020",16 URBAN MINOR ART,26,CURB&GUTTER,2,,0,,0,16,34000,RCI,2.2,,45,2 POSSIBLE INJURY,31 Q/C COMPLETED - LOC VERIFIED,0 NO,02 AT INTERSECTION,04 DARK-LIGHTED,01 CLEAR,01 DRY,01 LEVEL,1 STRAIGHT,"TWO-WAY, DIVIDED, POSITIVE MED","TWO-WAY, DIVIDED, POSITIVE MED",TRAFFIC CONTROL SIGNAL,NO CONTROLS,4,NONE,NOT CODED,NOT CODED,NONE,NOT CODED,NOT CODED,14 MOTOR VEHICLE IN TRANSPORT,03 ANGLE,03 TURNING LEFT,OTHER CONTRIBUTING ACTION,OTHER CONTRIBUTING ACTION,00 NOT CODED,00 NOT CODED,00 NOT CODED,00 NOT CODED,01 NO,3,0,0,0,2,0,2,4,N,N,N,Y,N,N,N,N,N,N,N,N,N,N,N,N,N,N,N,N,N,N,N,N,N,N,28.582923396,-81.286227085,472010.263659,3161811.981205,R,,ARBM15Q1R2,"June 10, 2023",1836192,-9048741.75074687,3322668.5524583925