Crash Id,Calendar Year,FDOT Crash Number,Reporting Agency Case Number,Reporting Agency Type,FDOT Managing District,County Name,Crash Date,Crash Time,Day,DHSMV City,Crash Report City Code,In Town,On Roadway Name,Int Roadway Name,Reference Distance (Miles),Reference Direction,Officer Latitude,Officer Longitude,FDOT Latitude,FDOT Longitude,FDOT Roadway,Nearest Inventory MP,Nearest Node From Crash,State Road #,US Highway,Crash Side of Road,Accident Lane Number,Travel Direction Vehicle 1,FDOT Road Category,DHSMV Road System Id,Relation to Junction,Crash Harmful Event Location,Intersection Type,Shoulder Type,FDOT Roadway SKID Test Result,FDOT Roadway SKID Test Date,Functional Class,RCI Surface Width,RCI Shoulder Type First,RCI Shoulder Width First,RCI Shoulder Type Second,RCI Shoulder Width Second,RCI Shoulder Type Third,RCI Shoulder Width Third,RCI Median Width,Avg Daily Traffic,AADT Source,RCI Avg Per Truck Traffic,RCI Horiz Curve Condition,Posted Speed Limit,Highest Injury in Crash,CAR Status Code,Alcohols/Drug Involved,Site Location,Lighting,Weather,Road Surface,Roadway Grade,Roadway Alignment,Traffic Way Vehicle 1,Traffic Way Vehicle 2,Traffic Control Vehicle 1,Traffic Control Vehicle 2,Count of Lanes,Road Condition 1,Road Condition 2,Road Condition 3,Environment Condition 1,Environment Condition 2,Environment Condition 3,Crash Harmful Event,Manner of Collision,Vehicle Movement,Driver Action Vehicle 1,Driver Action Vehicle 2,Location Within Workzone,Type of Workzone,Workers Present in Workzone,Law Enforcement Present in Workzone,School Bus Related,Count of Nonfatal Injuries,Count of Traffic Fatalities,Count of Serious Injuries,Count of Pedestrians,Count of Drivers,Count of Bicyclists,Count of Vehicles,Count of Persons,Wrong Way,Workzone Inv,Commercial Vehicle Inv,Intersection Inv,Lane Departure,Speeding,Agressive Driving,Impaired Driver,Impaired Pedestrian,Impaired Bicyclist,Distracted Driver,Speeding or Aggressive Driving,Pedestrian Related,Bicyclist Related,Pedestrian or Bicyclist Related,Motorcycle Inv,No Belt,No Belt - Ages 1-4,No Belt - Ages 5-12,No Belt - Ages 13-17,Driver - Ages Teen,Driver - Ages 65 plus,Driver - Ages 65-69,Driver - Ages 70-74,Driver - Ages 75-79,Driver - Ages 80 plus,ARBM Latitude,ARBM Longitude,UTM Zone 17N X,UTM Zone 17N Y,ARBM Side of Road,Urban Rural Indicator,GIS Street Source,Extract Date,OBJECTID,x,y
2020883050100,2020,883050100,FHPD20OFF022194,FLORIDA HIGHWAY PATROL,05 FIFTH,ORANGE,"March 12, 2020",1914,FRIDAY,7546 ORLANDO,0746,N,COLONIAL DR,HIAWASSEE RD,0,,28.55218,-81.47589,28.552072,-81.4758259,75050000,11.101,02138,SR 50,,I INTERSECTION,M MIDDLE,S SOUTH,30 URBAN 6+LN 2WY DIVD RASD,03 STATE,02 INTERSECTION,01 ON ROADWAY,01 NOT AT INTERSECTION,01 PAVED,44,"April 1, 2018",14 URBAN PRIN ART OTHER,36,PAVED,4,CURB&GUTTER,2,,0,28,46000,RCI,4.6,,45,1 NO INJURY,31 Q/C COMPLETED - LOC VERIFIED,0 NO,02 AT INTERSECTION,03 DAWN,01 CLEAR,01 DRY,01 LEVEL,1 STRAIGHT,"TWO-WAY, DIVIDED, POSITIVE MED","TWO-WAY, DIVIDED, POSITIVE MED",TRAFFIC CONTROL SIGNAL,TRAFFIC CONTROL SIGNAL,6,NONE,NOT CODED,NOT CODED,NONE,NOT CODED,NOT CODED,14 MOTOR VEHICLE IN TRANSPORT,03 ANGLE,01 STRAIGHT AHEAD,NOT CODED,NO CONTRIBUTING ACTION,00 NOT CODED,00 NOT CODED,00 NOT CODED,00 NOT CODED,01 NO,0,0,0,0,1,0,2,2,N,N,N,Y,N,N,N,N,N,N,N,N,N,N,N,N,N,N,N,N,N,N,N,N,N,N,28.551984656,-81.475852863,453453.2312,3158443.39062,R,,ARBM15Q1R2,"June 10, 2023",2581439,-9069850.801891912,3318747.040694738
2020882903830,2020,882903830,FHPD20OFF011172,FLORIDA HIGHWAY PATROL,05 FIFTH,ORANGE,"February 6, 2020",2213,FRIDAY,"7500 UNINCORPORATED, ORANGE",0700,N,COLONIAL DR,OBERRY HOOVER RD,0.019,E,28.567086,-81.2106413,28.5672925,-81.211212,75060000,11.501,05197,SR 50,,L LEFT,D DRIVEWAY,W WEST,30 URBAN 6+LN 2WY DIVD RASD,08 PRIVATE ROADWAY,04 DRIVEWAY/ALLEY ACCESS RELATED,02 OFF ROADWAY,01 NOT AT INTERSECTION,03 CURB,39,"September 9, 2019",14 URBAN PRIN ART OTHER,36,PAVED,4,CURB&GUTTER,2,,0,34,61500,RCI,1.4,,45,2 POSSIBLE INJURY,31 Q/C COMPLETED - LOC VERIFIED,0 NO,04 DRIVEWAY ACCESS,04 DARK-LIGHTED,01 CLEAR,01 DRY,01 LEVEL,1 STRAIGHT,"TWO-WAY, DIVIDED, POSITIVE MED",,NO CONTROLS,NOT CODED,6,NONE,NOT CODED,NOT CODED,NONE,NOT CODED,NOT CODED,11 PEDALCYCLE,77 OTHER (SEE NARRATIVE),05 TURNING RIGHT,FAILED TO YIELD RIGHT-OF-WAY,NOT CODED,00 NOT CODED,00 NOT CODED,00 NOT CODED,00 NOT CODED,01 NO,1,0,0,0,1,1,1,2,N,N,N,N,N,N,N,N,N,N,Y,N,N,Y,Y,N,N,N,N,N,N,N,N,N,N,N,28.567346508,-81.211379365,479326.491067,3160071.091527,L,,ARBM15Q1R2,"June 10, 2023",2581470,-9040409.73819774,3320694.025044073
2020882903840,2020,882903840,FHPD20OFF011190,FLORIDA HIGHWAY PATROL,05 FIFTH,ORANGE,"February 7, 2020",0026,SATURDAY,"7500 UNINCORPORATED, ORANGE",0700,N,FORSYTH RD,SR 426,0.019,S,28.60632,-81.29916,28.6063666,-81.2992408,75090000,3.457,06745,SR 426,,S SIDE RD RIGHT,2 THRU LANE 2,N NORTH,20 URBAN 4-5LN 2WY DIVD RASD,03 STATE,01 NON-JUNCTION,01 ON ROADWAY,01 NOT AT INTERSECTION,03 CURB,29,"February 11, 2020",16 URBAN MINOR ART,24,CURB&GUTTER,2,,0,,0,22,36000,RCI,3.1,3D0000,40,1 NO INJURY,31 Q/C COMPLETED - LOC VERIFIED,1 ALC,03 INFLUENCED BY INTERSECTION,04 DARK-LIGHTED,01 CLEAR,01 DRY,01 LEVEL,1 STRAIGHT,"TWO-WAY, DIVIDED, POSITIVE MED","TWO-WAY, DIVIDED, POSITIVE MED",NO CONTROLS,NO CONTROLS,4,NONE,NOT CODED,NOT CODED,NONE,NOT CODED,NOT CODED,14 MOTOR VEHICLE IN TRANSPORT,01 FRONT TO REAR,01 STRAIGHT AHEAD,OPERATED MV IN CARLESS OR NEGL,NO CONTRIBUTING ACTION,00 NOT CODED,00 NOT CODED,00 NOT CODED,00 NOT CODED,01 NO,0,0,0,0,2,0,2,2,N,N,N,Y,N,N,N,Y,N,N,Y,N,N,N,N,N,N,N,N,N,N,N,N,N,N,N,28.606307407,-81.299187155,470749.385392,3164405.690514,R,,ARBM15Q1R2,"June 10, 2023",2581471,-9050184.459648378,3325633.260949075
2020883035740,2020,883035740,FHPD20OFF022175,FLORIDA HIGHWAY PATROL,05 FIFTH,ORANGE,"March 12, 2020",1757,FRIDAY,7546 ORLANDO,0746,N,HIAWASSEE RD,SR 50,0,,28.55218,-81.47589,28.552072,-81.4758259,75050000,11.101,02138,SR 50,,S SIDE RD RIGHT,1 THRU LANE 1,N NORTH,30 URBAN 6+LN 2WY DIVD RASD,04 COUNTY,03 INTERSECTION-RELATED,01 ON ROADWAY,02 FOUR-WAY INTERSECTION,03 CURB,44,"April 1, 2018",14 URBAN PRIN ART OTHER,36,PAVED,4,CURB&GUTTER,2,,0,28,46000,RCI,4.6,,45,2 POSSIBLE INJURY,31 Q/C COMPLETED - LOC VERIFIED,0 NO,02 AT INTERSECTION,01 DAYLIGHT,01 CLEAR,01 DRY,01 LEVEL,1 STRAIGHT,"TWO-WAY, DIVIDED, POSITIVE MED","TWO-WAY, DIVIDED, POSITIVE MED",NO CONTROLS,TRAFFIC CONTROL SIGNAL,6,NONE,NOT CODED,NOT CODED,NONE,NOT CODED,NOT CODED,14 MOTOR VEHICLE IN TRANSPORT,01 FRONT TO REAR,01 STRAIGHT AHEAD,OPERATED MV IN CARLESS OR NEGL,NO CONTRIBUTING ACTION,00 NOT CODED,00 NOT CODED,00 NOT CODED,00 NOT CODED,01 NO,1,0,0,0,3,0,3,5,N,N,N,Y,N,N,N,N,N,N,Y,N,N,N,N,N,N,N,N,N,N,N,N,N,N,N,28.551984656,-81.475852863,453453.2312,3158443.39062,R,,ARBM15Q1R2,"June 10, 2023",2581495,-9069850.801891912,3318747.040694738
2020880088570,2020,880088570,FHPK20OFF004562,FLORIDA HIGHWAY PATROL,08 TURNPIKE,ORANGE,"January 25, 2020",2200,SUNDAY,7546 ORLANDO,0746,N,SR 91,MM 264,0.1,N,28.51491,-81.49943,0,0,75470000,14.615,08891,SR 91,,R RIGHT,H ISLAND AREA,0,03 TOLL ROAD URBAN,06 TURNPIKE/TOLL,77 OTHER (SEE NARRATIVE),03 SHOULDER,01 NOT AT INTERSECTION,03 CURB,37,"November 11, 2019",12 URBAN PRIN ART EXPR.,48,PAVED WARN,10,LAWN,12,,0,700,116000,RCI,17.8,0D4500,70,0 UNKNOWN/NOT CODED,31 Q/C COMPLETED - LOC VERIFIED,0 NO,01 NOT AT INTERSECTION/RRX/BRIDGE,04 DARK-LIGHTED,01 CLEAR,01 DRY,00 NOT CODED,0 NOT CODED,ONE-WAY TRAFFICWAY,,YIELD SIGN,NOT CODED,8,NONE,NOT CODED,NOT CODED,NONE,NOT CODED,NOT CODED,34 TRAFFIC SIGN SUPPORT,77 OTHER (SEE NARRATIVE),00 NOT CODED,NOT CODED,NOT CODED,00 NOT CODED,00 NOT CODED,00 NOT CODED,00 NOT CODED,01 NO,0,0,0,0,0,0,1,0,N,N,N,N,N,N,N,N,N,N,N,N,N,N,N,N,N,N,N,N,N,N,N,N,N,N,28.517338406,-81.501562048,450922.336124,3154615.319556,R,,ARBM15Q1R2,"June 10, 2023",2581528,-9072712.735963067,3314356.9666624735
2020882526120,2020,882526120,FHPD20OFF005281,FLORIDA HIGHWAY PATROL,05 FIFTH,ORANGE,"January 17, 2020",1915,SATURDAY,7533 ORLANDO TRANSIT AUTHORITY,0733,N,SR 429,MCCORMICK RD,0.004,S,28.61936,-81.53623,28.6216459,-81.5360611,75320000,35.281,03435,SR 429,,L LEFT,1 THRU LANE 1,S SOUTH,03 TOLL ROAD URBAN,06 TURNPIKE/TOLL,01 NON-JUNCTION,01 ON ROADWAY,01 NOT AT INTERSECTION,01 PAVED,37,"November 11, 2019",12 URBAN PRIN ART EXPR.,24,PAVED WARN,9,VALLEY GUTR,3,,0,56,65500,RCI,4.6,1D10,70,1 NO INJURY,31 Q/C COMPLETED - LOC VERIFIED,0 NO,01 NOT AT INTERSECTION/RRX/BRIDGE,05 DARK-NOT LIGHTED,01 CLEAR,01 DRY,01 LEVEL,1 STRAIGHT,"TWO-WAY, DIVIDED, POSITIVE MED","TWO-WAY, DIVIDED, POSITIVE MED",NO CONTROLS,NO CONTROLS,4,NONE,NOT CODED,NOT CODED,NONE,NOT CODED,NOT CODED,14 MOTOR VEHICLE IN TRANSPORT,"04 SIDESWIPE, SAME DIRECTION",06 CHANGING LANES,FAILED TO YIELD RIGHT-OF-WAY,NO CONTRIBUTING ACTION,00 NOT CODED,00 NOT CODED,00 NOT CODED,00 NOT CODED,01 NO,0,0,0,0,2,0,2,5,N,N,N,N,Y,N,N,N,N,N,N,N,N,N,N,N,N,N,N,N,N,N,N,N,N,N,28.621598928,-81.536334333,447571.536901,3166180.745409,L,,ARBM15Q1R2,"June 10, 2023",2581697,-9076583.57056212,3327572.330806787
2020881799470,2020,881799470,FHPK20OFF013256,FLORIDA HIGHWAY PATROL,08 TURNPIKE,ORANGE,"March 14, 2020",1413,SUNDAY,7546 ORLANDO,0746,N,SR 91,OSCEOLA COUNTY LINE,1.554,N,28.3647099,-81.3890499,28.369563,-81.3896073,75470000,1.554,04958,SR 91,,R RIGHT,1 THRU LANE 1,N NORTH,03 TOLL ROAD URBAN,06 TURNPIKE/TOLL,01 NON-JUNCTION,01 ON ROADWAY,01 NOT AT INTERSECTION,01 PAVED,30,"March 15, 2017",12 URBAN PRIN ART EXPR.,24,PAVED WARN,10,LAWN,12,,0,40,77400,RCI,17.8,,70,1 NO INJURY,31 Q/C COMPLETED - LOC VERIFIED,0 NO,01 NOT AT INTERSECTION/RRX/BRIDGE,01 DAYLIGHT,01 CLEAR,01 DRY,01 LEVEL,1 STRAIGHT,"TWO-WAY, DIVIDED, POSITIVE MED",,NO CONTROLS,NOT CODED,4,NONE,NOT CODED,NOT CODED,NONE,NOT CODED,NOT CODED,30 CONCRETE TRAFFIC BARRIER,77 OTHER (SEE NARRATIVE),01 STRAIGHT AHEAD,NO CONTRIBUTING ACTION,NOT CODED,00 NOT CODED,00 NOT CODED,00 NOT CODED,00 NOT CODED,01 NO,0,0,0,0,1,0,1,1,N,N,N,N,Y,N,N,N,N,N,N,N,N,N,N,N,N,N,N,N,N,N,N,N,N,N,28.369508866,-81.389604635,461824.39243,3138197.537725,R,,ARBM15Q1R2,"June 10, 2023",2581734,-9060249.689552493,3295641.4563272297
2020882670360,2020,882670360,FHPD20OFF002843,FLORIDA HIGHWAY PATROL,05 FIFTH,ORANGE,"January 9, 2020",1749,FRIDAY,"7500 UNINCORPORATED, ORANGE",0700,N,SR 423,KINGSWOOD DR,0.047,N,28.6057563,-81.3985172,28.6058374,-81.3984056,75190000,7.729,06221,SR 423,,R RIGHT,2 THRU LANE 2,E EAST,30 URBAN 6+LN 2WY DIVD RASD,03 STATE,02 INTERSECTION,01 ON ROADWAY,02 FOUR-WAY INTERSECTION,03 CURB,37,"September 8, 2019",14 URBAN PRIN ART OTHER,33,CURB&GUTTER,2,,0,,0,16,37000,RCI,7.1,,45,2 POSSIBLE INJURY,31 Q/C COMPLETED - LOC VERIFIED,0 NO,01 NOT AT INTERSECTION/RRX/BRIDGE,04 DARK-LIGHTED,01 CLEAR,01 DRY,01 LEVEL,1 STRAIGHT,"TWO-WAY, DIVIDED, POSITIVE MED","TWO-WAY, DIVIDED, POSITIVE MED",TRAFFIC CONTROL SIGNAL,TRAFFIC CONTROL SIGNAL,6,NONE,NOT CODED,NOT CODED,NONE,NOT CODED,NOT CODED,14 MOTOR VEHICLE IN TRANSPORT,01 FRONT TO REAR,01 STRAIGHT AHEAD,NO CONTRIBUTING ACTION,IMPROPER TURN,00 NOT CODED,00 NOT CODED,00 NOT CODED,00 NOT CODED,01 NO,2,0,0,0,2,0,2,3,N,N,N,N,N,N,N,N,N,N,N,N,N,N,N,N,N,N,N,N,N,N,N,N,N,N,28.605749104,-81.398158909,461072.938948,3164372.031801,R,,ARBM15Q1R2,"June 10, 2023",2581770,-9061201.948222145,3325562.469298711
2020882670430,2020,882670430,FHPD20OFF004503,FLORIDA HIGHWAY PATROL,05 FIFTH,ORANGE,"January 15, 2020",1217,THURSDAY,"7500 UNINCORPORATED, ORANGE",0700,N,SR 551,SR 552,0.019,N,28.5162995,-81.2898189,28.5159272,-81.289735,75200000,2.739,02086,SR 551,,L LEFT,2 THRU LANE 2,S SOUTH,20 URBAN 4-5LN 2WY DIVD RASD,04 COUNTY,01 NON-JUNCTION,01 ON ROADWAY,01 NOT AT INTERSECTION,03 CURB,36,"February 11, 2020",16 URBAN MINOR ART,26,PAVED,4,CURB&GUTTER,2,,0,22,43500,RCI,3.6,,45,2 POSSIBLE INJURY,31 Q/C COMPLETED - LOC VERIFIED,0 NO,03 INFLUENCED BY INTERSECTION,01 DAYLIGHT,01 CLEAR,01 DRY,01 LEVEL,1 STRAIGHT,"TWO-WAY, DIVIDED, POSITIVE MED","TWO-WAY, DIVIDED, POSITIVE MED",TRAFFIC CONTROL SIGNAL,TRAFFIC CONTROL SIGNAL,4,NONE,NOT CODED,NOT CODED,NONE,NOT CODED,NOT CODED,14 MOTOR VEHICLE IN TRANSPORT,01 FRONT TO REAR,01 STRAIGHT AHEAD,OTHER CONTRIBUTING ACTION,NO CONTRIBUTING ACTION,00 NOT CODED,00 NOT CODED,00 NOT CODED,00 NOT CODED,01 NO,1,0,0,0,2,0,2,8,N,N,Y,Y,N,N,N,N,N,N,N,N,N,N,N,N,N,N,N,N,N,Y,N,Y,N,N,28.515527205,-81.289809964,471641.848203,3154346.34979,L,,ARBM15Q1R2,"June 10, 2023",2581771,-9049140.594897764,3314127.5073294183
2020882711800,2020,882711800,FHPD20OFF005668,FLORIDA HIGHWAY PATROL,05 FIFTH,ORANGE,"January 19, 2020",1424,MONDAY,"7500 UNINCORPORATED, ORANGE",0700,N,US 441,SOUTHLAND BLVD,0.009,N,28.45018,-81.40089,28.4559254,-81.3992224,75010000,7.475,00507,SR 500,US 17,L LEFT,L LEFT TURN,S SOUTH,30 URBAN 6+LN 2WY DIVD RASD,02 U.S.,01 NON-JUNCTION,01 ON ROADWAY,01 NOT AT INTERSECTION,03 CURB,38,"March 1, 2020",14 URBAN PRIN ART OTHER,32,CURB&GUTTER,2,,0,,0,15,52500,RCI,6.9,,40,1 NO INJURY,31 Q/C COMPLETED - LOC VERIFIED,0 NO,03 INFLUENCED BY INTERSECTION,01 DAYLIGHT,01 CLEAR,01 DRY,01 LEVEL,1 STRAIGHT,"TWO-WAY, DIVIDED, POSITIVE MED","TWO-WAY, DIVIDED, POSITIVE MED",TRAFFIC CONTROL SIGNAL,TRAFFIC CONTROL SIGNAL,6,NONE,NOT CODED,NOT CODED,NONE,NOT CODED,NOT CODED,14 MOTOR VEHICLE IN TRANSPORT,"04 SIDESWIPE, SAME DIRECTION",01 STRAIGHT AHEAD,NOT CODED,NO CONTRIBUTING ACTION,00 NOT CODED,00 NOT CODED,00 NOT CODED,00 NOT CODED,01 NO,0,0,0,0,1,0,2,1,N,N,N,Y,N,N,N,N,N,N,N,N,N,N,N,N,N,N,N,N,N,N,N,N,N,N,28.455931204,-81.399302985,460905.835201,3147774.797427,L,,ARBM15Q1R2,"June 10, 2023",2581786,-9061329.305595372,3306579.5176790664
2020882674390,2020,882674390,FHPD20OFF005501,FLORIDA HIGHWAY PATROL,05 FIFTH,ORANGE,"January 18, 2020",1847,SUNDAY,7546 ORLANDO,0746,N,I 4,SR 535,0.005,E,28.3778416,-81.5052365,28.3784506,-81.5050937,75280079,0.005,01275,SR 400,I 4,L LEFT,X RAMP,W WEST,07 RAMP URBAN,01 INTERSTATE,14 ENTRANCE/EXIT RAMP,01 ON ROADWAY,01 NOT AT INTERSECTION,01 PAVED,0,"December 31, 2000",,15,PAVED,4,LAWN,8,,0,,15000,RCI,6.9,,,2 POSSIBLE INJURY,31 Q/C COMPLETED - LOC VERIFIED,0 NO,07 ENTRANCE RAMP,02 DUSK,02 CLOUDY,01 DRY,03 UPHILL,3 CURVE LEFT,ONE-WAY TRAFFICWAY,ONE-WAY TRAFFICWAY,NO CONTROLS,NO CONTROLS,1,NONE,NOT CODED,NOT CODED,NONE,NOT CODED,NOT CODED,14 MOTOR VEHICLE IN TRANSPORT,01 FRONT TO REAR,01 STRAIGHT AHEAD,OPERATED MV IN CARLESS OR NEGL,NO CONTRIBUTING ACTION,00 NOT CODED,00 NOT CODED,00 NOT CODED,00 NOT CODED,01 NO,2,0,0,0,2,0,2,3,N,N,N,N,N,N,N,N,N,N,Y,N,N,N,N,N,N,N,N,N,N,N,N,N,N,N,28.378469626,-81.505110663,450510.491243,3139232.232992,O,,ARBM15Q1R2,"June 10, 2023",2581857,-9073107.765647115,3296775.162019107
2020882887290,2020,882887290,FHPD20OFF016923,FLORIDA HIGHWAY PATROL,05 FIFTH,ORANGE,"February 25, 2020",1620,WEDNESDAY,7546 ORLANDO,0746,N,ORANGE BLOSSOM TRL US 4,SUNLIFE PATH,0.014,N,28.4434399,-81.4027399,28.4434635,-81.4027502,75010000,6.591,00504,SR 500,US 17,L LEFT,1 THRU LANE 1,S SOUTH,30 URBAN 6+LN 2WY DIVD RASD,02 U.S.,01 NON-JUNCTION,01 ON ROADWAY,01 NOT AT INTERSECTION,01 PAVED,38,"March 1, 2020",14 URBAN PRIN ART OTHER,30,CURB&GUTTER,2,,0,,0,13,67000,RCI,6.9,,45,1 NO INJURY,31 Q/C COMPLETED - LOC VERIFIED,0 NO,03 INFLUENCED BY INTERSECTION,02 DUSK,03 RAIN,02 WET,01 LEVEL,1 STRAIGHT,"TWO-WAY, DIVIDED, POSITIVE MED","TWO-WAY, DIVIDED, POSITIVE MED",NO CONTROLS,NO CONTROLS,6,NONE,NOT CODED,NOT CODED,NONE,NOT CODED,NOT CODED,14 MOTOR VEHICLE IN TRANSPORT,"04 SIDESWIPE, SAME DIRECTION",06 CHANGING LANES,NOT CODED,NO CONTRIBUTING ACTION,00 NOT CODED,00 NOT CODED,00 NOT CODED,00 NOT CODED,01 NO,0,0,0,0,1,0,2,1,N,N,Y,Y,N,N,N,N,N,N,N,N,N,N,N,N,N,N,N,N,N,N,N,N,N,N,28.443467674,-81.402809117,460557.936211,3146395.183738,L,,ARBM15Q1R2,"June 10, 2023",2581869,-9061719.606512286,3305001.5173380715
2020882895340,2020,882895340,FHPD20OFF016153,FLORIDA HIGHWAY PATROL,05 FIFTH,ORANGE,"February 23, 2020",0828,MONDAY,7546 ORLANDO,0746,N,SR 50,TANNER RD,0,,28.56527,-81.14842,28.5652893,-81.1476498,75060000,15.372,02168,SR 50,,L LEFT,S SIDE OF ROAD,W WEST,23 SUBURBAN 4-5LN 2WY DIVD RASD,03 STATE,02 INTERSECTION,02 OFF ROADWAY,03 T-INTERSECTION,01 PAVED,36,"September 9, 2019",14 URBAN PRIN ART OTHER,24,PAVED,4,LAWN,6,,0,21,43000,RCI,5.1,0D2958,55,2 POSSIBLE INJURY,31 Q/C COMPLETED - LOC VERIFIED,0 NO,02 AT INTERSECTION,01 DAYLIGHT,01 CLEAR,01 DRY,01 LEVEL,1 STRAIGHT,"TWO-WAY, DIVIDED, POSITIVE MED",,NO CONTROLS,NOT CODED,4,NONE,NOT CODED,NOT CODED,NONE,NOT CODED,NOT CODED,32 TREE (STANDING),77 OTHER (SEE NARRATIVE),01 STRAIGHT AHEAD,OPERATED MV IN CARLESS OR NEGL,NOT CODED,00 NOT CODED,00 NOT CODED,00 NOT CODED,00 NOT CODED,01 NO,1,0,0,0,1,0,1,1,N,N,N,Y,N,N,N,N,N,N,N,N,N,N,N,N,N,N,N,N,N,N,N,N,N,N,28.565354065,-81.147867674,485537.85357,3159841.047468,L,,ARBM15Q1R2,"June 10, 2023",2581872,-9033339.647061128,3320441.4840604067
2020882895350,2020,882895350,FHPD20OFF016161,FLORIDA HIGHWAY PATROL,08 TURNPIKE,ORANGE,"February 23, 2020",0848,MONDAY,"7500 UNINCORPORATED, ORANGE",0700,N,SR 528,SR 520,0,,28.45251,-80.9764799,28.4524972,-80.9757442,75475000,0.222,02903,SR 528,,L LEFT,X RAMP,W WEST,04 TOLL ROAD RURAL,03 STATE,01 NON-JUNCTION,01 ON ROADWAY,01 NOT AT INTERSECTION,01 PAVED,41,"October 25, 2020",02 RURAL PRIN ART EXPR.,24,PAVED WARN,8,VALLEY GUTR,3.5,,0,40,50000,RCI,12.8,,70,1 NO INJURY,31 Q/C COMPLETED - LOC VERIFIED,0 NO,08 EXIT RAMP,01 DAYLIGHT,01 CLEAR,01 DRY,01 LEVEL,1 STRAIGHT,ONE-WAY TRAFFICWAY,ONE-WAY TRAFFICWAY,NO CONTROLS,NO CONTROLS,4,NONE,NOT CODED,NOT CODED,NONE,NOT CODED,NOT CODED,14 MOTOR VEHICLE IN TRANSPORT,01 FRONT TO REAR,01 STRAIGHT AHEAD,OPERATED MV IN CARLESS OR NEGL,NO CONTRIBUTING ACTION,00 NOT CODED,00 NOT CODED,00 NOT CODED,00 NOT CODED,01 NO,0,0,0,0,2,0,2,2,N,N,N,N,N,N,N,N,N,N,N,N,N,N,N,N,N,N,N,N,N,N,N,N,N,N,28.452693292,-80.975892245,502360.355689,3147351.41986,L,,ARBM15Q1R2,"June 10, 2023",2581873,-9014195.42388113,3306169.551169789
2020882777290,2020,882777290,FHPD20OFF007678,FLORIDA HIGHWAY PATROL,05 FIFTH,ORANGE,"January 26, 2020",0849,MONDAY,"7500 UNINCORPORATED, ORANGE",0700,N,SR 551,SR 552,0,,28.5155363,-81.2896566,28.5156515,-81.2897349,75200000,2.72,02086,SR 551,,R RIGHT,1 THRU LANE 1,E EAST,20 URBAN 4-5LN 2WY DIVD RASD,03 STATE,02 INTERSECTION,01 ON ROADWAY,02 FOUR-WAY INTERSECTION,03 CURB,36,"February 11, 2020",16 URBAN MINOR ART,26,PAVED,4,CURB&GUTTER,2,,0,22,43500,RCI,4.6,,45,3 NO-INCAPACITATING INJURY,31 Q/C COMPLETED - LOC VERIFIED,0 NO,02 AT INTERSECTION,01 DAYLIGHT,02 CLOUDY,01 DRY,01 LEVEL,1 STRAIGHT,"TWO-WAY, DIVIDED, POSITIVE MED","TWO-WAY, DIVIDED, POSITIVE MED",TRAFFIC CONTROL SIGNAL,TRAFFIC CONTROL SIGNAL,4,NONE,NOT CODED,NOT CODED,NONE,NOT CODED,NOT CODED,14 MOTOR VEHICLE IN TRANSPORT,03 ANGLE,01 STRAIGHT AHEAD,RAN RED LIGHT,NO CONTRIBUTING ACTION,00 NOT CODED,00 NOT CODED,00 NOT CODED,00 NOT CODED,01 NO,2,0,0,0,3,0,3,6,N,N,N,Y,N,N,N,N,N,N,N,N,N,N,N,N,N,N,N,N,N,N,N,N,N,N,28.515252731,-81.289656919,471656.750486,3154315.906172,R,,ARBM15Q1R2,"June 10, 2023",2581874,-9049123.557961594,3314092.7346552066
2020882777330,2020,882777330,FHPD20OFF007971,FLORIDA HIGHWAY PATROL,05 FIFTH,ORANGE,"January 27, 2020",1102,TUESDAY,"7500 UNINCORPORATED, ORANGE",0700,N,SR 436,SR 426,0.095,N,28.6056759,-81.3075378,28.6062911,-81.3074699,75003000,10.733,06740,SR 436,,L LEFT,L LEFT TURN,E EAST,30 URBAN 6+LN 2WY DIVD RASD,03 STATE,04 DRIVEWAY/ALLEY ACCESS RELATED,01 ON ROADWAY,01 NOT AT INTERSECTION,03 CURB,38,"March 2, 2020",14 URBAN PRIN ART OTHER,38,CURB&GUTTER,2,,0,,0,25,61000,RCI,2.1,,50,1 NO INJURY,31 Q/C COMPLETED - LOC VERIFIED,0 NO,04 DRIVEWAY ACCESS,01 DAYLIGHT,01 CLEAR,01 DRY,01 LEVEL,1 STRAIGHT,"TWO-WAY, DIVIDED, POSITIVE MED","TWO-WAY, DIVIDED, POSITIVE MED",STOP SIGN,NO CONTROLS,6,NONE,NOT CODED,NOT CODED,NONE,NOT CODED,NOT CODED,14 MOTOR VEHICLE IN TRANSPORT,03 ANGLE,05 TURNING RIGHT,FAILED TO YIELD RIGHT-OF-WAY,NO CONTRIBUTING ACTION,00 NOT CODED,00 NOT CODED,00 NOT CODED,00 NOT CODED,01 NO,0,0,0,0,2,0,2,2,N,N,N,N,N,N,N,N,N,N,N,N,N,N,N,N,N,N,N,N,N,Y,N,N,N,Y,28.606268069,-81.30755158,469931.605637,3164403.405599,L,,ARBM15Q1R2,"June 10, 2023",2581875,-9051115.58354237,3325628.2730228673