Crash Id,Calendar Year,FDOT Crash Number,Reporting Agency Case Number,Reporting Agency Type,FDOT Managing District,County Name,Crash Date,Crash Time,Day,DHSMV City,Crash Report City Code,In Town,On Roadway Name,Int Roadway Name,Reference Distance (Miles),Reference Direction,Officer Latitude,Officer Longitude,FDOT Latitude,FDOT Longitude,FDOT Roadway,Nearest Inventory MP,Nearest Node From Crash,State Road #,US Highway,Crash Side of Road,Accident Lane Number,Travel Direction Vehicle 1,FDOT Road Category,DHSMV Road System Id,Relation to Junction,Crash Harmful Event Location,Intersection Type,Shoulder Type,FDOT Roadway SKID Test Result,FDOT Roadway SKID Test Date,Functional Class,RCI Surface Width,RCI Shoulder Type First,RCI Shoulder Width First,RCI Shoulder Type Second,RCI Shoulder Width Second,RCI Shoulder Type Third,RCI Shoulder Width Third,RCI Median Width,Avg Daily Traffic,AADT Source,RCI Avg Per Truck Traffic,RCI Horiz Curve Condition,Posted Speed Limit,Highest Injury in Crash,CAR Status Code,Alcohols/Drug Involved,Site Location,Lighting,Weather,Road Surface,Roadway Grade,Roadway Alignment,Traffic Way Vehicle 1,Traffic Way Vehicle 2,Traffic Control Vehicle 1,Traffic Control Vehicle 2,Count of Lanes,Road Condition 1,Road Condition 2,Road Condition 3,Environment Condition 1,Environment Condition 2,Environment Condition 3,Crash Harmful Event,Manner of Collision,Vehicle Movement,Driver Action Vehicle 1,Driver Action Vehicle 2,Location Within Workzone,Type of Workzone,Workers Present in Workzone,Law Enforcement Present in Workzone,School Bus Related,Count of Nonfatal Injuries,Count of Traffic Fatalities,Count of Serious Injuries,Count of Pedestrians,Count of Drivers,Count of Bicyclists,Count of Vehicles,Count of Persons,Wrong Way,Workzone Inv,Commercial Vehicle Inv,Intersection Inv,Lane Departure,Speeding,Agressive Driving,Impaired Driver,Impaired Pedestrian,Impaired Bicyclist,Distracted Driver,Speeding or Aggressive Driving,Pedestrian Related,Bicyclist Related,Pedestrian or Bicyclist Related,Motorcycle Inv,No Belt,No Belt - Ages 1-4,No Belt - Ages 5-12,No Belt - Ages 13-17,Driver - Ages Teen,Driver - Ages 65 plus,Driver - Ages 65-69,Driver - Ages 70-74,Driver - Ages 75-79,Driver - Ages 80 plus,ARBM Latitude,ARBM Longitude,UTM Zone 17N X,UTM Zone 17N Y,ARBM Side of Road,Urban Rural Indicator,GIS Street Source,Extract Date,OBJECTID,x,y
2020883024880,2020,883024880,FHPD20OFF020026,FLORIDA HIGHWAY PATROL,05 FIFTH,ORANGE,"March 5, 2020",1847,FRIDAY,7530 APOPKA,0730,N,SR 436,ROGER WILLIAMS AVE,0.004,E,28.6728899,-81.48323,28.6729979,-81.4845123,75120000,0.698,06157,SR 436,,R RIGHT,3 THRU LANE 3,E EAST,30 URBAN 6+LN 2WY DIVD RASD,03 STATE,01 NON-JUNCTION,01 ON ROADWAY,01 NOT AT INTERSECTION,03 CURB,36,"September 8, 2019",14 URBAN PRIN ART OTHER,48,PAVED,4,CURB&GUTTER,2,,0,33,34500,RCI,4.5,,45,1 NO INJURY,31 Q/C COMPLETED - LOC VERIFIED,0 NO,01 NOT AT INTERSECTION/RRX/BRIDGE,04 DARK-LIGHTED,01 CLEAR,01 DRY,01 LEVEL,1 STRAIGHT,"TWO-WAY, DIVIDED, POSITIVE MED","TWO-WAY, DIVIDED, POSITIVE MED",NO CONTROLS,NO CONTROLS,8,NONE,NOT CODED,NOT CODED,NONE,NOT CODED,NOT CODED,14 MOTOR VEHICLE IN TRANSPORT,"04 SIDESWIPE, SAME DIRECTION",06 CHANGING LANES,FAILED TO KEEP IN PROPER LANE,NO CONTRIBUTING ACTION,00 NOT CODED,00 NOT CODED,00 NOT CODED,00 NOT CODED,01 NO,0,0,0,0,2,0,2,2,N,N,N,N,Y,N,N,N,N,N,Y,N,N,N,N,N,N,N,N,N,N,N,N,N,N,N,28.672894052,-81.484583811,452653.434506,3171842.028573,R,,ARBM15Q1R2,"June 10, 2023",2583108,-9070822.727344416,3334078.9711896796
2020883042670,2020,883042670,FHPD20OFF018856,FLORIDA HIGHWAY PATROL,05 FIFTH,ORANGE,"March 2, 2020",1350,TUESDAY,"7500 UNINCORPORATED, ORANGE",0700,N,US 441,JONES AVE,0,,28.7311543,-81.6063244,28.7310039,-81.6062227,75020000,18.7,02239,SR 500,US 441,R RIGHT,2 THRU LANE 2,S SOUTH,23 SUBURBAN 4-5LN 2WY DIVD RASD,02 U.S.,02 INTERSECTION,01 ON ROADWAY,02 FOUR-WAY INTERSECTION,03 CURB,38,"January 22, 2020",14 URBAN PRIN ART OTHER,24,PAVED,4,LAWN,8,,0,40,29500,RCI,8.4,,45,5 FATAL(WITHIN 30 DAYS) INJURY,31 Q/C COMPLETED - LOC VERIFIED,0 NO,02 AT INTERSECTION,01 DAYLIGHT,01 CLEAR,01 DRY,01 LEVEL,1 STRAIGHT,"TWO-WAY, DIVIDED, POSITIVE MED","TWO-WAY, DIVIDED, POSITIVE MED",TRAFFIC CONTROL SIGNAL,TRAFFIC CONTROL SIGNAL,4,NONE,NOT CODED,NOT CODED,NONE,NOT CODED,NOT CODED,14 MOTOR VEHICLE IN TRANSPORT,03 ANGLE,10 MAKING U-TURN,FAILED TO YIELD RIGHT-OF-WAY,NO CONTRIBUTING ACTION,00 NOT CODED,00 NOT CODED,00 NOT CODED,00 NOT CODED,01 NO,1,1,0,0,2,0,2,2,N,N,N,Y,N,N,N,N,N,N,Y,N,N,N,N,Y,N,N,N,N,N,N,N,N,N,N,28.731075126,-81.606220619,440801.371919,3178342.187351,R,,ARBM15Q1R2,"June 10, 2023",2583117,-9084363.279046828,3341462.9314248334
2020882845880,2020,882845880,FHPD20OFF010411,FLORIDA HIGHWAY PATROL,05 FIFTH,ORANGE,"February 4, 2020",1825,WEDNESDAY,7546 ORLANDO,0746,N,SR 424,SATEL DR,0.011,S,28.60491,-81.40859,28.606042,-81.4099782,75260000,4.46,01075,SR 424,,R RIGHT,2 THRU LANE 2,N NORTH,21 URBAN 4-5LN 2WY DIVD PAVD,03 STATE,01 NON-JUNCTION,01 ON ROADWAY,01 NOT AT INTERSECTION,03 CURB,40,"September 8, 2019",16 URBAN MINOR ART,24,PAVED,2,CURB&GUTTER,2,,0,12,27500,RCI,10.4,,45,1 NO INJURY,31 Q/C COMPLETED - LOC VERIFIED,0 NO,03 INFLUENCED BY INTERSECTION,01 DAYLIGHT,01 CLEAR,01 DRY,01 LEVEL,1 STRAIGHT,"TWO-WAY, NOT DIV, W/CONT LTURN","TWO-WAY, NOT DIV, W/CONT LTURN",NO CONTROLS,NO CONTROLS,4,NONE,NOT CODED,NOT CODED,NONE,NOT CODED,NOT CODED,14 MOTOR VEHICLE IN TRANSPORT,"04 SIDESWIPE, SAME DIRECTION",06 CHANGING LANES,FAILED TO KEEP IN PROPER LANE,NO CONTRIBUTING ACTION,00 NOT CODED,00 NOT CODED,00 NOT CODED,00 NOT CODED,01 NO,0,0,0,0,2,0,2,2,N,N,N,Y,N,N,N,N,N,N,Y,N,N,N,N,N,N,N,N,N,N,N,N,N,N,N,28.60605233,-81.410017148,459913.691276,3164409.540087,C,,ARBM15Q1R2,"June 10, 2023",2583128,-9062522.001615409,3325600.9175712457
2020883020500,2020,883020500,FHPD20OFF013427,FLORIDA HIGHWAY PATROL,05 FIFTH,ORANGE,"February 14, 2020",1100,SATURDAY,7546 ORLANDO,0746,N,I 4,SR 528,0.095,N,28.4265387,-81.4744227,28.4233955,-81.4740791,75280000,6.443,00476,SR 400,I 4,L LEFT,2 THRU LANE 2,W WEST,01 INTERSTATE URBAN,01 INTERSTATE,01 NON-JUNCTION,01 ON ROADWAY,01 NOT AT INTERSECTION,01 PAVED,38,"March 2, 2020",11 URBAN PRIN ART INT.,36,PAVED WARN,12,,0,,0,64,204000,RCI,8,,60,1 NO INJURY,31 Q/C COMPLETED - LOC VERIFIED,0 NO,01 NOT AT INTERSECTION/RRX/BRIDGE,01 DAYLIGHT,01 CLEAR,01 DRY,01 LEVEL,1 STRAIGHT,"TWO-WAY, DIVIDED, POSITIVE MED","TWO-WAY, DIVIDED, POSITIVE MED",NO CONTROLS,NO CONTROLS,6,NONE,NOT CODED,NOT CODED,NONE,NOT CODED,NOT CODED,14 MOTOR VEHICLE IN TRANSPORT,01 FRONT TO REAR,01 STRAIGHT AHEAD,OPERATED MV IN CARLESS OR NEGL,NO CONTRIBUTING ACTION,00 NOT CODED,00 NOT CODED,00 NOT CODED,00 NOT CODED,01 NO,0,0,0,0,2,0,2,2,N,N,N,N,N,N,N,N,N,N,Y,N,N,N,N,N,N,N,N,N,N,N,N,N,N,N,28.423329076,-81.474386868,453540.344458,3144189.699183,L,,ARBM15Q1R2,"June 10, 2023",2583134,-9069687.607484266,3302452.1737615564
2020883020510,2020,883020510,FHPD20OFF014016,FLORIDA HIGHWAY PATROL,05 FIFTH,ORANGE,"February 16, 2020",1000,MONDAY,7546 ORLANDO,0746,N,I 4,SR 482,0.5,N,28.4577829,-81.4740662,28.457335,-81.4734983,75280000,8.782,00470,SR 400,I 4,R RIGHT,4 THRU LANE 4,E EAST,01 INTERSTATE URBAN,01 INTERSTATE,01 NON-JUNCTION,01 ON ROADWAY,01 NOT AT INTERSECTION,01 PAVED,39,"March 2, 2020",11 URBAN PRIN ART INT.,48,PAVED,10,LAWN,12,,0,165,106000,RCI,5.6,2D0000,55,1 NO INJURY,31 Q/C COMPLETED - LOC VERIFIED,0 NO,01 NOT AT INTERSECTION/RRX/BRIDGE,01 DAYLIGHT,01 CLEAR,01 DRY,01 LEVEL,1 STRAIGHT,"TWO-WAY, DIVIDED, POSITIVE MED","TWO-WAY, DIVIDED, POSITIVE MED",NO CONTROLS,NO CONTROLS,7,NONE,NOT CODED,NOT CODED,NONE,NOT CODED,NOT CODED,14 MOTOR VEHICLE IN TRANSPORT,"04 SIDESWIPE, SAME DIRECTION",06 CHANGING LANES,OTHER CONTRIBUTING ACTION,NO CONTRIBUTING ACTION,00 NOT CODED,00 NOT CODED,00 NOT CODED,00 NOT CODED,01 NO,0,0,0,0,2,0,2,2,N,N,Y,N,Y,N,N,N,N,N,Y,N,N,N,N,N,N,N,N,N,N,Y,Y,N,N,N,28.45735388,-81.473512826,453640.782061,3147958.777548,R,,ARBM15Q1R2,"June 10, 2023",2583135,-9069590.309698042,3306759.653478018
2020882868580,2020,882868580,FHPD20OFF005656,FLORIDA HIGHWAY PATROL,05 FIFTH,ORANGE,"January 19, 2020",1320,MONDAY,7546 ORLANDO,0746,N,SR 551,PERSHING AVE,0.004,N,28.4998801,-81.2855862,28.4990396,-81.2854213,75200000,1.518,00283,SR 551,,L LEFT,R RIGHT TURN,S SOUTH,20 URBAN 4-5LN 2WY DIVD RASD,03 STATE,01 NON-JUNCTION,01 ON ROADWAY,01 NOT AT INTERSECTION,03 CURB,28,"February 11, 2020",16 URBAN MINOR ART,26,CURB&GUTTER,2,,0,,0,28,43500,RCI,4.6,,45,1 NO INJURY,31 Q/C COMPLETED - LOC VERIFIED,0 NO,03 INFLUENCED BY INTERSECTION,01 DAYLIGHT,01 CLEAR,01 DRY,01 LEVEL,1 STRAIGHT,"TWO-WAY, DIVIDED, POSITIVE MED","TWO-WAY, DIVIDED, POSITIVE MED",NO CONTROLS,NO CONTROLS,4,NONE,NOT CODED,NOT CODED,NONE,NOT CODED,NOT CODED,14 MOTOR VEHICLE IN TRANSPORT,01 FRONT TO REAR,01 STRAIGHT AHEAD,OPERATED MV IN CARLESS OR NEGL,NO CONTRIBUTING ACTION,00 NOT CODED,00 NOT CODED,00 NOT CODED,00 NOT CODED,01 NO,0,0,0,0,3,0,3,3,N,N,N,Y,N,N,N,N,N,N,Y,N,N,N,N,N,N,N,N,N,Y,Y,N,N,N,Y,28.498538622,-81.28550692,472058.43058,3152463.275752,L,,ARBM15Q1R2,"June 10, 2023",2583147,-9048661.582042117,3311975.4248006507
2020882868620,2020,882868620,FHPD20OFF007952,FLORIDA HIGHWAY PATROL,05 FIFTH,ORANGE,"January 27, 2020",0838,TUESDAY,7546 ORLANDO,0746,N,SR 436,OLD CHENEY HWY,0.006,S,28.5595644,-81.3107997,28.5618583,-81.3108516,75003000,7.628,00881,SR 436,,R RIGHT,3 THRU LANE 3,N NORTH,30 URBAN 6+LN 2WY DIVD RASD,03 STATE,01 NON-JUNCTION,01 ON ROADWAY,01 NOT AT INTERSECTION,03 CURB,39,"March 2, 2020",14 URBAN PRIN ART OTHER,33,CURB&GUTTER,2,,0,,0,20,52000,RCI,4.4,,45,1 NO INJURY,31 Q/C COMPLETED - LOC VERIFIED,0 NO,03 INFLUENCED BY INTERSECTION,01 DAYLIGHT,01 CLEAR,01 DRY,01 LEVEL,1 STRAIGHT,"TWO-WAY, DIVIDED, POSITIVE MED","TWO-WAY, DIVIDED, POSITIVE MED",NO CONTROLS,NO CONTROLS,6,NONE,NOT CODED,NOT CODED,NONE,NOT CODED,NOT CODED,14 MOTOR VEHICLE IN TRANSPORT,01 FRONT TO REAR,01 STRAIGHT AHEAD,OPERATED MV IN CARLESS OR NEGL,NO CONTRIBUTING ACTION,00 NOT CODED,00 NOT CODED,00 NOT CODED,00 NOT CODED,01 NO,0,0,0,0,2,0,2,2,N,N,N,Y,N,N,N,N,N,N,Y,N,N,N,N,N,N,N,N,N,N,N,N,N,N,N,28.561866905,-81.310850887,469596.271961,3159485.234215,C,,ARBM15Q1R2,"June 10, 2023",2583148,-9051482.860522036,3319999.4992172453
2020882580510,2020,882580510,FHPD20OFF013113,FLORIDA HIGHWAY PATROL,05 FIFTH,ORANGE,"February 13, 2020",1410,FRIDAY,7554 WINTER PARK,0754,N,I 4,SR 426,0.4,N,28.59262,-81.38145,28.5979558,-81.3860791,75280000,21.75,00411,SR 400,I 4,L LEFT,1 THRU LANE 1,W WEST,01 INTERSTATE URBAN,01 INTERSTATE,01 NON-JUNCTION,01 ON ROADWAY,01 NOT AT INTERSECTION,01 PAVED,25,"September 16, 2014",11 URBAN PRIN ART INT.,48,PAVED,10,LAWN,2,,0,25,135500,RCI,6.8,3D0000,50,2 POSSIBLE INJURY,31 Q/C COMPLETED - LOC VERIFIED,0 NO,01 NOT AT INTERSECTION/RRX/BRIDGE,01 DAYLIGHT,02 CLOUDY,01 DRY,01 LEVEL,1 STRAIGHT,"TWO-WAY, DIVIDED, POSITIVE MED","TWO-WAY, DIVIDED, POSITIVE MED",NO CONTROLS,NO CONTROLS,8,NONE,NOT CODED,NOT CODED,NONE,NOT CODED,NOT CODED,14 MOTOR VEHICLE IN TRANSPORT,01 FRONT TO REAR,01 STRAIGHT AHEAD,OPERATED MV IN CARLESS OR NEGL,NO CONTRIBUTING ACTION,04 ACTIVITY AREA,01 LANE CLOSURE,01 NO,01 NO,01 NO,10,0,0,0,6,0,6,10,N,Y,N,N,N,N,N,N,N,N,Y,N,N,N,N,N,N,N,N,N,N,Y,N,Y,N,N,28.597985578,-81.386276528,462231.885247,3163508.132212,L,,ARBM15Q1R2,"June 10, 2023",2583210,-9059879.207190743,3324578.1138936076
2020882213320,2020,882213320,FHPD20OFF016941,FLORIDA HIGHWAY PATROL,05 FIFTH,ORANGE,"February 25, 2020",1630,WEDNESDAY,7554 WINTER PARK,0754,N,GOLDENROD RD,UNIVERSITY BLVD,0.057,N,28.59737,-81.2865,28.5982758,-81.2865942,75200000,8.501,02106,SR 551,,L LEFT,2 THRU LANE 2,S SOUTH,20 URBAN 4-5LN 2WY DIVD RASD,03 STATE,03 INTERSECTION-RELATED,01 ON ROADWAY,02 FOUR-WAY INTERSECTION,03 CURB,29,"February 11, 2020",16 URBAN MINOR ART,26,CURB&GUTTER,2,,0,,0,16,25500,RCI,4.3,,45,1 NO INJURY,31 Q/C COMPLETED - LOC VERIFIED,0 NO,01 NOT AT INTERSECTION/RRX/BRIDGE,01 DAYLIGHT,03 RAIN,02 WET,01 LEVEL,1 STRAIGHT,"TWO-WAY, DIVIDED, POSITIVE MED","TWO-WAY, DIVIDED, POSITIVE MED",TRAFFIC CONTROL SIGNAL,TRAFFIC CONTROL SIGNAL,4,"RD SURFC (WET, ICY, SNOW, ETC)",NOT CODED,NOT CODED,NONE,NOT CODED,NOT CODED,14 MOTOR VEHICLE IN TRANSPORT,01 FRONT TO REAR,01 STRAIGHT AHEAD,NOT CODED,NO CONTRIBUTING ACTION,00 NOT CODED,00 NOT CODED,00 NOT CODED,00 NOT CODED,01 NO,0,0,0,0,2,0,3,2,N,N,N,N,N,N,N,N,N,N,N,N,N,N,N,N,N,N,N,N,N,N,N,N,N,N,28.598356732,-81.286677303,471970.331212,3163521.875851,L,,ARBM15Q1R2,"June 10, 2023",2583287,-9048791.868948473,3324625.1720466116
2020881604970,2020,881604970,FHPD20OFF009219,FLORIDA HIGHWAY PATROL,05 FIFTH,ORANGE,"January 31, 2020",1410,SATURDAY,7533 ORLANDO TRANSIT AUTHORITY,0733,N,SR 429,WEST RD,0.5,S,28.59816,-81.5522299,0,0,75320000,33.175,03416,SR 429,,M MEDIAN,M MIDDLE,N NORTH,03 TOLL ROAD URBAN,06 TURNPIKE/TOLL,01 NON-JUNCTION,04 MEDIAN,01 NOT AT INTERSECTION,01 PAVED,37,"November 11, 2019",12 URBAN PRIN ART EXPR.,24,PAVED,6,VALLEY GUTR,3,LAWN,5,56,74500,RCI,4.6,,70,1 NO INJURY,31 Q/C COMPLETED - LOC VERIFIED,0 NO,01 NOT AT INTERSECTION/RRX/BRIDGE,01 DAYLIGHT,02 CLOUDY,02 WET,01 LEVEL,3 CURVE LEFT,"TWO-WAY, DIVIDED, POSITIVE MED",,NO CONTROLS,NOT CODED,4,NONE,NOT CODED,NOT CODED,NONE,NOT CODED,NOT CODED,29 CABLE BARRIER,77 OTHER (SEE NARRATIVE),01 STRAIGHT AHEAD,DROVE TOO FAST FOR CONDITIONS,NOT CODED,00 NOT CODED,00 NOT CODED,00 NOT CODED,00 NOT CODED,01 NO,0,0,0,0,1,0,1,1,N,N,N,N,Y,Y,N,N,N,N,N,Y,N,N,N,N,N,N,N,N,Y,N,N,N,N,N,28.598467184,-81.551422608,446084.77287,3163624.736708,R,,ARBM15Q1R2,"June 10, 2023",2583413,-9078263.189961517,3324639.175108781
2020881604980,2020,881604980,FHPD20OFF009601,FLORIDA HIGHWAY PATROL,05 FIFTH,ORANGE,"February 2, 2020",0720,MONDAY,7533 ORLANDO TRANSIT AUTHORITY,0733,N,SR 408,PINE HILLS RD,0.5,E,28.54824,-81.44305,28.548249,-81.4393272,75008000,1.494,01165,SR 408,,R RIGHT,2 THRU LANE 2,E EAST,03 TOLL ROAD URBAN,06 TURNPIKE/TOLL,01 NON-JUNCTION,03 SHOULDER,01 NOT AT INTERSECTION,01 PAVED,39,"March 2, 2020",12 URBAN PRIN ART EXPR.,36,PAVED WARN,8,VALLEY GUTR,3,,0,22,100000,RCI,4.5,,65,1 NO INJURY,31 Q/C COMPLETED - LOC VERIFIED,0 NO,01 NOT AT INTERSECTION/RRX/BRIDGE,01 DAYLIGHT,01 CLEAR,01 DRY,01 LEVEL,1 STRAIGHT,"TWO-WAY, DIVIDED, POSITIVE MED","TWO-WAY, DIVIDED, POSITIVE MED",NO CONTROLS,NO CONTROLS,6,NONE,NOT CODED,NOT CODED,NONE,NOT CODED,NOT CODED,14 MOTOR VEHICLE IN TRANSPORT,"04 SIDESWIPE, SAME DIRECTION",06 CHANGING LANES,NOT CODED,NO CONTRIBUTING ACTION,00 NOT CODED,00 NOT CODED,00 NOT CODED,00 NOT CODED,01 NO,0,0,0,0,2,0,3,2,N,N,N,N,Y,N,N,N,N,N,N,N,N,N,N,N,N,N,N,N,N,N,N,N,N,N,28.548245757,-81.439356675,457021.721261,3158015.545494,R,,ARBM15Q1R2,"June 10, 2023",2583414,-9065788.06360262,3318273.21029186
2020881604990,2020,881604990,FHPD20OFF012057,FLORIDA HIGHWAY PATROL,05 FIFTH,ORANGE,"February 10, 2020",0840,TUESDAY,7533 ORLANDO TRANSIT AUTHORITY,0733,N,SR 408,GOLDENROD RD,0.25,E,28.54182,-81.2827599,28.542066,-81.2822336,75008000,11.403,02680,SR 408,,L LEFT,4 THRU LANE 4,W WEST,03 TOLL ROAD URBAN,06 TURNPIKE/TOLL,01 NON-JUNCTION,01 ON ROADWAY,01 NOT AT INTERSECTION,01 PAVED,37,"March 2, 2020",12 URBAN PRIN ART EXPR.,48,PAVED WARN,8,VALLEY GUTR,3,,0,30,146500,RCI,4.5,,65,1 NO INJURY,31 Q/C COMPLETED - LOC VERIFIED,0 NO,01 NOT AT INTERSECTION/RRX/BRIDGE,01 DAYLIGHT,01 CLEAR,01 DRY,01 LEVEL,1 STRAIGHT,"TWO-WAY, DIVIDED, POSITIVE MED","TWO-WAY, DIVIDED, POSITIVE MED",NO CONTROLS,NO CONTROLS,8,NONE,NOT CODED,NOT CODED,NONE,NOT CODED,NOT CODED,14 MOTOR VEHICLE IN TRANSPORT,"04 SIDESWIPE, SAME DIRECTION",06 CHANGING LANES,FAILED TO KEEP IN PROPER LANE,NO CONTRIBUTING ACTION,00 NOT CODED,00 NOT CODED,00 NOT CODED,00 NOT CODED,01 NO,0,0,0,0,2,0,2,2,N,N,N,N,Y,N,N,N,N,N,N,N,N,N,N,N,N,N,N,N,N,Y,Y,N,N,N,28.542252448,-81.282313667,472382.338096,3157305.342401,L,,ARBM15Q1R2,"June 10, 2023",2583415,-9048306.11076624,3317513.7140391925
2020881605010,2020,881605010,FHPD20OFF017597,FLORIDA HIGHWAY PATROL,05 FIFTH,ORANGE,"February 27, 2020",1235,FRIDAY,7533 ORLANDO TRANSIT AUTHORITY,0733,N,SR 528,SR 15,0.002,W,28.44845,-81.27352,28.4476974,-81.2641122,75002002,0.288,02029,SR 528,,R RIGHT,X RAMP,E EAST,08 RAMP RURAL,06 TURNPIKE/TOLL,03 INTERSECTION-RELATED,01 ON ROADWAY,01 NOT AT INTERSECTION,01 PAVED,0,"December 31, 2000",,24,CURB&GUTTER,2,,0,,0,,13000,RCI,4.5,,,1 NO INJURY,31 Q/C COMPLETED - LOC VERIFIED,0 NO,08 EXIT RAMP,01 DAYLIGHT,01 CLEAR,01 DRY,01 LEVEL,1 STRAIGHT,ONE-WAY TRAFFICWAY,ONE-WAY TRAFFICWAY,TRAFFIC CONTROL SIGNAL,TRAFFIC CONTROL SIGNAL,2,NONE,NOT CODED,NOT CODED,NONE,NOT CODED,NOT CODED,14 MOTOR VEHICLE IN TRANSPORT,01 FRONT TO REAR,01 STRAIGHT AHEAD,OPERATED MV IN CARLESS OR NEGL,NO CONTRIBUTING ACTION,00 NOT CODED,00 NOT CODED,00 NOT CODED,00 NOT CODED,01 NO,0,0,0,0,2,0,2,3,N,N,N,N,N,N,N,N,N,N,N,N,N,N,N,N,N,N,N,N,N,N,N,N,N,N,28.447730847,-81.264124995,474138.643297,3146829.826629,O,,ARBM15Q1R2,"June 10, 2023",2583416,-9046281.356200233,3305541.2547510373
2020882887070,2020,882887070,FHPD20OFF013205,FLORIDA HIGHWAY PATROL,05 FIFTH,ORANGE,"February 13, 2020",1719,FRIDAY,7546 ORLANDO,0746,N,SAND LAKE RD,PRESIDENTS DR,0.012,E,28.45032,-81.41647,28.4504346,-81.4161701,75002000,3.675,06471,SR 482,,L LEFT,1 THRU LANE 1,W WEST,33 SUBURBAN 6+LN 2WY DIVD RASD,03 STATE,01 NON-JUNCTION,01 ON ROADWAY,01 NOT AT INTERSECTION,01 PAVED,36,"March 3, 2020",16 URBAN MINOR ART,36,PAVED,4,LAWN,12,,0,40,46500,RCI,11.4,,45,1 NO INJURY,31 Q/C COMPLETED - LOC VERIFIED,0 NO,03 INFLUENCED BY INTERSECTION,02 DUSK,01 CLEAR,01 DRY,01 LEVEL,1 STRAIGHT,"TWO-WAY, DIVIDED, POSITIVE MED","TWO-WAY, DIVIDED, POSITIVE MED",NO CONTROLS,NO CONTROLS,6,NONE,NOT CODED,NOT CODED,NONE,NOT CODED,NOT CODED,14 MOTOR VEHICLE IN TRANSPORT,01 FRONT TO REAR,01 STRAIGHT AHEAD,OPERATED MV IN CARLESS OR NEGL,NO CONTRIBUTING ACTION,00 NOT CODED,00 NOT CODED,00 NOT CODED,00 NOT CODED,01 NO,0,0,0,0,2,0,2,2,N,N,N,Y,N,N,N,N,N,N,Y,N,N,N,N,N,N,N,N,N,N,N,N,N,N,N,28.450561385,-81.416282413,459241.371993,3147185.544855,L,,ARBM15Q1R2,"June 10, 2023",2583461,-9063219.447378028,3305899.6253047497
2020882895000,2020,882895000,FHPD20OFF009154,FLORIDA HIGHWAY PATROL,05 FIFTH,ORANGE,"January 31, 2020",1115,SATURDAY,7546 ORLANDO,0746,N,SR 50,LAKE BERGE RD,0.019,W,28.56823,-81.2199499,28.5682985,-81.2200096,75060000,10.962,05193,SR 50,,R RIGHT,2 THRU LANE 2,E EAST,30 URBAN 6+LN 2WY DIVD RASD,03 STATE,01 NON-JUNCTION,01 ON ROADWAY,01 NOT AT INTERSECTION,03 CURB,39,"September 9, 2019",14 URBAN PRIN ART OTHER,36,PAVED,4,CURB&GUTTER,2,,0,34,61500,RCI,1.4,,45,2 POSSIBLE INJURY,31 Q/C COMPLETED - LOC VERIFIED,0 NO,03 INFLUENCED BY INTERSECTION,01 DAYLIGHT,03 RAIN,02 WET,01 LEVEL,1 STRAIGHT,"TWO-WAY, DIVIDED, POSITIVE MED","TWO-WAY, DIVIDED, POSITIVE MED",NO CONTROLS,NO CONTROLS,6,NONE,NOT CODED,NOT CODED,NONE,NOT CODED,NOT CODED,14 MOTOR VEHICLE IN TRANSPORT,01 FRONT TO REAR,01 STRAIGHT AHEAD,OPERATED MV IN CARLESS OR NEGL,NO CONTRIBUTING ACTION,00 NOT CODED,00 NOT CODED,00 NOT CODED,00 NOT CODED,01 NO,1,0,0,0,2,0,3,2,N,N,N,Y,N,N,N,N,N,N,N,N,N,N,N,N,N,N,N,N,N,N,N,N,N,N,28.568243829,-81.220100406,478473.728575,3160172.036856,R,,ARBM15Q1R2,"June 10, 2023",2583462,-9041380.560341528,3320807.7616785807
2020882895050,2020,882895050,FHPD20OFF010184,FLORIDA HIGHWAY PATROL,05 FIFTH,ORANGE,"February 4, 2020",0440,WEDNESDAY,7554 WINTER PARK,0754,N,SR 426,COACHLIGHT WAY,0.009,W,28.6043899,-81.30732,28.60502,-81.3049644,75090000,3.097,06742,SR 426,,M MEDIAN,M MIDDLE,W WEST,20 URBAN 4-5LN 2WY DIVD RASD,03 STATE,01 NON-JUNCTION,02 OFF ROADWAY,01 NOT AT INTERSECTION,03 CURB,37,"February 11, 2020",16 URBAN MINOR ART,24,CURB&GUTTER,2,,0,,0,22,36000,RCI,3.1,,40,1 NO INJURY,31 Q/C COMPLETED - LOC VERIFIED,0 NO,01 NOT AT INTERSECTION/RRX/BRIDGE,04 DARK-LIGHTED,01 CLEAR,01 DRY,01 LEVEL,1 STRAIGHT,"TWO-WAY, DIVIDED, POSITIVE MED",,NO CONTROLS,NOT CODED,4,NONE,NOT CODED,NOT CODED,NONE,NOT CODED,NOT CODED,34 TRAFFIC SIGN SUPPORT,77 OTHER (SEE NARRATIVE),01 STRAIGHT AHEAD,OPERATED MV IN CARLESS OR NEGL,NOT CODED,00 NOT CODED,00 NOT CODED,00 NOT CODED,00 NOT CODED,01 NO,0,0,0,0,1,0,1,1,N,N,N,N,Y,N,N,N,N,N,N,N,N,N,N,N,N,N,N,N,N,N,N,N,N,N,28.604966235,-81.304914358,470189.07278,3164258.521054,R,,ARBM15Q1R2,"June 10, 2023",2583463,-9050822.009161063,3325463.204632442
2020882895080,2020,882895080,FHPD20OFF010522,FLORIDA HIGHWAY PATROL,05 FIFTH,ORANGE,"February 5, 2020",0810,THURSDAY,7546 ORLANDO,0746,N,SR 436,CORNELIA AVE,0.057,S,28.56903,-81.31103,28.5684141,-81.3109143,75003000,8.079,00882,SR 436,,R RIGHT,3 THRU LANE 3,N NORTH,33 SUBURBAN 6+LN 2WY DIVD RASD,03 STATE,01 NON-JUNCTION,01 ON ROADWAY,01 NOT AT INTERSECTION,01 PAVED,34,"March 2, 2020",14 URBAN PRIN ART OTHER,36,PAVED,8,LAWN,6,,0,23,52000,RCI,4.4,,50,1 NO INJURY,31 Q/C COMPLETED - LOC VERIFIED,0 NO,01 NOT AT INTERSECTION/RRX/BRIDGE,01 DAYLIGHT,02 CLOUDY,01 DRY,01 LEVEL,1 STRAIGHT,"TWO-WAY, DIVIDED, POSITIVE MED","TWO-WAY, DIVIDED, POSITIVE MED",NO CONTROLS,NO CONTROLS,6,NONE,NOT CODED,NOT CODED,NONE,NOT CODED,NOT CODED,14 MOTOR VEHICLE IN TRANSPORT,03 ANGLE,06 CHANGING LANES,NOT CODED,NO CONTRIBUTING ACTION,00 NOT CODED,00 NOT CODED,00 NOT CODED,00 NOT CODED,01 NO,0,0,0,0,1,0,2,1,N,N,N,N,N,N,N,N,N,N,N,N,N,N,N,N,N,N,N,N,N,N,N,N,N,N,28.568417407,-81.31082691,469600.499514,3160210.926672,R,,ARBM15Q1R2,"June 10, 2023",2583464,-9051480.191580685,3320829.762594441