Crash Id,Calendar Year,FDOT Crash Number,Reporting Agency Case Number,Reporting Agency Type,FDOT Managing District,County Name,Crash Date,Crash Time,Day,DHSMV City,Crash Report City Code,In Town,On Roadway Name,Int Roadway Name,Reference Distance (Miles),Reference Direction,Officer Latitude,Officer Longitude,FDOT Latitude,FDOT Longitude,FDOT Roadway,Nearest Inventory MP,Nearest Node From Crash,State Road #,US Highway,Crash Side of Road,Accident Lane Number,Travel Direction Vehicle 1,FDOT Road Category,DHSMV Road System Id,Relation to Junction,Crash Harmful Event Location,Intersection Type,Shoulder Type,FDOT Roadway SKID Test Result,FDOT Roadway SKID Test Date,Functional Class,RCI Surface Width,RCI Shoulder Type First,RCI Shoulder Width First,RCI Shoulder Type Second,RCI Shoulder Width Second,RCI Shoulder Type Third,RCI Shoulder Width Third,RCI Median Width,Avg Daily Traffic,AADT Source,RCI Avg Per Truck Traffic,RCI Horiz Curve Condition,Posted Speed Limit,Highest Injury in Crash,CAR Status Code,Alcohols/Drug Involved,Site Location,Lighting,Weather,Road Surface,Roadway Grade,Roadway Alignment,Traffic Way Vehicle 1,Traffic Way Vehicle 2,Traffic Control Vehicle 1,Traffic Control Vehicle 2,Count of Lanes,Road Condition 1,Road Condition 2,Road Condition 3,Environment Condition 1,Environment Condition 2,Environment Condition 3,Crash Harmful Event,Manner of Collision,Vehicle Movement,Driver Action Vehicle 1,Driver Action Vehicle 2,Location Within Workzone,Type of Workzone,Workers Present in Workzone,Law Enforcement Present in Workzone,School Bus Related,Count of Nonfatal Injuries,Count of Traffic Fatalities,Count of Serious Injuries,Count of Pedestrians,Count of Drivers,Count of Bicyclists,Count of Vehicles,Count of Persons,Wrong Way,Workzone Inv,Commercial Vehicle Inv,Intersection Inv,Lane Departure,Speeding,Agressive Driving,Impaired Driver,Impaired Pedestrian,Impaired Bicyclist,Distracted Driver,Speeding or Aggressive Driving,Pedestrian Related,Bicyclist Related,Pedestrian or Bicyclist Related,Motorcycle Inv,No Belt,No Belt - Ages 1-4,No Belt - Ages 5-12,No Belt - Ages 13-17,Driver - Ages Teen,Driver - Ages 65 plus,Driver - Ages 65-69,Driver - Ages 70-74,Driver - Ages 75-79,Driver - Ages 80 plus,ARBM Latitude,ARBM Longitude,UTM Zone 17N X,UTM Zone 17N Y,ARBM Side of Road,Urban Rural Indicator,GIS Street Source,Extract Date,OBJECTID,x,y
2020871649980,2020,871649980,FHPD20OFF007483,FLORIDA HIGHWAY PATROL,05 FIFTH,ORANGE,"January 25, 2020",1255,SUNDAY,7546 ORLANDO,0746,N,SR 551,MAI TAI VILLAGE DR,0.038,N,28.49061,-81.28547,0,0,75200000,0.975,04406,SR 551,,L LEFT,D DRIVEWAY,E EAST,20 URBAN 4-5LN 2WY DIVD RASD,03 STATE,01 NON-JUNCTION,01 ON ROADWAY,01 NOT AT INTERSECTION,03 CURB,28,"February 11, 2020",16 URBAN MINOR ART,26,CURB&GUTTER,2,,0,,0,22,39500,RCI,5.2,,45,4 INCAPACITATING INJURY,31 Q/C COMPLETED - LOC VERIFIED,0 NO,04 DRIVEWAY ACCESS,01 DAYLIGHT,01 CLEAR,01 DRY,01 LEVEL,1 STRAIGHT,"TWO-WAY, NOT DIVIDED",,STOP SIGN,NOT CODED,4,NONE,NOT CODED,NOT CODED,NONE,NOT CODED,NOT CODED,11 PEDALCYCLE,03 ANGLE,05 TURNING RIGHT,FAILED TO YIELD RIGHT-OF-WAY,NOT CODED,00 NOT CODED,00 NOT CODED,00 NOT CODED,00 NOT CODED,01 NO,1,0,1,0,1,1,1,2,N,N,N,N,N,N,N,N,N,N,Y,N,N,Y,Y,N,Y,N,N,N,N,N,N,N,N,N,28.490613422,-81.285467245,472060.226561,3151585.281984,L,,ARBM15Q1R2,"June 10, 2023",2804462,-9048657.165325591,3310971.593434862
2020882989900,2020,882989900,FHPD20OFF018982,FLORIDA HIGHWAY PATROL,05 FIFTH,ORANGE,"March 2, 2020",1830,TUESDAY,"7500 UNINCORPORATED, ORANGE",0700,N,SR 527,WALLACE ST,0,,28.4713199,-81.36781,28.4720485,-81.3678166,75040000,9.08,00705,SR 527,,R RIGHT,1 THRU LANE 1,W WEST,40 URBAN ONE WAY,03 STATE,02 INTERSECTION,01 ON ROADWAY,02 FOUR-WAY INTERSECTION,03 CURB,33,"September 9, 2019",14 URBAN PRIN ART OTHER,24,PAVED,12,CURB&GUTTER,2,,0,,27000,RCI,5.1,,40,3 NO-INCAPACITATING INJURY,31 Q/C COMPLETED - LOC VERIFIED,0 NO,02 AT INTERSECTION,02 DUSK,01 CLEAR,01 DRY,01 LEVEL,1 STRAIGHT,"TWO-WAY, NOT DIVIDED",ONE-WAY TRAFFICWAY,STOP SIGN,NO CONTROLS,2,NONE,NOT CODED,NOT CODED,NONE,NOT CODED,NOT CODED,14 MOTOR VEHICLE IN TRANSPORT,03 ANGLE,01 STRAIGHT AHEAD,RAN STOP SIGN,NO CONTRIBUTING ACTION,00 NOT CODED,00 NOT CODED,00 NOT CODED,00 NOT CODED,01 NO,3,0,0,0,2,0,2,4,N,N,N,Y,N,N,N,N,N,N,N,N,N,N,N,N,N,N,N,N,N,N,N,N,N,N,28.47205836,-81.367806897,463994.982386,3149551.590418,O,,ARBM15Q1R2,"June 10, 2023",2804767,-9057823.176120501,3308621.643882521
2020882989910,2020,882989910,FHPD20OFF018999,FLORIDA HIGHWAY PATROL,05 FIFTH,ORANGE,"March 2, 2020",1922,TUESDAY,"7500 UNINCORPORATED, ORANGE",0700,N,SR 482,I 4,0.038,W,28.4498591,-81.4743528,28.4499549,-81.4741171,75002000,0.148,06461,SR 482,,R RIGHT,L LEFT TURN,E EAST,30 URBAN 6+LN 2WY DIVD RASD,03 STATE,01 NON-JUNCTION,01 ON ROADWAY,01 NOT AT INTERSECTION,03 CURB,37,"March 3, 2020",17 URBAN MAJOR COLLECTOR,36,CURB&GUTTER,2,,0,,0,30,53000,RCI,11.4,,40,2 POSSIBLE INJURY,31 Q/C COMPLETED - LOC VERIFIED,0 NO,03 INFLUENCED BY INTERSECTION,02 DUSK,01 CLEAR,01 DRY,01 LEVEL,1 STRAIGHT,"TWO-WAY, DIVIDED, POSITIVE MED","TWO-WAY, DIVIDED, POSITIVE MED",NO CONTROLS,NO CONTROLS,6,NONE,NOT CODED,NOT CODED,NONE,NOT CODED,NOT CODED,14 MOTOR VEHICLE IN TRANSPORT,"04 SIDESWIPE, SAME DIRECTION",06 CHANGING LANES,FAILED TO KEEP IN PROPER LANE,NO CONTRIBUTING ACTION,00 NOT CODED,00 NOT CODED,00 NOT CODED,00 NOT CODED,01 NO,1,0,0,0,2,0,2,4,N,N,N,Y,N,N,N,N,N,N,N,N,N,N,N,N,N,N,N,N,N,N,N,N,N,N,28.449843957,-81.474124138,453577.650694,3147127.029879,R,,ARBM15Q1R2,"June 10, 2023",2804768,-9069658.360580923,3305808.7914490355
2020882990490,2020,882990490,FHPD20OFF015961,FLORIDA HIGHWAY PATROL,05 FIFTH,ORANGE,"February 22, 2020",1320,SUNDAY,7546 ORLANDO,0746,N,FOREST CITY RD,RIVERSIDE PARK RD,0,,28.6255799,-81.4149199,28.6253557,-81.415015,75260000,5.932,02882,SR 434,,R RIGHT,1 THRU LANE 1,S SOUTH,20 URBAN 4-5LN 2WY DIVD RASD,05 LOCAL,01 NON-JUNCTION,01 ON ROADWAY,02 FOUR-WAY INTERSECTION,03 CURB,44,"September 8, 2019",14 URBAN PRIN ART OTHER,24,CURB&GUTTER,2,,0,,0,41,31500,RCI,3.1,,45,3 NO-INCAPACITATING INJURY,31 Q/C COMPLETED - LOC VERIFIED,0 NO,02 AT INTERSECTION,01 DAYLIGHT,01 CLEAR,01 DRY,01 LEVEL,1 STRAIGHT,ONE-WAY TRAFFICWAY,"TWO-WAY, DIVIDED, POSITIVE MED",TRAFFIC CONTROL SIGNAL,TRAFFIC CONTROL SIGNAL,4,NONE,NOT CODED,NOT CODED,NONE,NOT CODED,NOT CODED,14 MOTOR VEHICLE IN TRANSPORT,03 ANGLE,03 TURNING LEFT,FAILED TO YIELD RIGHT-OF-WAY,NO CONTRIBUTING ACTION,00 NOT CODED,00 NOT CODED,00 NOT CODED,00 NOT CODED,01 NO,3,0,0,0,2,0,2,8,N,N,N,Y,N,N,N,N,N,N,N,N,N,N,N,N,N,N,N,N,N,N,N,N,N,N,28.625482772,-81.414916376,459442.167965,3166563.825653,R,,ARBM15Q1R2,"June 10, 2023",2804810,-9063067.381471332,3328064.874467605
2020882990500,2020,882990500,FHPD20OFF016419,FLORIDA HIGHWAY PATROL,05 FIFTH,ORANGE,"February 24, 2020",0645,TUESDAY,7546 ORLANDO,0746,N,HIAWASSEE RD,SR 50,0.047,S,28.55199,-81.47597,28.552072,-81.4758259,75050000,11.101,02138,SR 50,,S SIDE RD RIGHT,1 THRU LANE 1,S SOUTH,30 URBAN 6+LN 2WY DIVD RASD,03 STATE,01 NON-JUNCTION,01 ON ROADWAY,01 NOT AT INTERSECTION,03 CURB,44,"April 1, 2018",14 URBAN PRIN ART OTHER,36,PAVED,4,CURB&GUTTER,2,,0,28,46000,RCI,4.6,,45,1 NO INJURY,31 Q/C COMPLETED - LOC VERIFIED,0 NO,03 INFLUENCED BY INTERSECTION,01 DAYLIGHT,01 CLEAR,01 DRY,01 LEVEL,1 STRAIGHT,"TWO-WAY, DIVIDED, POSITIVE MED","TWO-WAY, DIVIDED, POSITIVE MED",NO CONTROLS,NO CONTROLS,6,NONE,NOT CODED,NOT CODED,NONE,NOT CODED,NOT CODED,14 MOTOR VEHICLE IN TRANSPORT,01 FRONT TO REAR,01 STRAIGHT AHEAD,OTHER CONTRIBUTING ACTION,OTHER CONTRIBUTING ACTION,00 NOT CODED,00 NOT CODED,00 NOT CODED,00 NOT CODED,01 NO,0,0,0,0,2,0,2,3,N,N,N,Y,N,N,N,N,N,N,N,N,N,N,N,N,N,N,N,N,N,N,N,N,N,N,28.551984656,-81.475852863,453453.2312,3158443.39062,R,,ARBM15Q1R2,"June 10, 2023",2804811,-9069850.801891912,3318747.040694738
2020850762020,2020,850762020,2020TA003656,COUNTY SHERIFF'S OFFICE,05 FIFTH,ORANGE,"March 22, 2020",0935,MONDAY,7534 EATONVILLE,0734,Y,GREENSEND ST,SUNNYVIEW CIR,0.093,E,28.611912,-81.391008,28.611865,-81.391007,75A04146,0.029,,,,L LEFT,1 THRU LANE 1,W WEST,,04 COUNTY,01 NON-JUNCTION,01 ON ROADWAY,01 NOT AT INTERSECTION,03 CURB,0,"December 31, 2000",,,,0,,0,,0,,,RCI,0,,,1 NO INJURY,33 Q/C VERIFIED AS OFF-SYSTEM,0 NO,01 NOT AT INTERSECTION/RRX/BRIDGE,01 DAYLIGHT,01 CLEAR,01 DRY,01 LEVEL,1 STRAIGHT,"TWO-WAY, NOT DIVIDED","TWO-WAY, NOT DIVIDED",NO CONTROLS,NO CONTROLS,,NONE,NOT CODED,NOT CODED,NONE,NOT CODED,NOT CODED,14 MOTOR VEHICLE IN TRANSPORT,"04 SIDESWIPE, SAME DIRECTION",01 STRAIGHT AHEAD,NO CONTRIBUTING ACTION,NO CONTRIBUTING ACTION,00 NOT CODED,00 NOT CODED,00 NOT CODED,00 NOT CODED,01 NO,0,0,0,0,2,0,2,2,N,N,N,N,Y,N,N,N,N,N,N,N,N,N,N,N,N,N,N,N,N,N,N,N,N,N,28.611862292,-81.391006983,461774.385076,3165046.984397,C,U,ARBM15Q1R2,"June 10, 2023",2804877,-9060405.799115077,3326337.6258309516
2020860859980,2020,860859980,OCPD20OFF000146,COUNTY SHERIFF'S OFFICE,05 FIFTH,ORANGE,"January 10, 2020",2023,SATURDAY,7542 OCOEE,0742,Y,COLONIAL DR,BLACKWOOD AVE,0,,28.55172,-81.52969,28.5517173,-81.5295566,75050000,7.835,05024,SR 50,,R RIGHT,1 THRU LANE 1,E EAST,30 URBAN 6+LN 2WY DIVD RASD,03 STATE,03 INTERSECTION-RELATED,01 ON ROADWAY,02 FOUR-WAY INTERSECTION,03 CURB,43,"June 10, 2018",14 URBAN PRIN ART OTHER,36,PAVED,4,CURB&GUTTER,2,,0,30,47000,RCI,3.3,,45,3 NO-INCAPACITATING INJURY,31 Q/C COMPLETED - LOC VERIFIED,1 ALC,02 AT INTERSECTION,04 DARK-LIGHTED,01 CLEAR,01 DRY,01 LEVEL,1 STRAIGHT,"TWO-WAY, DIVIDED, POSITIVE MED","TWO-WAY, DIVIDED, POSITIVE MED",TRAFFIC CONTROL SIGNAL,TRAFFIC CONTROL SIGNAL,6,NONE,NOT CODED,NOT CODED,NONE,NOT CODED,NOT CODED,14 MOTOR VEHICLE IN TRANSPORT,01 FRONT TO REAR,01 STRAIGHT AHEAD,OPERATED MV IN CARLESS OR NEGL,NO CONTRIBUTING ACTION,00 NOT CODED,00 NOT CODED,00 NOT CODED,00 NOT CODED,01 NO,1,0,0,0,2,0,2,4,N,N,N,Y,N,N,N,Y,N,N,Y,N,N,N,N,N,N,N,N,N,N,N,N,N,N,N,28.551714946,-81.529617951,448193.851414,3158435.566959,C,,ARBM15Q1R2,"June 10, 2023",2805013,-9075835.905798806,3318712.859634498
2020882999530,2020,882999530,FHPD20OFF017274,FLORIDA HIGHWAY PATROL,05 FIFTH,ORANGE,"February 26, 2020",1408,THURSDAY,7546 ORLANDO,0746,N,US 441,CONSULATE DR,0.009,N,28.436,-81.40456,28.4283159,-81.4047122,75010000,5.536,01834,SR 500,US 17,L LEFT,3 THRU LANE 3,S SOUTH,30 URBAN 6+LN 2WY DIVD RASD,02 U.S.,01 NON-JUNCTION,01 ON ROADWAY,01 NOT AT INTERSECTION,03 CURB,38,"March 1, 2020",14 URBAN PRIN ART OTHER,32,CURB&GUTTER,2,,0,,0,27,40500,RCI,7.8,,45,1 NO INJURY,31 Q/C COMPLETED - LOC VERIFIED,0 NO,03 INFLUENCED BY INTERSECTION,01 DAYLIGHT,01 CLEAR,01 DRY,01 LEVEL,1 STRAIGHT,"TWO-WAY, DIVIDED, POSITIVE MED","TWO-WAY, DIVIDED, POSITIVE MED",NO CONTROLS,NO CONTROLS,6,NONE,NOT CODED,NOT CODED,NONE,NOT CODED,NOT CODED,14 MOTOR VEHICLE IN TRANSPORT,01 FRONT TO REAR,01 STRAIGHT AHEAD,OPERATED MV IN CARLESS OR NEGL,NO CONTRIBUTING ACTION,00 NOT CODED,00 NOT CODED,00 NOT CODED,00 NOT CODED,01 NO,0,0,0,0,3,0,3,4,N,N,N,Y,N,N,N,N,N,N,Y,N,N,N,N,N,N,N,N,N,N,N,N,N,N,N,28.428325322,-81.404717384,460365.439308,3144718.284993,C,,ARBM15Q1R2,"June 10, 2023",2805321,-9061932.033757314,3303084.603014536
2020883003810,2020,883003810,FHPD20OFF012303,FLORIDA HIGHWAY PATROL,05 FIFTH,ORANGE,"February 11, 2020",0315,WEDNESDAY,7546 ORLANDO,0746,N,SR 528,DALLAS BLVD,1,E,28.45136,-81.1083,28.4517229,-81.078416,75002000,24.296,01880,SR 528,,R RIGHT,1 THRU LANE 1,E EAST,04 TOLL ROAD RURAL,03 STATE,01 NON-JUNCTION,01 ON ROADWAY,01 NOT AT INTERSECTION,01 PAVED,38,"April 2, 2018",02 RURAL PRIN ART EXPR.,24,PAVED WARN,10,LAWN,12,,0,42,56500,RCI,8.9,,70,1 NO INJURY,31 Q/C COMPLETED - LOC VERIFIED,0 NO,01 NOT AT INTERSECTION/RRX/BRIDGE,05 DARK-NOT LIGHTED,01 CLEAR,01 DRY,01 LEVEL,1 STRAIGHT,"TWO-WAY, DIVIDED, POSITIVE MED","TWO-WAY, DIVIDED, POSITIVE MED",NO CONTROLS,NO CONTROLS,4,NONE,NOT CODED,NOT CODED,NONE,NOT CODED,NOT CODED,14 MOTOR VEHICLE IN TRANSPORT,"04 SIDESWIPE, SAME DIRECTION",77 OTHER (SEE NARRATIVE),OVER-CORRECTING/OVERSTEERING,NO CONTRIBUTING ACTION,00 NOT CODED,00 NOT CODED,00 NOT CODED,00 NOT CODED,01 NO,0,0,0,0,2,0,2,3,N,N,N,N,Y,N,N,N,N,N,N,N,N,N,N,N,N,N,N,N,Y,N,N,N,N,N,28.451728958,-81.078231363,492340.408804,3147246.843216,R,,ARBM15Q1R2,"June 10, 2023",2805354,-9025587.765682403,3306047.4540329208
2020883003820,2020,883003820,FHPD20OFF012613,FLORIDA HIGHWAY PATROL,05 FIFTH,ORANGE,"February 11, 2020",2101,WEDNESDAY,7546 ORLANDO,0746,N,JOHN YOUNG PKWY,SR 417,0.001,S,28.372055,-81.4255905,28.3725682,-81.4257726,75301000,3.56,03154,SR 417,,R RIGHT,3 THRU LANE 3,N NORTH,03 TOLL ROAD URBAN,05 LOCAL,01 NON-JUNCTION,01 ON ROADWAY,01 NOT AT INTERSECTION,01 PAVED,36,"November 12, 2019",12 URBAN PRIN ART EXPR.,24,PAVED WARN,10,VALLEY GUTR,3,,0,65,73500,RCI,5,1D00,70,3 NO-INCAPACITATING INJURY,31 Q/C COMPLETED - LOC VERIFIED,1 ALC,03 INFLUENCED BY INTERSECTION,04 DARK-LIGHTED,01 CLEAR,01 DRY,01 LEVEL,1 STRAIGHT,"TWO-WAY, DIVIDED, POSITIVE MED","TWO-WAY, DIVIDED, POSITIVE MED",NO CONTROLS,NO CONTROLS,4,NONE,NOT CODED,NOT CODED,NONE,NOT CODED,NOT CODED,14 MOTOR VEHICLE IN TRANSPORT,01 FRONT TO REAR,01 STRAIGHT AHEAD,OPERATED MV IN CARLESS OR NEGL,NO CONTRIBUTING ACTION,00 NOT CODED,00 NOT CODED,00 NOT CODED,00 NOT CODED,01 NO,5,0,0,0,3,0,3,5,N,N,N,Y,N,N,N,Y,N,N,N,N,N,N,N,N,N,N,N,N,N,N,N,N,N,N,28.372486081,-81.425924437,458266.708636,3138539.396894,R,,ARBM15Q1R2,"June 10, 2023",2805355,-9064292.792610087,3296018.119818111
2020882990310,2020,882990310,FHPD20OFF012728,FLORIDA HIGHWAY PATROL,05 FIFTH,ORANGE,"February 12, 2020",1120,THURSDAY,7546 ORLANDO,0746,N,SR 535,SR 536,0,,28.35737,-81.49723,28.3573883,-81.4970798,75035001,0.895,02588,SR 535,,R RIGHT,R RIGHT TURN,N NORTH,33 SUBURBAN 6+LN 2WY DIVD RASD,03 STATE,01 NON-JUNCTION,01 ON ROADWAY,02 FOUR-WAY INTERSECTION,02 UNPAVED,35,"September 10, 2019",16 URBAN MINOR ART,36,PAVED,5,LAWN,12,,0,42,53000,RCI,7.8,,50,2 POSSIBLE INJURY,31 Q/C COMPLETED - LOC VERIFIED,0 NO,02 AT INTERSECTION,01 DAYLIGHT,01 CLEAR,01 DRY,01 LEVEL,2 CURVE RIGHT,"TWO-WAY, DIVIDED, POSITIVE MED","TWO-WAY, DIVIDED, POSITIVE MED",TRAFFIC CONTROL SIGNAL,TRAFFIC CONTROL SIGNAL,6,NONE,NOT CODED,NOT CODED,NONE,NOT CODED,NOT CODED,14 MOTOR VEHICLE IN TRANSPORT,01 FRONT TO REAR,05 TURNING RIGHT,OPERATED MV IN CARLESS OR NEGL,NO CONTRIBUTING ACTION,00 NOT CODED,00 NOT CODED,00 NOT CODED,00 NOT CODED,01 NO,1,0,0,0,2,0,2,2,N,N,N,Y,N,N,N,N,N,N,N,N,N,N,N,N,N,N,N,N,N,Y,Y,N,N,N,28.357448113,-81.497009931,451294.59368,3136900.09951,R,,ARBM15Q1R2,"June 10, 2023",2805362,-9072205.995881787,3294115.6932963543
2020882990320,2020,882990320,FHPD20OFF013007,FLORIDA HIGHWAY PATROL,05 FIFTH,ORANGE,"February 13, 2020",0850,FRIDAY,7546 ORLANDO,0746,N,US 441,I 4,0,,28.50816,-81.39696,28.5088485,-81.3969356,75010000,11.135,02416,SR 500,US 17,L LEFT,3 THRU LANE 3,S SOUTH,20 URBAN 4-5LN 2WY DIVD RASD,02 U.S.,14 ENTRANCE/EXIT RAMP,01 ON ROADWAY,01 NOT AT INTERSECTION,03 CURB,35,"March 1, 2020",14 URBAN PRIN ART OTHER,24,CURB&GUTTER,2,,0,,0,15,58500,RCI,6.2,,35,3 NO-INCAPACITATING INJURY,31 Q/C COMPLETED - LOC VERIFIED,0 NO,07 ENTRANCE RAMP,01 DAYLIGHT,01 CLEAR,01 DRY,01 LEVEL,1 STRAIGHT,"TWO-WAY, DIVIDED, POSITIVE MED","TWO-WAY, DIVIDED, POSITIVE MED",WARNING SIGN,NO CONTROLS,4,WORK ZONE (CONST/MNT/UTLTY)NTE,NOT CODED,NOT CODED,ALL OTHER (SEE NARRTIVE),NOT CODED,NOT CODED,14 MOTOR VEHICLE IN TRANSPORT,03 ANGLE,05 TURNING RIGHT,DISREGARDED OTHER TRAFFIC SIGN,NO CONTRIBUTING ACTION,00 NOT CODED,00 NOT CODED,00 NOT CODED,00 NOT CODED,01 NO,1,0,0,0,2,0,2,2,N,Y,N,N,N,N,N,N,N,N,N,N,N,N,N,N,N,N,N,N,N,N,N,N,N,N,28.508864982,-81.397008831,461149.826822,3153638.290783,L,,ARBM15Q1R2,"June 10, 2023",2805363,-9061073.921720576,3313283.5074588857
2020842705330,2020,842705330,OCPD20OFF001006,COUNTY SHERIFF'S OFFICE,05 FIFTH,ORANGE,"March 1, 2020",1345,MONDAY,7542 OCOEE,0742,Y,MARSHALL FARMS RD,COLONIAL DR W,0,,28.55153,-81.5503199,28.5515316,-81.5502354,75050000,6.578,05019,SR 50,,T SIDE RD LEFT,C CROSSWALK,S SOUTH,30 URBAN 6+LN 2WY DIVD RASD,05 LOCAL,77 OTHER (SEE NARRATIVE),01 ON ROADWAY,03 T-INTERSECTION,03 CURB,43,"June 10, 2018",14 URBAN PRIN ART OTHER,36,PAVED,4,CURB&GUTTER,2,,0,12,41500,RCI,4.6,,45,3 NO-INCAPACITATING INJURY,31 Q/C COMPLETED - LOC VERIFIED,0 NO,02 AT INTERSECTION,01 DAYLIGHT,01 CLEAR,01 DRY,01 LEVEL,1 STRAIGHT,"TWO-WAY, NOT DIVIDED",,STOP SIGN,NOT CODED,6,NONE,NOT CODED,NOT CODED,NONE,NOT CODED,NOT CODED,11 PEDALCYCLE,77 OTHER (SEE NARRATIVE),05 TURNING RIGHT,NO CONTRIBUTING ACTION,NOT CODED,00 NOT CODED,00 NOT CODED,00 NOT CODED,00 NOT CODED,01 NO,1,0,0,0,1,1,1,2,N,N,N,Y,N,N,N,N,N,N,N,N,N,Y,Y,N,N,N,N,N,N,Y,N,Y,N,N,28.551533745,-81.550309718,446169.699343,3158424.609489,C,,ARBM15Q1R2,"June 10, 2023",2805550,-9078139.30349195,3318689.895606229
2020882989660,2020,882989660,FHPD20OFF013387,FLORIDA HIGHWAY PATROL,05 FIFTH,ORANGE,"February 14, 2020",0748,SATURDAY,"7500 UNINCORPORATED, ORANGE",0700,N,US 441,LANDSTREET RD,0,,28.4360019,-81.4045403,28.4359958,-81.4045276,75010000,6.065,00501,SR 500,US 17,R RIGHT,1 THRU LANE 1,W WEST,31 URBAN 6+LN 2WY DIVD PAVD,02 U.S.,02 INTERSECTION,01 ON ROADWAY,02 FOUR-WAY INTERSECTION,03 CURB,30,"March 1, 2020",14 URBAN PRIN ART OTHER,32,CURB&GUTTER,2,,0,,0,11,67000,RCI,6.9,0D3000,45,1 NO INJURY,31 Q/C COMPLETED - LOC VERIFIED,0 NO,02 AT INTERSECTION,01 DAYLIGHT,01 CLEAR,01 DRY,01 LEVEL,1 STRAIGHT,"TWO-WAY, DIVIDED, POSITIVE MED","TWO-WAY, DIVIDED, POSITIVE MED",TRAFFIC CONTROL SIGNAL,TRAFFIC CONTROL SIGNAL,6,NONE,NOT CODED,NOT CODED,NONE,NOT CODED,NOT CODED,14 MOTOR VEHICLE IN TRANSPORT,03 ANGLE,05 TURNING RIGHT,IMPROPER TURN,NO CONTRIBUTING ACTION,00 NOT CODED,00 NOT CODED,00 NOT CODED,00 NOT CODED,01 NO,0,0,0,0,2,0,2,3,N,N,Y,Y,N,N,N,N,N,N,N,N,N,N,N,N,N,N,N,N,N,N,N,N,N,N,28.435998702,-81.404535022,460386.156129,3145568.30994,R,,ARBM15Q1R2,"June 10, 2023",2805901,-9061911.733386448,3304055.9641242158
2020882999790,2020,882999790,FHPD20OFF019956,FLORIDA HIGHWAY PATROL,05 FIFTH,ORANGE,"March 5, 2020",1608,FRIDAY,7546 ORLANDO,0746,N,SR 526,DORCHESTER ST,0,,28.53986,-81.48202,28.5774095,-81.3644123,75030000,4.293,00957,SR 15,US 17,L LEFT,1 THRU LANE 1,E EAST,21 URBAN 4-5LN 2WY DIVD PAVD,03 STATE,02 INTERSECTION,01 ON ROADWAY,03 T-INTERSECTION,03 CURB,39,"March 1, 2020",14 URBAN PRIN ART OTHER,22,PAVED,4,CURB&GUTTER,2,,0,14,28000,RCI,1.7,,35,2 POSSIBLE INJURY,31 Q/C COMPLETED - LOC VERIFIED,0 NO,02 AT INTERSECTION,01 DAYLIGHT,01 CLEAR,01 DRY,01 LEVEL,1 STRAIGHT,"TWO-WAY, DIVIDED, POSITIVE MED","TWO-WAY, DIVIDED, POSITIVE MED",TRAFFIC CONTROL SIGNAL,TRAFFIC CONTROL SIGNAL,4,NONE,NOT CODED,NOT CODED,NONE,NOT CODED,NOT CODED,14 MOTOR VEHICLE IN TRANSPORT,03 ANGLE,03 TURNING LEFT,FAILED TO YIELD RIGHT-OF-WAY,NO CONTRIBUTING ACTION,00 NOT CODED,00 NOT CODED,00 NOT CODED,00 NOT CODED,01 NO,2,0,0,0,2,0,2,4,N,N,N,Y,N,N,N,N,N,N,Y,N,N,N,N,N,N,N,N,N,N,N,N,N,N,N,28.577404647,-81.364436894,464360.3278,3161221.3593,C,,ARBM15Q1R2,"June 10, 2023",2805927,-9057448.029468145,3321968.9617117564
2020882995850,2020,882995850,FHPD20OFF016488,FLORIDA HIGHWAY PATROL,05 FIFTH,ORANGE,"February 24, 2020",0940,TUESDAY,"7500 UNINCORPORATED, ORANGE",0700,N,ADANSON ST,LEE RD,0,,28.60694,-81.39345,28.60698,-81.3935011,75190000,8.053,06223,SR 423,,S SIDE RD RIGHT,1 THRU LANE 1,N NORTH,30 URBAN 6+LN 2WY DIVD RASD,05 LOCAL,02 INTERSECTION,01 ON ROADWAY,03 T-INTERSECTION,03 CURB,37,"September 8, 2019",14 URBAN PRIN ART OTHER,33,CURB&GUTTER,2,,0,,0,16,42000,RCI,7.1,,45,2 POSSIBLE INJURY,31 Q/C COMPLETED - LOC VERIFIED,0 NO,02 AT INTERSECTION,01 DAYLIGHT,01 CLEAR,01 DRY,01 LEVEL,1 STRAIGHT,"TWO-WAY, NOT DIV, W/CONT LTURN","TWO-WAY, NOT DIV, W/CONT LTURN",TRAFFIC CONTROL SIGNAL,TRAFFIC CONTROL SIGNAL,6,NONE,NOT CODED,NOT CODED,NONE,NOT CODED,NOT CODED,14 MOTOR VEHICLE IN TRANSPORT,01 FRONT TO REAR,01 STRAIGHT AHEAD,NO CONTRIBUTING ACTION,NO CONTRIBUTING ACTION,00 NOT CODED,00 NOT CODED,00 NOT CODED,00 NOT CODED,01 NO,1,0,0,0,2,0,2,2,N,N,N,Y,N,N,N,N,N,N,N,N,N,N,N,N,N,N,N,N,N,N,N,N,N,N,28.607047941,-81.393335645,461544.975146,3164514.365854,R,,ARBM15Q1R2,"June 10, 2023",2805941,-9060665.02480711,3325727.159103982