Crash Id,Calendar Year,FDOT Crash Number,Reporting Agency Case Number,Reporting Agency Type,FDOT Managing District,County Name,Crash Date,Crash Time,Day,DHSMV City,Crash Report City Code,In Town,On Roadway Name,Int Roadway Name,Reference Distance (Miles),Reference Direction,Officer Latitude,Officer Longitude,FDOT Latitude,FDOT Longitude,FDOT Roadway,Nearest Inventory MP,Nearest Node From Crash,State Road #,US Highway,Crash Side of Road,Accident Lane Number,Travel Direction Vehicle 1,FDOT Road Category,DHSMV Road System Id,Relation to Junction,Crash Harmful Event Location,Intersection Type,Shoulder Type,FDOT Roadway SKID Test Result,FDOT Roadway SKID Test Date,Functional Class,RCI Surface Width,RCI Shoulder Type First,RCI Shoulder Width First,RCI Shoulder Type Second,RCI Shoulder Width Second,RCI Shoulder Type Third,RCI Shoulder Width Third,RCI Median Width,Avg Daily Traffic,AADT Source,RCI Avg Per Truck Traffic,RCI Horiz Curve Condition,Posted Speed Limit,Highest Injury in Crash,CAR Status Code,Alcohols/Drug Involved,Site Location,Lighting,Weather,Road Surface,Roadway Grade,Roadway Alignment,Traffic Way Vehicle 1,Traffic Way Vehicle 2,Traffic Control Vehicle 1,Traffic Control Vehicle 2,Count of Lanes,Road Condition 1,Road Condition 2,Road Condition 3,Environment Condition 1,Environment Condition 2,Environment Condition 3,Crash Harmful Event,Manner of Collision,Vehicle Movement,Driver Action Vehicle 1,Driver Action Vehicle 2,Location Within Workzone,Type of Workzone,Workers Present in Workzone,Law Enforcement Present in Workzone,School Bus Related,Count of Nonfatal Injuries,Count of Traffic Fatalities,Count of Serious Injuries,Count of Pedestrians,Count of Drivers,Count of Bicyclists,Count of Vehicles,Count of Persons,Wrong Way,Workzone Inv,Commercial Vehicle Inv,Intersection Inv,Lane Departure,Speeding,Agressive Driving,Impaired Driver,Impaired Pedestrian,Impaired Bicyclist,Distracted Driver,Speeding or Aggressive Driving,Pedestrian Related,Bicyclist Related,Pedestrian or Bicyclist Related,Motorcycle Inv,No Belt,No Belt - Ages 1-4,No Belt - Ages 5-12,No Belt - Ages 13-17,Driver - Ages Teen,Driver - Ages 65 plus,Driver - Ages 65-69,Driver - Ages 70-74,Driver - Ages 75-79,Driver - Ages 80 plus,ARBM Latitude,ARBM Longitude,UTM Zone 17N X,UTM Zone 17N Y,ARBM Side of Road,Urban Rural Indicator,GIS Street Source,Extract Date,OBJECTID,x,y
2020872456730,2020,872456730,FHPK20OFF013961,FLORIDA HIGHWAY PATROL,08 TURNPIKE,ORANGE,"March 19, 2020",1646,FRIDAY,7552 WINTER GARDEN,0752,N,SR 91,MILE MARKER #270,0,,28.5453,-81.5853,28.5452834,-81.5862695,75470000,20.514,08853,SR 91,,L LEFT,4 THRU LANE 4,S SOUTH,03 TOLL ROAD URBAN,06 TURNPIKE/TOLL,01 NON-JUNCTION,01 ON ROADWAY,01 NOT AT INTERSECTION,01 PAVED,41,"August 23, 2020",12 URBAN PRIN ART EXPR.,48,PAVED WARN,10,LAWN,12,,0,26,102500,RCI,17.8,,70,1 NO INJURY,31 Q/C COMPLETED - LOC VERIFIED,0 NO,01 NOT AT INTERSECTION/RRX/BRIDGE,01 DAYLIGHT,01 CLEAR,01 DRY,01 LEVEL,1 STRAIGHT,"TWO-WAY, DIVIDED, POSITIVE MED",,NO CONTROLS,NOT CODED,8,NONE,NOT CODED,NOT CODED,NONE,NOT CODED,NOT CODED,"17 STRUCK BY FALLING, SHIFTING CA",77 OTHER (SEE NARRATIVE),01 STRAIGHT AHEAD,NO CONTRIBUTING ACTION,NOT CODED,00 NOT CODED,00 NOT CODED,00 NOT CODED,00 NOT CODED,01 NO,0,0,0,0,1,0,1,1,N,N,N,N,N,N,N,N,N,N,N,N,N,N,N,N,N,N,N,N,N,N,N,N,N,N,28.545097834,-81.586379651,442637.850972,3157728.321552,L,,ARBM15Q1R2,"June 10, 2023",2825884,-9082154.591161808,3317874.2867575586
2020895025040,2020,895025040,2020TA003614,COUNTY SHERIFF'S OFFICE,05 FIFTH,ORANGE,"March 20, 2020",0909,SATURDAY,7530 APOPKA,0730,Y,SR 500,1ST ST W,0.028,N,28.677154,-81.51808,0,0,75020000,12.01,00638,SR 500,US 441,R RIGHT,S SIDE OF ROAD,W WEST,21 URBAN 4-5LN 2WY DIVD PAVD,09 PARKING LOT,77 OTHER (SEE NARRATIVE),02 OFF ROADWAY,01 NOT AT INTERSECTION,03 CURB,34,"January 22, 2020",14 URBAN PRIN ART OTHER,23,CURB&GUTTER,2,,0,,0,11,32000,RCI,5.6,,45,1 NO INJURY,31 Q/C COMPLETED - LOC VERIFIED,0 NO,01 NOT AT INTERSECTION/RRX/BRIDGE,01 DAYLIGHT,01 CLEAR,01 DRY,01 LEVEL,1 STRAIGHT,"TWO-WAY, DIVIDED, UNPROTECTED",,NO CONTROLS,NOT CODED,4,NONE,NOT CODED,NOT CODED,NONE,NOT CODED,NOT CODED,"36 OTHER POST, POLE, OR SUPPORT",00 NOT CODED,01 STRAIGHT AHEAD,RAN OFF ROADWAY,NOT CODED,00 NOT CODED,00 NOT CODED,00 NOT CODED,00 NOT CODED,01 NO,0,0,0,0,1,0,1,1,N,N,N,N,Y,N,N,N,N,N,Y,N,N,N,N,N,N,N,N,N,N,N,N,N,N,N,28.677022599,-81.518118595,449378.835195,3172313.181293,C,,ARBM15Q1R2,"June 10, 2023",2826278,-9074555.803478703,3334602.804030823
2020895022670,2020,895022670,2020TA001880,COUNTY SHERIFF'S OFFICE,05 FIFTH,ORANGE,"February 11, 2020",2242,WEDNESDAY,7530 APOPKA,0730,Y,US 441,SR 451,0,,28.682987,-81.526878,28.6828755,-81.5271665,75020000,12.697,00639,SR 500,US 441,R RIGHT,2 THRU LANE 2,W WEST,20 URBAN 4-5LN 2WY DIVD RASD,02 U.S.,02 INTERSECTION,01 ON ROADWAY,02 FOUR-WAY INTERSECTION,01 PAVED,37,"January 22, 2020",14 URBAN PRIN ART OTHER,23,PAVED,4,CURB&GUTTER,2,,0,40,35500,RCI,6.8,1D0000,45,2 POSSIBLE INJURY,31 Q/C COMPLETED - LOC VERIFIED,0 NO,02 AT INTERSECTION,04 DARK-LIGHTED,01 CLEAR,01 DRY,01 LEVEL,1 STRAIGHT,"TWO-WAY, DIVIDED, POSITIVE MED","TWO-WAY, DIVIDED, POSITIVE MED",TRAFFIC CONTROL SIGNAL,TRAFFIC CONTROL SIGNAL,4,NONE,NOT CODED,NOT CODED,NONE,NOT CODED,NOT CODED,14 MOTOR VEHICLE IN TRANSPORT,02 FRONT TO FRONT,03 TURNING LEFT,RAN RED LIGHT,NO CONTRIBUTING ACTION,00 NOT CODED,00 NOT CODED,00 NOT CODED,00 NOT CODED,01 NO,1,0,0,0,2,0,2,2,N,N,N,Y,N,N,N,N,N,N,Y,N,N,N,N,N,N,N,N,N,N,N,N,N,N,N,28.682969567,-81.527157931,448498.570911,3172975.904202,R,,ARBM15Q1R2,"June 10, 2023",2826291,-9075562.058050515,3335357.3955667336
2020895022680,2020,895022680,2020TA001763,COUNTY SHERIFF'S OFFICE,05 FIFTH,ORANGE,"February 9, 2020",0825,MONDAY,7530 APOPKA,0730,Y,SR 414,SR 451 ENT,0.409,N,28.653171,-81.535616,28.6529888,-81.5327871,75340000,5.535,04564,SR 414,,R RIGHT,2 THRU LANE 2,W WEST,03 TOLL ROAD URBAN,06 TURNPIKE/TOLL,14 ENTRANCE/EXIT RAMP,01 ON ROADWAY,04 Y-INTERSECTION,01 PAVED,40,"March 2, 2020",12 URBAN PRIN ART EXPR.,24,PAVED,2,LAWN,12,,0,26,36500,RCI,3.8,,65,1 NO INJURY,31 Q/C COMPLETED - LOC VERIFIED,0 NO,01 NOT AT INTERSECTION/RRX/BRIDGE,01 DAYLIGHT,01 CLEAR,01 DRY,01 LEVEL,1 STRAIGHT,ONE-WAY TRAFFICWAY,ONE-WAY TRAFFICWAY,NO CONTROLS,NO CONTROLS,4,NONE,NOT CODED,NOT CODED,NONE,NOT CODED,NOT CODED,14 MOTOR VEHICLE IN TRANSPORT,"04 SIDESWIPE, SAME DIRECTION",06 CHANGING LANES,FAILED TO KEEP IN PROPER LANE,NO CONTRIBUTING ACTION,00 NOT CODED,00 NOT CODED,00 NOT CODED,00 NOT CODED,01 NO,0,0,0,0,2,0,2,2,N,N,N,N,Y,N,N,N,N,N,Y,N,N,N,N,N,N,N,N,N,N,N,N,N,N,N,28.648192412,-81.516092959,449562.946465,3169118.275774,R,,ARBM15Q1R2,"June 10, 2023",2826292,-9074330.310444925,3330945.241272628
2020895023890,2020,895023890,2020TA003374,COUNTY SHERIFF'S OFFICE,05 FIFTH,ORANGE,"March 12, 2020",1904,FRIDAY,7530 APOPKA,0730,Y,US 441,FOREST AVE,0.009,S,0,0,28.6731032,-81.5073649,75020000,11.276,04269,SR 500,US 441,R RIGHT,1 THRU LANE 1,E EAST,21 URBAN 4-5LN 2WY DIVD PAVD,02 U.S.,01 NON-JUNCTION,01 ON ROADWAY,01 NOT AT INTERSECTION,01 PAVED,39,"January 22, 2020",14 URBAN PRIN ART OTHER,23,CURB&GUTTER,2,,0,,0,11,42500,RCI,3.5,,35,1 NO INJURY,31 Q/C COMPLETED - LOC VERIFIED,0 NO,03 INFLUENCED BY INTERSECTION,01 DAYLIGHT,01 CLEAR,01 DRY,01 LEVEL,1 STRAIGHT,"TWO-WAY, NOT DIVIDED","TWO-WAY, NOT DIVIDED",NO CONTROLS,NO CONTROLS,4,NONE,NOT CODED,NOT CODED,NONE,NOT CODED,NOT CODED,14 MOTOR VEHICLE IN TRANSPORT,01 FRONT TO REAR,01 STRAIGHT AHEAD,NO CONTRIBUTING ACTION,NO CONTRIBUTING ACTION,00 NOT CODED,00 NOT CODED,00 NOT CODED,00 NOT CODED,01 NO,0,0,0,0,2,0,2,5,N,N,N,Y,N,N,N,N,N,N,N,N,N,N,N,N,N,N,N,N,N,Y,Y,N,N,N,28.673114628,-81.507417087,450422.567828,3171875.732712,C,,ARBM15Q1R2,"June 10, 2023",2826296,-9073364.51672852,3334106.957404782
2020895023900,2020,895023900,2020TA003385,COUNTY SHERIFF'S OFFICE,05 FIFTH,ORANGE,"March 13, 2020",0335,SATURDAY,7530 APOPKA,0730,Y,US 441,CR 435,0.028,N,0,0,28.673111,-81.509984,75020000,11.435,02221,SR 500,US 441,M MEDIAN,M MIDDLE,W WEST,21 URBAN 4-5LN 2WY DIVD PAVD,02 U.S.,18 THROUGH ROADWAY,04 MEDIAN,01 NOT AT INTERSECTION,03 CURB,39,"January 22, 2020",14 URBAN PRIN ART OTHER,23,CURB&GUTTER,8,CURB&GUTTER,2,,0,12,34500,RCI,3.5,,35,1 NO INJURY,31 Q/C COMPLETED - LOC VERIFIED,1 ALC,03 INFLUENCED BY INTERSECTION,04 DARK-LIGHTED,01 CLEAR,01 DRY,01 LEVEL,1 STRAIGHT,"TWO-WAY, DIVIDED, POSITIVE MED",,NO CONTROLS,NOT CODED,4,NONE,NOT CODED,NOT CODED,NONE,NOT CODED,NOT CODED,32 TREE (STANDING),00 NOT CODED,01 STRAIGHT AHEAD,OPERATED MV IN CARLESS OR NEGL,NOT CODED,00 NOT CODED,00 NOT CODED,00 NOT CODED,00 NOT CODED,01 NO,0,0,0,0,1,0,1,1,N,N,N,Y,N,N,N,Y,N,N,N,N,N,N,N,N,N,N,N,N,N,N,N,N,N,N,28.673114629,-81.510036694,450166.614191,3171876.823266,C,,ARBM15Q1R2,"June 10, 2023",2826297,-9073656.130090812,3334106.9575675693
2020895023910,2020,895023910,2020TA003397,COUNTY SHERIFF'S OFFICE,05 FIFTH,ORANGE,"March 13, 2020",1336,SATURDAY,7530 APOPKA,0730,Y,HIAWASSEE RD,US 441,0,,28.653828,-81.46997,28.6545141,-81.4702174,75020000,8.56,00618,SR 500,US 441,S SIDE RD RIGHT,1 THRU LANE 1,N NORTH,23 SUBURBAN 4-5LN 2WY DIVD RASD,05 LOCAL,02 INTERSECTION,01 ON ROADWAY,02 FOUR-WAY INTERSECTION,01 PAVED,35,"January 22, 2020",14 URBAN PRIN ART OTHER,23,PAVED,4,LAWN,9,,0,45,28000,RCI,5.3,1D0000,45,1 NO INJURY,31 Q/C COMPLETED - LOC VERIFIED,0 NO,02 AT INTERSECTION,01 DAYLIGHT,01 CLEAR,01 DRY,01 LEVEL,1 STRAIGHT,"TWO-WAY, DIVIDED, POSITIVE MED","TWO-WAY, DIVIDED, POSITIVE MED",TRAFFIC CONTROL SIGNAL,TRAFFIC CONTROL SIGNAL,4,NONE,NOT CODED,NOT CODED,NONE,NOT CODED,NOT CODED,14 MOTOR VEHICLE IN TRANSPORT,01 FRONT TO REAR,01 STRAIGHT AHEAD,FOLLOWED TOO CLOSELY,NO CONTRIBUTING ACTION,00 NOT CODED,00 NOT CODED,00 NOT CODED,00 NOT CODED,01 NO,0,0,0,0,2,0,2,7,N,N,N,Y,N,N,N,N,N,N,N,N,N,N,N,N,N,N,N,N,N,Y,N,N,Y,N,28.654590877,-81.470135374,454057.164392,3169808.614178,R,,ARBM15Q1R2,"June 10, 2023",2826298,-9069214.334109832,3331756.900471871
2020872456740,2020,872456740,FHPK20OFF014307,FLORIDA HIGHWAY PATROL,08 TURNPIKE,ORANGE,"March 22, 2020",1441,MONDAY,7542 OCOEE,0742,N,SR 91,SR 50,0.2,S,28.54185,-81.5357099,0,0,75470112,0.247,03676,SR 91,,R RIGHT,X RAMP,W WEST,08 RAMP RURAL,06 TURNPIKE/TOLL,01 NON-JUNCTION,02 OFF ROADWAY,01 NOT AT INTERSECTION,01 PAVED,0,"December 31, 2000",,60,PAVED,10,LAWN,4,,0,,19400,RCI,17.8,,,2 POSSIBLE INJURY,31 Q/C COMPLETED - LOC VERIFIED,0 NO,08 EXIT RAMP,01 DAYLIGHT,02 CLOUDY,01 DRY,01 LEVEL,3 CURVE LEFT,"TWO-WAY, DIVIDED, POSITIVE MED","TWO-WAY, DIVIDED, POSITIVE MED",NO CONTROLS,NO CONTROLS,5,NONE,NOT CODED,NOT CODED,NONE,NOT CODED,NOT CODED,01 OVERTURN/ROLLOVER,77 OTHER (SEE NARRATIVE),03 TURNING LEFT,RAN OFF ROADWAY,NOT CODED,00 NOT CODED,00 NOT CODED,00 NOT CODED,00 NOT CODED,01 NO,1,0,0,0,1,0,3,2,N,N,Y,N,Y,N,N,N,N,N,N,N,N,N,N,N,N,N,N,N,N,N,N,N,N,N,28.54876017,-81.634371648,437945.115814,3158157.963845,O,,ARBM15Q1R2,"June 10, 2023",2826432,-9087497.03737225,3318338.400056054
2020872783130,2020,872783130,FHPD20OFF016942,FLORIDA HIGHWAY PATROL,05 FIFTH,ORANGE,"February 25, 2020",1635,WEDNESDAY,7546 ORLANDO,0746,N,SR 417,NARCOOSSEE RD,0.1,N,28.4044901,-81.2371997,28.4010853,-81.2431765,75301000,15.546,03195,SR 417,,L LEFT,2 THRU LANE 2,N NORTH,03 TOLL ROAD URBAN,03 STATE,01 NON-JUNCTION,01 ON ROADWAY,01 NOT AT INTERSECTION,01 PAVED,36,"November 12, 2019",12 URBAN PRIN ART EXPR.,24,PAVED WARN,8,VALLEY GUTR,3,LAWN,12,64,71000,RCI,5,,70,3 NO-INCAPACITATING INJURY,31 Q/C COMPLETED - LOC VERIFIED,0 NO,01 NOT AT INTERSECTION/RRX/BRIDGE,01 DAYLIGHT,03 RAIN,02 WET,04 DOWNHILL,1 STRAIGHT,"TWO-WAY, DIVIDED, UNPROTECTED","TWO-WAY, DIVIDED, UNPROTECTED",OTHER (SEE NARRATIVE),OTHER (SEE NARRATIVE),4,NONE,NOT CODED,NOT CODED,NONE,NOT CODED,NOT CODED,14 MOTOR VEHICLE IN TRANSPORT,03 ANGLE,01 STRAIGHT AHEAD,OPERATED MV IN CARLESS OR NEGL,NO CONTRIBUTING ACTION,00 NOT CODED,00 NOT CODED,00 NOT CODED,00 NOT CODED,01 NO,3,0,0,0,3,0,3,14,N,N,N,N,N,N,N,N,N,N,N,N,N,N,N,N,N,N,N,N,N,N,N,N,N,N,28.401773305,-81.242414716,476254.122607,3141734.056808,L,,ARBM15Q1R2,"June 10, 2023",2826436,-9043864.578095175,3299723.9685087083
2020883042690,2020,883042690,FHPD20OFF018997,FLORIDA HIGHWAY PATROL,05 FIFTH,ORANGE,"March 2, 2020",1915,TUESDAY,"7500 UNINCORPORATED, ORANGE",0700,N,POWERS DR,SILVER STAR RD,0,,28.5776299,-81.4677599,28.5776981,-81.4678045,75250000,5.314,06003,SR 438,,T SIDE RD LEFT,D DRIVEWAY,E EAST,30 URBAN 6+LN 2WY DIVD RASD,04 COUNTY,02 INTERSECTION,01 ON ROADWAY,02 FOUR-WAY INTERSECTION,03 CURB,38,"September 8, 2019",16 URBAN MINOR ART,36,CURB&GUTTER,2,,0,,0,20,40000,RCI,6.1,1D00,40,3 NO-INCAPACITATING INJURY,31 Q/C COMPLETED - LOC VERIFIED,0 NO,04 DRIVEWAY ACCESS,04 DARK-LIGHTED,01 CLEAR,01 DRY,01 LEVEL,1 STRAIGHT,"TWO-WAY, DIVIDED, POSITIVE MED","TWO-WAY, NOT DIV, W/CONT LTURN",NO CONTROLS,TRAFFIC CONTROL SIGNAL,6,NONE,NOT CODED,NOT CODED,NONE,NOT CODED,NOT CODED,14 MOTOR VEHICLE IN TRANSPORT,03 ANGLE,03 TURNING LEFT,OTHER CONTRIBUTING ACTION,NO CONTRIBUTING ACTION,00 NOT CODED,00 NOT CODED,00 NOT CODED,00 NOT CODED,01 NO,1,0,0,0,2,0,2,2,N,N,N,N,N,N,N,N,N,N,N,N,N,N,N,N,N,N,N,N,N,N,N,N,N,N,28.577783486,-81.467771606,454254.887466,3161298.4364,L,,ARBM15Q1R2,"June 10, 2023",2826736,-9068951.200288106,3322016.984189413
2020882852380,2020,882852380,FHPD20OFF018081,FLORIDA HIGHWAY PATROL,05 FIFTH,ORANGE,"February 28, 2020",2030,SATURDAY,7546 ORLANDO,0746,N,SR 482,CANADA AVE,0,,28.4500379,-81.4682188,28.449947,-81.4681002,75002000,0.514,02864,SR 482,,L LEFT,2 THRU LANE 2,E EAST,20 URBAN 4-5LN 2WY DIVD RASD,03 STATE,03 INTERSECTION-RELATED,01 ON ROADWAY,03 T-INTERSECTION,03 CURB,34,"May 19, 2015",17 URBAN MAJOR COLLECTOR,24,PAVED,5,CURB&GUTTER,2,,0,20,47500,RCI,2.6,,40,3 NO-INCAPACITATING INJURY,31 Q/C COMPLETED - LOC VERIFIED,0 NO,02 AT INTERSECTION,04 DARK-LIGHTED,02 CLOUDY,01 DRY,01 LEVEL,1 STRAIGHT,"TWO-WAY, NOT DIV, W/CONT LTURN","TWO-WAY, DIVIDED, POSITIVE MED",NO CONTROLS,NO CONTROLS,4,NONE,NOT CODED,NOT CODED,NONE,NOT CODED,NOT CODED,14 MOTOR VEHICLE IN TRANSPORT,03 ANGLE,03 TURNING LEFT,FAILED TO YIELD RIGHT-OF-WAY,NO CONTRIBUTING ACTION,00 NOT CODED,00 NOT CODED,00 NOT CODED,00 NOT CODED,01 NO,4,0,0,0,2,0,2,8,N,N,N,Y,N,N,N,N,N,N,N,N,N,N,N,N,N,N,N,N,Y,N,N,N,N,N,28.450014681,-81.468088103,454168.730595,3147143.62837,L,,ARBM15Q1R2,"June 10, 2023",2826744,-9068986.432116525,3305830.4067656132
2020882852390,2020,882852390,FHPD20OFF018147,FLORIDA HIGHWAY PATROL,05 FIFTH,ORANGE,"February 29, 2020",0341,SUNDAY,7546 ORLANDO,0746,N,SR 436,SR 50,0,,28.5562318,-81.3108831,28.5572805,-81.3107746,75003000,7.313,04792,SR 436,,R RIGHT,3 THRU LANE 3,N NORTH,30 URBAN 6+LN 2WY DIVD RASD,03 STATE,01 NON-JUNCTION,01 ON ROADWAY,01 NOT AT INTERSECTION,03 CURB,40,"March 2, 2020",14 URBAN PRIN ART OTHER,33,CURB&GUTTER,2,,0,,0,25,64500,RCI,4.2,,45,1 NO INJURY,31 Q/C COMPLETED - LOC VERIFIED,0 NO,02 AT INTERSECTION,04 DARK-LIGHTED,02 CLOUDY,01 DRY,01 LEVEL,1 STRAIGHT,"TWO-WAY, DIVIDED, UNPROTECTED","TWO-WAY, DIVIDED, UNPROTECTED",NO CONTROLS,NO CONTROLS,6,NONE,NOT CODED,NOT CODED,NONE,NOT CODED,NOT CODED,14 MOTOR VEHICLE IN TRANSPORT,03 ANGLE,06 CHANGING LANES,NOT CODED,NO CONTRIBUTING ACTION,00 NOT CODED,00 NOT CODED,00 NOT CODED,00 NOT CODED,01 NO,0,0,0,0,1,0,2,1,N,N,N,Y,N,N,N,N,N,N,N,N,N,N,N,N,N,N,N,N,N,N,N,N,N,N,28.557302404,-81.310706911,469609.043063,3158979.518984,R,,ARBM15Q1R2,"June 10, 2023",2826745,-9051466.83316164,3319420.9881439484
2020882852400,2020,882852400,FHPD20OFF018353,FLORIDA HIGHWAY PATROL,05 FIFTH,ORANGE,"February 29, 2020",2216,SUNDAY,7546 ORLANDO,0746,N,SR 551,SR 552,0,,28.5147349,-81.2896675,28.5156515,-81.2897349,75200000,2.72,02086,SR 551,,R RIGHT,1 THRU LANE 1,N NORTH,20 URBAN 4-5LN 2WY DIVD RASD,03 STATE,01 NON-JUNCTION,01 ON ROADWAY,01 NOT AT INTERSECTION,03 CURB,36,"February 11, 2020",16 URBAN MINOR ART,26,PAVED,4,CURB&GUTTER,2,,0,22,43500,RCI,4.6,,45,3 NO-INCAPACITATING INJURY,31 Q/C COMPLETED - LOC VERIFIED,0 NO,02 AT INTERSECTION,04 DARK-LIGHTED,02 CLOUDY,01 DRY,01 LEVEL,1 STRAIGHT,"TWO-WAY, DIVIDED, POSITIVE MED","TWO-WAY, NOT DIV, W/CONT LTURN",NO CONTROLS,NO CONTROLS,4,NONE,NOT CODED,NOT CODED,NONE,NOT CODED,NOT CODED,14 MOTOR VEHICLE IN TRANSPORT,03 ANGLE,01 STRAIGHT AHEAD,NOT CODED,OTHER CONTRIBUTING ACTION,00 NOT CODED,00 NOT CODED,00 NOT CODED,00 NOT CODED,01 NO,2,0,0,0,2,0,3,2,N,N,N,Y,N,N,N,N,N,N,N,N,N,N,N,N,N,N,N,N,Y,N,N,N,N,N,28.515252731,-81.289656919,471656.750486,3154315.906172,R,,ARBM15Q1R2,"June 10, 2023",2826746,-9049123.557961594,3314092.7346552066
2020882501550,2020,882501550,FHPD20OFF002541,FLORIDA HIGHWAY PATROL,05 FIFTH,ORANGE,"January 8, 2020",2307,THURSDAY,7554 WINTER PARK,0754,N,I 4,SR 426,0.25,N,28.59262,-81.38145,28.5954047,-81.3846705,75280000,21.552,00413,SR 400,I 4,R RIGHT,2 THRU LANE 2,E EAST,01 INTERSTATE URBAN,01 INTERSTATE,01 NON-JUNCTION,01 ON ROADWAY,01 NOT AT INTERSECTION,01 PAVED,25,"September 16, 2014",11 URBAN PRIN ART INT.,48,PAVED,10,LAWN,2,,0,12,135500,RCI,6.8,3D0000,50,1 NO INJURY,31 Q/C COMPLETED - LOC VERIFIED,0 NO,01 NOT AT INTERSECTION/RRX/BRIDGE,04 DARK-LIGHTED,01 CLEAR,01 DRY,01 LEVEL,1 STRAIGHT,"TWO-WAY, DIVIDED, POSITIVE MED","TWO-WAY, DIVIDED, POSITIVE MED",NO CONTROLS,NO CONTROLS,8,NONE,NOT CODED,NOT CODED,NONE,NOT CODED,NOT CODED,14 MOTOR VEHICLE IN TRANSPORT,"04 SIDESWIPE, SAME DIRECTION",01 STRAIGHT AHEAD,FAILED TO KEEP IN PROPER LANE,NO CONTRIBUTING ACTION,00 NOT CODED,00 NOT CODED,00 NOT CODED,00 NOT CODED,01 NO,0,0,0,0,2,0,2,3,N,N,N,N,Y,N,N,N,N,N,Y,N,N,N,N,N,N,N,N,N,N,N,N,N,N,N,28.595419026,-81.384680932,462386.981844,3163223.291261,R,,ARBM15Q1R2,"June 10, 2023",2826863,-9059701.586222326,3324252.7107881294
2020882021830,2020,882021830,FHPD20OFF013064,FLORIDA HIGHWAY PATROL,05 FIFTH,ORANGE,"February 13, 2020",0433,FRIDAY,7546 ORLANDO,0746,N,I 4,MILE MARKER #67,0.019,S,28.3692272,-81.5118024,28.3644476,-81.5161487,75280000,1.511,02338,SR 400,I 4,R RIGHT,S SIDE OF ROAD,U UNNWN,01 INTERSTATE URBAN,01 INTERSTATE,01 NON-JUNCTION,01 ON ROADWAY,01 NOT AT INTERSECTION,01 PAVED,39,"March 2, 2020",11 URBAN PRIN ART INT.,36,PAVED WARN,10,LAWN,2,,0,64,149500,RCI,8.9,,65,1 NO INJURY,31 Q/C COMPLETED - LOC VERIFIED,0 NO,01 NOT AT INTERSECTION/RRX/BRIDGE,04 DARK-LIGHTED,01 CLEAR,01 DRY,01 LEVEL,1 STRAIGHT,UNKNOWN,,NO CONTROLS,NOT CODED,6,NONE,NOT CODED,NOT CODED,NONE,NOT CODED,NOT CODED,"39 OTHER FIXED OBJECT (WALL, BUIL",77 OTHER (SEE NARRATIVE),88 UNKNOWN,OTHER CONTRIBUTING ACTION,NOT CODED,00 NOT CODED,00 NOT CODED,00 NOT CODED,00 NOT CODED,01 NO,0,0,0,0,1,0,1,1,N,N,N,N,Y,N,N,N,N,N,N,N,N,N,N,N,N,N,N,N,N,N,N,N,N,N,28.364439288,-81.516133796,449423.802024,3137682.476297,R,,ARBM15Q1R2,"June 10, 2023",2826925,-9074334.855466573,3295000.1006597257
2020882021860,2020,882021860,FHPD20OFF014859,FLORIDA HIGHWAY PATROL,05 FIFTH,ORANGE,"February 18, 2020",2128,WEDNESDAY,7554 WINTER PARK,0754,N,I 4,MILE MARKER #87,0.019,S,28.5950506,-81.3845453,28.5949896,-81.3841853,75280000,21.511,00413,SR 400,I 4,R RIGHT,3 THRU LANE 3,E EAST,01 INTERSTATE URBAN,01 INTERSTATE,01 NON-JUNCTION,01 ON ROADWAY,01 NOT AT INTERSECTION,01 PAVED,25,"September 16, 2014",11 URBAN PRIN ART INT.,48,PAVED,10,LAWN,2,,0,12,135500,RCI,6.8,,50,1 NO INJURY,31 Q/C COMPLETED - LOC VERIFIED,0 NO,01 NOT AT INTERSECTION/RRX/BRIDGE,04 DARK-LIGHTED,01 CLEAR,01 DRY,01 LEVEL,1 STRAIGHT,"TWO-WAY, DIVIDED, UNPROTECTED","TWO-WAY, DIVIDED, POSITIVE MED",NO CONTROLS,NO CONTROLS,8,NONE,NOT CODED,NOT CODED,NONE,NOT CODED,NOT CODED,14 MOTOR VEHICLE IN TRANSPORT,01 FRONT TO REAR,01 STRAIGHT AHEAD,OPERATED MV IN CARLESS OR NEGL,NO CONTRIBUTING ACTION,00 NOT CODED,00 NOT CODED,00 NOT CODED,00 NOT CODED,01 NO,0,0,0,0,2,0,2,2,N,N,N,N,N,N,N,N,N,N,N,N,N,N,N,N,N,N,N,N,N,N,N,N,N,N,28.594996577,-81.384204718,462433.394939,3163176.340322,R,,ARBM15Q1R2,"June 10, 2023",2826928,-9059648.574232548,3324199.150932177