Crash Id,Calendar Year,FDOT Crash Number,Reporting Agency Case Number,Reporting Agency Type,FDOT Managing District,County Name,Crash Date,Crash Time,Day,DHSMV City,Crash Report City Code,In Town,On Roadway Name,Int Roadway Name,Reference Distance (Miles),Reference Direction,Officer Latitude,Officer Longitude,FDOT Latitude,FDOT Longitude,FDOT Roadway,Nearest Inventory MP,Nearest Node From Crash,State Road #,US Highway,Crash Side of Road,Accident Lane Number,Travel Direction Vehicle 1,FDOT Road Category,DHSMV Road System Id,Relation to Junction,Crash Harmful Event Location,Intersection Type,Shoulder Type,FDOT Roadway SKID Test Result,FDOT Roadway SKID Test Date,Functional Class,RCI Surface Width,RCI Shoulder Type First,RCI Shoulder Width First,RCI Shoulder Type Second,RCI Shoulder Width Second,RCI Shoulder Type Third,RCI Shoulder Width Third,RCI Median Width,Avg Daily Traffic,AADT Source,RCI Avg Per Truck Traffic,RCI Horiz Curve Condition,Posted Speed Limit,Highest Injury in Crash,CAR Status Code,Alcohols/Drug Involved,Site Location,Lighting,Weather,Road Surface,Roadway Grade,Roadway Alignment,Traffic Way Vehicle 1,Traffic Way Vehicle 2,Traffic Control Vehicle 1,Traffic Control Vehicle 2,Count of Lanes,Road Condition 1,Road Condition 2,Road Condition 3,Environment Condition 1,Environment Condition 2,Environment Condition 3,Crash Harmful Event,Manner of Collision,Vehicle Movement,Driver Action Vehicle 1,Driver Action Vehicle 2,Location Within Workzone,Type of Workzone,Workers Present in Workzone,Law Enforcement Present in Workzone,School Bus Related,Count of Nonfatal Injuries,Count of Traffic Fatalities,Count of Serious Injuries,Count of Pedestrians,Count of Drivers,Count of Bicyclists,Count of Vehicles,Count of Persons,Wrong Way,Workzone Inv,Commercial Vehicle Inv,Intersection Inv,Lane Departure,Speeding,Agressive Driving,Impaired Driver,Impaired Pedestrian,Impaired Bicyclist,Distracted Driver,Speeding or Aggressive Driving,Pedestrian Related,Bicyclist Related,Pedestrian or Bicyclist Related,Motorcycle Inv,No Belt,No Belt - Ages 1-4,No Belt - Ages 5-12,No Belt - Ages 13-17,Driver - Ages Teen,Driver - Ages 65 plus,Driver - Ages 65-69,Driver - Ages 70-74,Driver - Ages 75-79,Driver - Ages 80 plus,ARBM Latitude,ARBM Longitude,UTM Zone 17N X,UTM Zone 17N Y,ARBM Side of Road,Urban Rural Indicator,GIS Street Source,Extract Date,OBJECTID,x,y
2020882781160,2020,882781160,FHPD20OFF002868,FLORIDA HIGHWAY PATROL,05 FIFTH,ORANGE,"January 9, 2020",2231,FRIDAY,7546 ORLANDO,0746,N,SR 417,CURRY FORD RD,0,,28.51003,-81.24944,28.5060904,-81.2457431,75300005,0,02841,SR 417,,R RIGHT,X RAMP,N NORTH,08 RAMP RURAL,04 COUNTY,01 NON-JUNCTION,01 ON ROADWAY,01 NOT AT INTERSECTION,03 CURB,0,"December 31, 2000",,24,PAVED,4,LAWN,10,,0,,8400,RCI,4.1,,,1 NO INJURY,31 Q/C COMPLETED - LOC VERIFIED,0 NO,08 EXIT RAMP,04 DARK-LIGHTED,01 CLEAR,01 DRY,01 LEVEL,1 STRAIGHT,"TWO-WAY, DIVIDED, POSITIVE MED","TWO-WAY, DIVIDED, POSITIVE MED",TRAFFIC CONTROL SIGNAL,TRAFFIC CONTROL SIGNAL,2,NONE,NOT CODED,NOT CODED,NONE,NOT CODED,NOT CODED,10 PEDESTRIAN,"04 SIDESWIPE, SAME DIRECTION",05 TURNING RIGHT,OTHER CONTRIBUTING ACTION,OTHER CONTRIBUTING ACTION,00 NOT CODED,00 NOT CODED,00 NOT CODED,00 NOT CODED,01 NO,0,0,0,0,2,0,2,2,N,N,Y,N,Y,N,N,N,N,N,Y,N,N,N,N,N,N,N,N,N,N,N,N,N,N,N,28.506097758,-81.245728306,475953.1532,3153292.0945,O,,ARBM15Q1R2,"June 10, 2023",2833937,-9044233.445785576,3312932.9595670626
2020882085050,2020,882085050,FHPK20OFF005116,FLORIDA HIGHWAY PATROL,08 TURNPIKE,ORANGE,"January 30, 2020",0757,FRIDAY,7546 ORLANDO,0746,N,SR 91,MM 256,0,,28.42435,-81.39623,28.4347419,-81.4100233,75470000,6.514,08910,SR 91,,L LEFT,4 THRU LANE 4,S SOUTH,03 TOLL ROAD URBAN,06 TURNPIKE/TOLL,01 NON-JUNCTION,01 ON ROADWAY,01 NOT AT INTERSECTION,01 PAVED,40,"November 11, 2019",12 URBAN PRIN ART EXPR.,48,PAVED WARN,10,LAWN,12,,0,26,112000,RCI,17.8,0D4500,70,2 POSSIBLE INJURY,31 Q/C COMPLETED - LOC VERIFIED,0 NO,01 NOT AT INTERSECTION/RRX/BRIDGE,01 DAYLIGHT,01 CLEAR,01 DRY,01 LEVEL,1 STRAIGHT,"TWO-WAY, DIVIDED, POSITIVE MED","TWO-WAY, DIVIDED, POSITIVE MED",NO CONTROLS,NO CONTROLS,8,NONE,NOT CODED,NOT CODED,WEATHER CONDITIONS,NOT CODED,NOT CODED,14 MOTOR VEHICLE IN TRANSPORT,77 OTHER (SEE NARRATIVE),01 STRAIGHT AHEAD,OPERATED MV IN CARLESS OR NEGL,NO CONTRIBUTING ACTION,00 NOT CODED,00 NOT CODED,00 NOT CODED,00 NOT CODED,01 NO,3,0,0,0,3,0,3,3,N,N,N,N,N,N,N,N,N,N,N,N,N,N,N,N,N,N,N,N,N,N,N,N,N,N,28.434609464,-81.410204075,459830.4877,3145416.284532,L,,ARBM15Q1R2,"June 10, 2023",2833971,-9062542.809652383,3303880.097484639
2020882085060,2020,882085060,FHPK20OFF005371,FLORIDA HIGHWAY PATROL,08 TURNPIKE,ORANGE,"January 31, 2020",0809,SATURDAY,7550 WINDERMERE,0750,N,SR 91,SR 408,0.095,N,28.5221699,-81.50923,28.5345961,-81.5271683,75470152,0.095,04067,SR 91,,R RIGHT,X RAMP,E EAST,08 RAMP RURAL,06 TURNPIKE/TOLL,14 ENTRANCE/EXIT RAMP,03 SHOULDER,01 NOT AT INTERSECTION,01 PAVED,0,"December 31, 2000",,16,PAVED,4,VALLEY GUTR,3.5,,0,,3700,RCI,17.8,,,1 NO INJURY,31 Q/C COMPLETED - LOC VERIFIED,0 NO,08 EXIT RAMP,01 DAYLIGHT,03 RAIN,02 WET,04 DOWNHILL,1 STRAIGHT,ONE-WAY TRAFFICWAY,,WARNING SIGN,NOT CODED,1,NONE,NOT CODED,NOT CODED,NONE,NOT CODED,NOT CODED,30 CONCRETE TRAFFIC BARRIER,77 OTHER (SEE NARRATIVE),15 NEGOTIATING A CURVE,OPERATED MV IN CARLESS OR NEGL,NOT CODED,00 NOT CODED,00 NOT CODED,00 NOT CODED,00 NOT CODED,01 NO,0,0,0,0,1,0,1,1,N,N,N,N,Y,N,N,N,N,N,N,N,N,N,N,N,N,N,N,N,N,N,N,N,N,N,28.53460853,-81.527151005,448426.835017,3156539.343298,O,,ARBM15Q1R2,"June 10, 2023",2833972,-9075561.286512144,3316545.1072703176
2020872261990,2020,872261990,FHPK20OFF003891,FLORIDA HIGHWAY PATROL,08 TURNPIKE,ORANGE,"January 22, 2020",1449,THURSDAY,7546 ORLANDO,0746,N,SR 91,SR 400,0.028,N,28.4674799,-81.4394599,0,0,75470144,1.023,08903,SR 91,,L LEFT,X RAMP,S SOUTH,08 RAMP RURAL,06 TURNPIKE/TOLL,01 NON-JUNCTION,02 OFF ROADWAY,01 NOT AT INTERSECTION,01 PAVED,0,"December 31, 2000",,24,PAVED,4,LAWN,12,,0,,16000,RCI,17.8,,,1 NO INJURY,31 Q/C COMPLETED - LOC VERIFIED,0 NO,08 EXIT RAMP,01 DAYLIGHT,03 RAIN,02 WET,04 DOWNHILL,2 CURVE RIGHT,"TWO-WAY, NOT DIV, W/CONT LTURN",,UNKNOWN,NOT CODED,2,NONE,NOT CODED,NOT CODED,NONE,NOT CODED,NOT CODED,33 UTILITY POLE/LIGHT SUPPORT,77 OTHER (SEE NARRATIVE),05 TURNING RIGHT,OPERATED MV IN CARLESS OR NEGL,NOT CODED,00 NOT CODED,00 NOT CODED,00 NOT CODED,00 NOT CODED,01 NO,0,0,0,0,1,0,1,1,N,N,N,N,N,N,N,N,N,N,N,N,N,N,N,N,N,N,N,N,N,N,N,N,N,N,28.475372309,-81.447389132,456205.878265,3149945.146358,O,,ARBM15Q1R2,"June 10, 2023",2834004,-9066682.232547628,3309041.316204762
2020882633510,2020,882633510,FHPD20OFF003972,FLORIDA HIGHWAY PATROL,05 FIFTH,ORANGE,"January 13, 2020",1734,TUESDAY,7546 ORLANDO,0746,N,I 4,SR 528,0.038,N,28.4247699,-81.47408,28.4225661,-81.4740745,75280000,6.386,01407,SR 400,I 4,L LEFT,3 THRU LANE 3,W WEST,01 INTERSTATE URBAN,01 INTERSTATE,01 NON-JUNCTION,01 ON ROADWAY,01 NOT AT INTERSECTION,01 PAVED,38,"March 2, 2020",11 URBAN PRIN ART INT.,36,PAVED WARN,12,,0,,0,64,204000,RCI,8,,60,2 POSSIBLE INJURY,31 Q/C COMPLETED - LOC VERIFIED,0 NO,01 NOT AT INTERSECTION/RRX/BRIDGE,04 DARK-LIGHTED,01 CLEAR,01 DRY,01 LEVEL,1 STRAIGHT,"TWO-WAY, DIVIDED, POSITIVE MED","TWO-WAY, DIVIDED, POSITIVE MED",NO CONTROLS,NO CONTROLS,6,NONE,NOT CODED,NOT CODED,NONE,NOT CODED,NOT CODED,14 MOTOR VEHICLE IN TRANSPORT,01 FRONT TO REAR,01 STRAIGHT AHEAD,OPERATED MV IN CARLESS OR NEGL,NO CONTRIBUTING ACTION,00 NOT CODED,00 NOT CODED,00 NOT CODED,00 NOT CODED,01 NO,2,0,0,0,3,0,3,3,N,N,N,N,N,N,N,N,N,N,Y,N,N,N,N,N,N,N,N,N,N,N,N,N,N,N,28.422500458,-81.474386868,453539.98269,3144097.901504,L,,ARBM15Q1R2,"June 10, 2023",2834055,-9069687.607511176,3302347.2894347403
2020882413290,2020,882413290,FHPD20OFF011921,FLORIDA HIGHWAY PATROL,05 FIFTH,ORANGE,"February 9, 2020",1816,MONDAY,7546 ORLANDO,0746,N,I 4,CENTRAL FLORIDA PKWY,0.114,S,28.4004429,-81.4847617,28.4086518,-81.4764595,75280000,5.392,03088,SR 400,I 4,L LEFT,4 THRU LANE 4,W WEST,01 INTERSTATE URBAN,01 INTERSTATE,01 NON-JUNCTION,01 ON ROADWAY,01 NOT AT INTERSECTION,01 PAVED,35,"March 2, 2020",11 URBAN PRIN ART INT.,48,PAVED WARN,12,,0,,0,64,204000,RCI,8,,60,2 POSSIBLE INJURY,31 Q/C COMPLETED - LOC VERIFIED,0 NO,01 NOT AT INTERSECTION/RRX/BRIDGE,04 DARK-LIGHTED,01 CLEAR,01 DRY,01 LEVEL,1 STRAIGHT,"TWO-WAY, DIVIDED, POSITIVE MED","TWO-WAY, DIVIDED, POSITIVE MED",NO CONTROLS,NO CONTROLS,8,NONE,NOT CODED,NOT CODED,NONE,NOT CODED,NOT CODED,14 MOTOR VEHICLE IN TRANSPORT,01 FRONT TO REAR,01 STRAIGHT AHEAD,OPERATED MV IN CARLESS OR NEGL,NO CONTRIBUTING ACTION,00 NOT CODED,00 NOT CODED,00 NOT CODED,00 NOT CODED,01 NO,1,0,0,0,2,0,2,2,N,N,N,N,N,N,N,N,N,N,Y,N,N,N,N,N,N,N,N,N,Y,N,N,N,N,N,28.408619938,-81.476902892,453287.476898,3142561.136054,L,,ARBM15Q1R2,"June 10, 2023",2834420,-9069967.69001881,3300590.4516530596
2020882413300,2020,882413300,FHPD20OFF012149,FLORIDA HIGHWAY PATROL,05 FIFTH,ORANGE,"February 10, 2020",1400,TUESDAY,7546 ORLANDO,0746,N,I 4,CENTRAL FLORIDA PKWY,0.076,S,28.3992,-81.4849399,0,0,75280000,5.43,03088,SR 400,I 4,M MEDIAN,M MIDDLE,W WEST,01 INTERSTATE URBAN,01 INTERSTATE,01 NON-JUNCTION,01 ON ROADWAY,01 NOT AT INTERSECTION,01 PAVED,35,"March 2, 2020",11 URBAN PRIN ART INT.,48,PAVED WARN,12,,0,,0,64,204000,RCI,8,,60,1 NO INJURY,31 Q/C COMPLETED - LOC VERIFIED,0 NO,01 NOT AT INTERSECTION/RRX/BRIDGE,01 DAYLIGHT,01 CLEAR,01 DRY,01 LEVEL,1 STRAIGHT,"TWO-WAY, DIVIDED, POSITIVE MED",,NO CONTROLS,NOT CODED,8,NONE,NOT CODED,NOT CODED,NONE,NOT CODED,NOT CODED,14 MOTOR VEHICLE IN TRANSPORT,77 OTHER (SEE NARRATIVE),16 LEAVING TRAFFIC LANE,OPERATED MV IN CARLESS OR NEGL,NOT CODED,00 NOT CODED,00 NOT CODED,00 NOT CODED,00 NOT CODED,01 NO,0,0,0,0,1,0,1,2,N,N,N,N,Y,N,N,N,N,N,Y,N,N,N,N,N,N,N,N,N,N,N,N,N,N,N,28.409101624,-81.476085869,453367.71609,3142614.182479,R,,ARBM15Q1R2,"June 10, 2023",2834421,-9069876.73939006,3300651.4141315655
2020882413330,2020,882413330,FHPD20OFF016404,FLORIDA HIGHWAY PATROL,05 FIFTH,ORANGE,"February 23, 2020",2347,MONDAY,7546 ORLANDO,0746,N,I 4,CENTRAL FL PKWY,0.019,S,28.4114154,-81.4747557,28.4097494,-81.4755126,75280000,5.487,04272,SR 400,I 4,R RIGHT,2 THRU LANE 2,E EAST,01 INTERSTATE URBAN,01 INTERSTATE,01 NON-JUNCTION,01 ON ROADWAY,01 NOT AT INTERSECTION,01 PAVED,35,"March 2, 2020",11 URBAN PRIN ART INT.,48,PAVED WARN,12,,0,,0,64,204000,RCI,8,2D0000,60,2 POSSIBLE INJURY,31 Q/C COMPLETED - LOC VERIFIED,0 NO,01 NOT AT INTERSECTION/RRX/BRIDGE,04 DARK-LIGHTED,01 CLEAR,01 DRY,01 LEVEL,3 CURVE LEFT,"TWO-WAY, DIVIDED, POSITIVE MED","TWO-WAY, DIVIDED, POSITIVE MED",NO CONTROLS,NO CONTROLS,8,NONE,NOT CODED,NOT CODED,NONE,NOT CODED,NOT CODED,14 MOTOR VEHICLE IN TRANSPORT,01 FRONT TO REAR,01 STRAIGHT AHEAD,OPERATED MV IN CARLESS OR NEGL,NO CONTRIBUTING ACTION,00 NOT CODED,00 NOT CODED,00 NOT CODED,00 NOT CODED,01 NO,1,0,0,0,2,0,2,2,N,N,N,N,N,N,N,N,N,N,Y,N,N,N,N,N,N,N,N,N,N,N,N,N,N,N,28.409769495,-81.475532116,453422.248598,3142687.957447,R,,ARBM15Q1R2,"June 10, 2023",2834423,-9069815.095964234,3300735.940595956
2020882085070,2020,882085070,FHPK20OFF005385,FLORIDA HIGHWAY PATROL,08 TURNPIKE,ORANGE,"January 31, 2020",1004,SATURDAY,7546 ORLANDO,0746,N,SR 528,ORANGE AVE,1,W,28.4440999,-81.3841599,28.4447524,-81.3815957,75471000,6.194,01617,SR 528,,R RIGHT,S SIDE OF ROAD,E EAST,03 TOLL ROAD URBAN,06 TURNPIKE/TOLL,01 NON-JUNCTION,02 OFF ROADWAY,01 NOT AT INTERSECTION,01 PAVED,38,"October 27, 2020",12 URBAN PRIN ART EXPR.,48,PAVED WARN,12,,0,,0,28,96000,RCI,10.3,,55,1 NO INJURY,31 Q/C COMPLETED - LOC VERIFIED,0 NO,01 NOT AT INTERSECTION/RRX/BRIDGE,01 DAYLIGHT,03 RAIN,02 WET,01 LEVEL,1 STRAIGHT,"TWO-WAY, DIVIDED, POSITIVE MED",,WARNING SIGN,NOT CODED,8,NONE,NOT CODED,NOT CODED,NONE,NOT CODED,NOT CODED,01 OVERTURN/ROLLOVER,77 OTHER (SEE NARRATIVE),01 STRAIGHT AHEAD,OPERATED MV IN CARLESS OR NEGL,NOT CODED,00 NOT CODED,00 NOT CODED,00 NOT CODED,00 NOT CODED,01 NO,0,0,0,0,1,0,1,1,N,N,N,N,Y,N,N,N,N,N,N,N,N,N,N,N,N,N,N,N,N,N,N,N,N,N,28.444868436,-81.381191872,462675.152391,3146543.46756,R,,ARBM15Q1R2,"June 10, 2023",2834513,-9059313.185030749,3305178.8579233927
2020882085080,2020,882085080,FHPK20OFF005581,FLORIDA HIGHWAY PATROL,08 TURNPIKE,ORANGE,"February 1, 2020",1108,SUNDAY,7546 ORLANDO,0746,N,SR 528,INTERNATIONAL DR,0.095,W,28.4209099,-81.4586099,28.4208996,-81.4617281,75471000,0.743,02437,SR 528,,R RIGHT,1 THRU LANE 1,E EAST,03 TOLL ROAD URBAN,06 TURNPIKE/TOLL,01 NON-JUNCTION,01 ON ROADWAY,01 NOT AT INTERSECTION,01 PAVED,37,"November 12, 2019",12 URBAN PRIN ART EXPR.,48,PAVED WARN,8,VALLEY GUTR,3.5,,0,38,89300,RCI,10.3,,55,1 NO INJURY,31 Q/C COMPLETED - LOC VERIFIED,0 NO,01 NOT AT INTERSECTION/RRX/BRIDGE,01 DAYLIGHT,01 CLEAR,01 DRY,01 LEVEL,1 STRAIGHT,"TWO-WAY, DIVIDED, POSITIVE MED","TWO-WAY, DIVIDED, POSITIVE MED",NO CONTROLS,NO CONTROLS,8,NONE,NOT CODED,NOT CODED,NONE,NOT CODED,NOT CODED,14 MOTOR VEHICLE IN TRANSPORT,77 OTHER (SEE NARRATIVE),06 CHANGING LANES,FAILED TO YIELD RIGHT-OF-WAY,NO CONTRIBUTING ACTION,00 NOT CODED,00 NOT CODED,00 NOT CODED,00 NOT CODED,01 NO,0,0,0,0,2,0,2,2,N,N,N,N,N,N,N,N,N,N,N,N,N,N,N,N,N,N,N,N,N,Y,Y,N,N,N,28.420897385,-81.461816288,454770.440882,3143915.519169,R,,ARBM15Q1R2,"June 10, 2023",2834514,-9068288.256542964,3302144.3790213605
2020882085100,2020,882085100,FHPK20OFF007130,FLORIDA HIGHWAY PATROL,08 TURNPIKE,ORANGE,"February 10, 2020",1156,TUESDAY,7546 ORLANDO,0746,N,SR 91,SR 400,1,S,28.4674799,-81.4394599,28.467098,-81.4390173,75470000,9.378,08820,SR 91,,R RIGHT,2 THRU LANE 2,N NORTH,03 TOLL ROAD URBAN,03 STATE,01 NON-JUNCTION,01 ON ROADWAY,01 NOT AT INTERSECTION,01 PAVED,40,"November 11, 2019",12 URBAN PRIN ART EXPR.,48,PAVED WARN,10,LAWN,12,,0,26,112000,RCI,17.8,,70,1 NO INJURY,31 Q/C COMPLETED - LOC VERIFIED,0 NO,01 NOT AT INTERSECTION/RRX/BRIDGE,01 DAYLIGHT,01 CLEAR,01 DRY,01 LEVEL,1 STRAIGHT,"TWO-WAY, DIVIDED, POSITIVE MED","TWO-WAY, DIVIDED, POSITIVE MED",NO CONTROLS,NO CONTROLS,8,NONE,NOT CODED,NOT CODED,NONE,NOT CODED,NOT CODED,14 MOTOR VEHICLE IN TRANSPORT,77 OTHER (SEE NARRATIVE),01 STRAIGHT AHEAD,OTHER CONTRIBUTING ACTION,NO CONTRIBUTING ACTION,00 NOT CODED,00 NOT CODED,00 NOT CODED,00 NOT CODED,01 NO,0,0,0,0,2,0,2,2,N,N,N,N,N,N,N,N,N,N,Y,N,N,N,N,N,N,N,N,N,N,N,N,N,N,N,28.467078294,-81.438996919,457024.029592,3149023.267974,R,,ARBM15Q1R2,"June 10, 2023",2834515,-9065748.015478626,3307991.0019654324
2020882198450,2020,882198450,FHPD20OFF010197,FLORIDA HIGHWAY PATROL,05 FIFTH,ORANGE,"February 4, 2020",0642,WEDNESDAY,7554 WINTER PARK,0754,N,SR 426,COACHLIGHT WAY,0,,28.6051399,-81.30472,28.6050538,-81.3048213,75090000,3.106,06742,SR 426,,L LEFT,2 THRU LANE 2,E EAST,20 URBAN 4-5LN 2WY DIVD RASD,03 STATE,02 INTERSECTION,01 ON ROADWAY,02 FOUR-WAY INTERSECTION,03 CURB,37,"February 11, 2020",16 URBAN MINOR ART,24,CURB&GUTTER,2,,0,,0,22,36000,RCI,3.1,,40,1 NO INJURY,31 Q/C COMPLETED - LOC VERIFIED,0 NO,02 AT INTERSECTION,03 DAWN,01 CLEAR,01 DRY,01 LEVEL,1 STRAIGHT,"TWO-WAY, DIVIDED, POSITIVE MED","TWO-WAY, DIVIDED, POSITIVE MED",NO CONTROLS,NO CONTROLS,4,NONE,NOT CODED,NOT CODED,NONE,NOT CODED,NOT CODED,14 MOTOR VEHICLE IN TRANSPORT,03 ANGLE,10 MAKING U-TURN,FAILED TO YIELD RIGHT-OF-WAY,NO CONTRIBUTING ACTION,00 NOT CODED,00 NOT CODED,00 NOT CODED,00 NOT CODED,01 NO,0,0,0,0,2,0,2,2,N,N,N,Y,N,N,N,N,N,N,N,N,N,N,N,N,N,N,N,N,N,N,N,N,N,N,28.605116322,-81.304794762,470200.8079,3164275.118738,L,,ARBM15Q1R2,"June 10, 2023",2834540,-9050808.695785278,3325482.2349473634
2020882639800,2020,882639800,FHPD20OFF015144,FLORIDA HIGHWAY PATROL,05 FIFTH,ORANGE,"February 19, 2020",1749,THURSDAY,7533 ORLANDO TRANSIT AUTHORITY,0733,N,SR 408,COLONIAL DR,0.015,S,28.5588,-81.1907999,28.5650414,-81.1904436,75008178,0.233,04827,SR 408,,R RIGHT,X RAMP,E EAST,08 RAMP RURAL,06 TURNPIKE/TOLL,01 NON-JUNCTION,01 ON ROADWAY,01 NOT AT INTERSECTION,01 PAVED,0,"December 31, 2000",,25,PAVED,10,LAWN,12,,0,,14000,RCI,4.1,,,2 POSSIBLE INJURY,31 Q/C COMPLETED - LOC VERIFIED,0 NO,08 EXIT RAMP,01 DAYLIGHT,01 CLEAR,01 DRY,01 LEVEL,1 STRAIGHT,"TWO-WAY, DIVIDED, POSITIVE MED","TWO-WAY, DIVIDED, POSITIVE MED",NO CONTROLS,NO CONTROLS,2,NONE,NOT CODED,NOT CODED,NONE,NOT CODED,NOT CODED,14 MOTOR VEHICLE IN TRANSPORT,01 FRONT TO REAR,01 STRAIGHT AHEAD,OPERATED MV IN CARLESS OR NEGL,NO CONTRIBUTING ACTION,00 NOT CODED,00 NOT CODED,00 NOT CODED,00 NOT CODED,01 NO,1,0,0,0,3,0,3,4,N,N,N,N,N,N,N,N,N,N,N,N,N,N,N,N,N,N,N,N,N,N,N,N,N,N,28.564844709,-81.190276254,481390.000184,3159790.471151,O,,ARBM15Q1R2,"June 10, 2023",2834588,-9038060.549941836,3320376.9241297306
2020882639810,2020,882639810,FHPD20OFF015293,FLORIDA HIGHWAY PATROL,05 FIFTH,ORANGE,"February 20, 2020",0748,FRIDAY,7533 ORLANDO TRANSIT AUTHORITY,0733,N,SR 408,MILE MARKER #6,0.008,W,28.5482248,-81.4460071,28.5482416,-81.4418909,75008000,1.338,00074,SR 408,,R RIGHT,2 THRU LANE 2,E EAST,03 TOLL ROAD URBAN,06 TURNPIKE/TOLL,01 NON-JUNCTION,01 ON ROADWAY,01 NOT AT INTERSECTION,01 PAVED,39,"March 2, 2020",12 URBAN PRIN ART EXPR.,36,PAVED WARN,8,VALLEY GUTR,3,,0,22,100000,RCI,4.5,,65,2 POSSIBLE INJURY,31 Q/C COMPLETED - LOC VERIFIED,0 NO,01 NOT AT INTERSECTION/RRX/BRIDGE,01 DAYLIGHT,02 CLOUDY,02 WET,01 LEVEL,1 STRAIGHT,"TWO-WAY, DIVIDED, POSITIVE MED","TWO-WAY, DIVIDED, POSITIVE MED",NO CONTROLS,NO CONTROLS,6,NONE,NOT CODED,NOT CODED,NONE,NOT CODED,NOT CODED,14 MOTOR VEHICLE IN TRANSPORT,01 FRONT TO REAR,01 STRAIGHT AHEAD,OPERATED MV IN CARLESS OR NEGL,NO CONTRIBUTING ACTION,00 NOT CODED,00 NOT CODED,00 NOT CODED,00 NOT CODED,01 NO,1,0,0,0,2,0,2,2,N,N,N,N,N,N,N,N,N,N,N,N,N,N,N,N,N,N,N,N,N,N,N,N,N,N,28.548244658,-81.441921001,456770.873386,3158016.345641,R,,ARBM15Q1R2,"June 10, 2023",2834589,-9066073.523129253,3318273.070882617
2020882639820,2020,882639820,FHPD20OFF015345,FLORIDA HIGHWAY PATROL,05 FIFTH,ORANGE,"February 20, 2020",1027,FRIDAY,7533 ORLANDO TRANSIT AUTHORITY,0733,N,SR 408,JOHN YOUNG PKWY,0.008,W,28.5427,-81.4137999,28.5428107,-81.4141593,75008000,3.123,01511,SR 408,,L LEFT,3 THRU LANE 3,W WEST,03 TOLL ROAD URBAN,06 TURNPIKE/TOLL,01 NON-JUNCTION,01 ON ROADWAY,01 NOT AT INTERSECTION,01 PAVED,39,"March 2, 2020",12 URBAN PRIN ART EXPR.,36,PAVED WARN,8,VALLEY GUTR,0,,0,16,100000,RCI,4.5,,65,3 NO-INCAPACITATING INJURY,31 Q/C COMPLETED - LOC VERIFIED,0 NO,01 NOT AT INTERSECTION/RRX/BRIDGE,01 DAYLIGHT,01 CLEAR,01 DRY,01 LEVEL,1 STRAIGHT,"TWO-WAY, DIVIDED, POSITIVE MED","TWO-WAY, DIVIDED, POSITIVE MED",NO CONTROLS,NO CONTROLS,6,NONE,NOT CODED,NOT CODED,NONE,NOT CODED,NOT CODED,14 MOTOR VEHICLE IN TRANSPORT,01 FRONT TO REAR,06 CHANGING LANES,FAILED TO YIELD RIGHT-OF-WAY,NO CONTRIBUTING ACTION,00 NOT CODED,00 NOT CODED,00 NOT CODED,00 NOT CODED,"02 YES, SCHOOL BUS DIRECTLY INVOL",2,0,0,0,2,0,2,2,N,N,Y,N,N,N,N,N,N,N,N,N,N,N,N,N,N,N,N,N,N,N,N,N,N,N,28.54301326,-81.414133998,459487.049051,3157427.077898,L,,ARBM15Q1R2,"June 10, 2023",2834590,-9062980.28710763,3317610.1244633486
2020882639950,2020,882639950,FHPD20OFF020172,FLORIDA HIGHWAY PATROL,05 FIFTH,ORANGE,"March 6, 2020",1025,SATURDAY,7533 ORLANDO TRANSIT AUTHORITY,0733,N,SR 417,JOHN YOUNG PKWY,0.5,S,28.3637,-81.4364,28.3676783,-81.4315886,75301000,3.07,05357,SR 417,,M MEDIAN,M MIDDLE,S SOUTH,03 TOLL ROAD URBAN,06 TURNPIKE/TOLL,01 NON-JUNCTION,03 SHOULDER,01 NOT AT INTERSECTION,01 PAVED,36,"November 12, 2019",12 URBAN PRIN ART EXPR.,24,PAVED,8,VALLEY GUTR,3,,0,65,73500,RCI,5,,70,2 POSSIBLE INJURY,31 Q/C COMPLETED - LOC VERIFIED,0 NO,01 NOT AT INTERSECTION/RRX/BRIDGE,01 DAYLIGHT,01 CLEAR,01 DRY,01 LEVEL,1 STRAIGHT,"TWO-WAY, DIVIDED, POSITIVE MED",,NO CONTROLS,NOT CODED,4,NONE,NOT CODED,NOT CODED,NONE,NOT CODED,NOT CODED,27 GUARDRAIL FACE,77 OTHER (SEE NARRATIVE),01 STRAIGHT AHEAD,OPERATED MV IN CARLESS OR NEGL,NOT CODED,00 NOT CODED,00 NOT CODED,00 NOT CODED,00 NOT CODED,01 NO,2,0,0,0,1,0,1,2,N,N,N,N,Y,N,N,N,N,N,N,N,N,N,N,N,N,N,N,N,N,N,N,N,N,N,28.367531717,-81.431736503,457695.254654,3137992.563774,R,,ARBM15Q1R2,"June 10, 2023",2834691,-9064939.78897613,3295391.322319996
2020882423690,2020,882423690,FHPD20OFF001623,FLORIDA HIGHWAY PATROL,05 FIFTH,ORANGE,"January 6, 2020",0609,TUESDAY,7533 ORLANDO TRANSIT AUTHORITY,0733,N,SR 528,SR 520,2,W,28.4530436,-81.0173052,28.4523555,-81.0122687,75002000,28.32,01886,SR 528,,L LEFT,2 THRU LANE 2,W WEST,04 TOLL ROAD RURAL,06 TURNPIKE/TOLL,01 NON-JUNCTION,01 ON ROADWAY,01 NOT AT INTERSECTION,01 PAVED,38,"April 2, 2018",02 RURAL PRIN ART EXPR.,24,PAVED WARN,10,LAWN,12,,0,42,56500,RCI,8.9,,70,1 NO INJURY,31 Q/C COMPLETED - LOC VERIFIED,0 NO,01 NOT AT INTERSECTION/RRX/BRIDGE,04 DARK-LIGHTED,01 CLEAR,01 DRY,01 LEVEL,1 STRAIGHT,"TWO-WAY, DIVIDED, POSITIVE MED","TWO-WAY, DIVIDED, POSITIVE MED",NO CONTROLS,NO CONTROLS,4,NONE,NOT CODED,NOT CODED,NONE,NOT CODED,NOT CODED,14 MOTOR VEHICLE IN TRANSPORT,01 FRONT TO REAR,01 STRAIGHT AHEAD,NOT CODED,OTHER CONTRIBUTING ACTION,00 NOT CODED,00 NOT CODED,00 NOT CODED,00 NOT CODED,01 NO,0,0,0,0,1,0,2,1,N,N,N,N,N,N,N,N,N,N,N,N,N,N,N,N,N,N,N,N,N,N,N,N,N,N,28.452542165,-81.012042834,498820.90171,3147334.500097,L,,ARBM15Q1R2,"June 10, 2023",2834750,-9018219.690243734,3306150.416382049