Crash Id,Calendar Year,FDOT Crash Number,Reporting Agency Case Number,Reporting Agency Type,FDOT Managing District,County Name,Crash Date,Crash Time,Day,DHSMV City,Crash Report City Code,In Town,On Roadway Name,Int Roadway Name,Reference Distance (Miles),Reference Direction,Officer Latitude,Officer Longitude,FDOT Latitude,FDOT Longitude,FDOT Roadway,Nearest Inventory MP,Nearest Node From Crash,State Road #,US Highway,Crash Side of Road,Accident Lane Number,Travel Direction Vehicle 1,FDOT Road Category,DHSMV Road System Id,Relation to Junction,Crash Harmful Event Location,Intersection Type,Shoulder Type,FDOT Roadway SKID Test Result,FDOT Roadway SKID Test Date,Functional Class,RCI Surface Width,RCI Shoulder Type First,RCI Shoulder Width First,RCI Shoulder Type Second,RCI Shoulder Width Second,RCI Shoulder Type Third,RCI Shoulder Width Third,RCI Median Width,Avg Daily Traffic,AADT Source,RCI Avg Per Truck Traffic,RCI Horiz Curve Condition,Posted Speed Limit,Highest Injury in Crash,CAR Status Code,Alcohols/Drug Involved,Site Location,Lighting,Weather,Road Surface,Roadway Grade,Roadway Alignment,Traffic Way Vehicle 1,Traffic Way Vehicle 2,Traffic Control Vehicle 1,Traffic Control Vehicle 2,Count of Lanes,Road Condition 1,Road Condition 2,Road Condition 3,Environment Condition 1,Environment Condition 2,Environment Condition 3,Crash Harmful Event,Manner of Collision,Vehicle Movement,Driver Action Vehicle 1,Driver Action Vehicle 2,Location Within Workzone,Type of Workzone,Workers Present in Workzone,Law Enforcement Present in Workzone,School Bus Related,Count of Nonfatal Injuries,Count of Traffic Fatalities,Count of Serious Injuries,Count of Pedestrians,Count of Drivers,Count of Bicyclists,Count of Vehicles,Count of Persons,Wrong Way,Workzone Inv,Commercial Vehicle Inv,Intersection Inv,Lane Departure,Speeding,Agressive Driving,Impaired Driver,Impaired Pedestrian,Impaired Bicyclist,Distracted Driver,Speeding or Aggressive Driving,Pedestrian Related,Bicyclist Related,Pedestrian or Bicyclist Related,Motorcycle Inv,No Belt,No Belt - Ages 1-4,No Belt - Ages 5-12,No Belt - Ages 13-17,Driver - Ages Teen,Driver - Ages 65 plus,Driver - Ages 65-69,Driver - Ages 70-74,Driver - Ages 75-79,Driver - Ages 80 plus,ARBM Latitude,ARBM Longitude,UTM Zone 17N X,UTM Zone 17N Y,ARBM Side of Road,Urban Rural Indicator,GIS Street Source,Extract Date,OBJECTID,x,y
2020898476500,2020,898476500,2020TA003365,COUNTY SHERIFF'S OFFICE,05 FIFTH,ORANGE,"March 12, 2020",1740,FRIDAY,7554 WINTER PARK,0754,Y,ALOMA AVE,ST ANDREWS BLVD,0.022,E,28.601402,-81.320748,28.6012972,-81.3207843,75090000,2.101,02044,SR 426,,L LEFT,1 THRU LANE 1,W WEST,20 URBAN 4-5LN 2WY DIVD RASD,03 STATE,03 INTERSECTION-RELATED,01 ON ROADWAY,01 NOT AT INTERSECTION,03 CURB,41,"February 11, 2020",14 URBAN PRIN ART OTHER,26,CURB&GUTTER,2,,0,,0,19,41000,RCI,3.6,,35,1 NO INJURY,31 Q/C COMPLETED - LOC VERIFIED,1 ALC,03 INFLUENCED BY INTERSECTION,01 DAYLIGHT,01 CLEAR,01 DRY,01 LEVEL,1 STRAIGHT,"TWO-WAY, NOT DIV, W/CONT LTURN","TWO-WAY, NOT DIV, W/CONT LTURN",TRAFFIC CONTROL SIGNAL,TRAFFIC CONTROL SIGNAL,4,NONE,NOT CODED,NOT CODED,NONE,NOT CODED,NOT CODED,14 MOTOR VEHICLE IN TRANSPORT,01 FRONT TO REAR,77 OTHER (SEE NARRATIVE),OPERATED MV IN CARLESS OR NEGL,NO CONTRIBUTING ACTION,00 NOT CODED,00 NOT CODED,00 NOT CODED,00 NOT CODED,01 NO,0,0,0,0,4,0,4,8,N,N,N,Y,N,N,N,Y,N,N,N,N,N,N,N,N,N,N,N,N,N,N,N,N,N,N,28.601379868,-81.320774246,468637.40652,3163865.255831,L,,ARBM15Q1R2,"June 10, 2023",2914762,-9052587.52441546,3325008.4750228506
2020879734350,2020,879734350,2020TA000095,COUNTY SHERIFF'S OFFICE,05 FIFTH,ORANGE,"January 2, 2020",1615,FRIDAY,7540 MAITLAND,0740,Y,US 17,HORATIO AVE,0.006,S,0,0,28.6277431,-81.3635208,75030000,7.774,01001,SR 15,US 17,R RIGHT,3 THRU LANE 3,N NORTH,30 URBAN 6+LN 2WY DIVD RASD,02 U.S.,01 NON-JUNCTION,01 ON ROADWAY,01 NOT AT INTERSECTION,03 CURB,41,"March 1, 2020",14 URBAN PRIN ART OTHER,31,CURB&GUTTER,2,,0,,0,21,33000,RCI,3.6,,40,1 NO INJURY,31 Q/C COMPLETED - LOC VERIFIED,0 NO,03 INFLUENCED BY INTERSECTION,01 DAYLIGHT,01 CLEAR,01 DRY,01 LEVEL,1 STRAIGHT,"TWO-WAY, DIVIDED, UNPROTECTED","TWO-WAY, DIVIDED, UNPROTECTED",NO CONTROLS,TRAFFIC CONTROL SIGNAL,6,NONE,NOT CODED,NOT CODED,NONE,NOT CODED,NOT CODED,14 MOTOR VEHICLE IN TRANSPORT,"04 SIDESWIPE, SAME DIRECTION",01 STRAIGHT AHEAD,SWERVED OR AVOIDED:  DUE TO WI,NO CONTRIBUTING ACTION,00 NOT CODED,00 NOT CODED,00 NOT CODED,00 NOT CODED,01 NO,0,0,0,0,2,0,2,2,N,N,N,Y,N,N,N,N,N,N,N,N,N,N,N,N,N,N,N,N,N,Y,N,N,N,Y,28.627726659,-81.363428504,464475.872134,3166796.040089,R,,ARBM15Q1R2,"June 10, 2023",2915102,-9057335.776113478,3328349.4492034335
2020881271310,2020,881271310,FHPK20OFF002659,FLORIDA HIGHWAY PATROL,08 TURNPIKE,ORANGE,"January 15, 2020",0807,THURSDAY,7546 ORLANDO,0746,N,SR 91,MILE MARKER #255,0,,28.42435,-81.39623,28.425439,-81.3974957,75470000,5.514,08810,SR 91,,L LEFT,4 THRU LANE 4,S SOUTH,03 TOLL ROAD URBAN,06 TURNPIKE/TOLL,01 NON-JUNCTION,01 ON ROADWAY,01 NOT AT INTERSECTION,01 PAVED,30,"March 15, 2017",12 URBAN PRIN ART EXPR.,24,PAVED WARN,10,LAWN,12,,0,40,77400,RCI,17.8,1D0000,70,2 POSSIBLE INJURY,31 Q/C COMPLETED - LOC VERIFIED,0 NO,01 NOT AT INTERSECTION/RRX/BRIDGE,01 DAYLIGHT,01 CLEAR,01 DRY,01 LEVEL,1 STRAIGHT,"TWO-WAY, DIVIDED, POSITIVE MED","TWO-WAY, DIVIDED, POSITIVE MED",NO CONTROLS,NO CONTROLS,4,NONE,NOT CODED,NOT CODED,NONE,NOT CODED,NOT CODED,14 MOTOR VEHICLE IN TRANSPORT,77 OTHER (SEE NARRATIVE),01 STRAIGHT AHEAD,OPERATED MV IN CARLESS OR NEGL,NO CONTRIBUTING ACTION,00 NOT CODED,00 NOT CODED,00 NOT CODED,00 NOT CODED,01 NO,1,0,0,0,5,0,5,5,N,N,N,N,N,N,N,N,N,N,N,N,N,N,N,N,N,N,N,N,N,N,N,N,N,N,28.425331152,-81.397656497,461055.83245,3144384.275337,L,,ARBM15Q1R2,"June 10, 2023",2915129,-9061146.019225698,3302705.5948256096
2020881271330,2020,881271330,FHPK20OFF003657,FLORIDA HIGHWAY PATROL,08 TURNPIKE,ORANGE,"January 21, 2020",0838,WEDNESDAY,7546 ORLANDO,0746,N,SR 91,MILE MARKER #255,0,,28.42435,-81.39623,28.425439,-81.3974957,75470000,5.514,08810,SR 91,,L LEFT,4 THRU LANE 4,S SOUTH,03 TOLL ROAD URBAN,06 TURNPIKE/TOLL,01 NON-JUNCTION,01 ON ROADWAY,01 NOT AT INTERSECTION,01 PAVED,30,"March 15, 2017",12 URBAN PRIN ART EXPR.,24,PAVED WARN,10,LAWN,12,,0,40,77400,RCI,17.8,1D0000,70,3 NO-INCAPACITATING INJURY,31 Q/C COMPLETED - LOC VERIFIED,0 NO,01 NOT AT INTERSECTION/RRX/BRIDGE,01 DAYLIGHT,01 CLEAR,01 DRY,01 LEVEL,1 STRAIGHT,"TWO-WAY, DIVIDED, POSITIVE MED","TWO-WAY, DIVIDED, POSITIVE MED",NO CONTROLS,NO CONTROLS,4,NONE,NOT CODED,NOT CODED,NONE,NOT CODED,NOT CODED,14 MOTOR VEHICLE IN TRANSPORT,77 OTHER (SEE NARRATIVE),01 STRAIGHT AHEAD,OPERATED MV IN CARLESS OR NEGL,NO CONTRIBUTING ACTION,00 NOT CODED,00 NOT CODED,00 NOT CODED,00 NOT CODED,01 NO,4,0,0,0,6,0,6,7,N,N,N,N,N,N,N,N,N,N,N,N,N,N,N,N,N,N,N,N,N,N,N,N,N,N,28.425331152,-81.397656497,461055.83245,3144384.275337,L,,ARBM15Q1R2,"June 10, 2023",2915131,-9061146.019225698,3302705.5948256096
2020881271340,2020,881271340,FHPK20OFF004094,FLORIDA HIGHWAY PATROL,08 TURNPIKE,ORANGE,"January 23, 2020",0832,FRIDAY,7546 ORLANDO,0746,N,SR 91,MILE MARKER #251,0,,28.3647099,-81.3890499,28.3691154,-81.3895558,75470000,1.523,04958,SR 91,,R RIGHT,1 THRU LANE 1,S SOUTH,03 TOLL ROAD URBAN,06 TURNPIKE/TOLL,01 NON-JUNCTION,01 ON ROADWAY,01 NOT AT INTERSECTION,01 PAVED,30,"March 15, 2017",12 URBAN PRIN ART EXPR.,24,PAVED WARN,12,LAWN,0,,0,40,77400,RCI,17.8,,70,1 NO INJURY,31 Q/C COMPLETED - LOC VERIFIED,0 NO,01 NOT AT INTERSECTION/RRX/BRIDGE,01 DAYLIGHT,01 CLEAR,01 DRY,01 LEVEL,1 STRAIGHT,"TWO-WAY, DIVIDED, POSITIVE MED","TWO-WAY, DIVIDED, POSITIVE MED",NO CONTROLS,NO CONTROLS,4,NONE,NOT CODED,NOT CODED,NONE,NOT CODED,NOT CODED,14 MOTOR VEHICLE IN TRANSPORT,77 OTHER (SEE NARRATIVE),01 STRAIGHT AHEAD,OPERATED MV IN CARLESS OR NEGL,NO CONTRIBUTING ACTION,00 NOT CODED,00 NOT CODED,00 NOT CODED,00 NOT CODED,01 NO,0,0,0,0,6,0,6,6,N,N,N,N,N,N,N,N,N,N,N,N,N,N,N,N,N,N,N,N,N,N,N,N,N,N,28.369060866,-81.389554635,461829.13139,3138147.891325,R,,ARBM15Q1R2,"June 10, 2023",2915132,-9060244.12355155,3295584.7783453013
2020898476550,2020,898476550,2020TA003427,COUNTY SHERIFF'S OFFICE,05 FIFTH,ORANGE,"March 14, 2020",1435,SUNDAY,7554 WINTER PARK,0754,Y,ALOMA AVE,PHELPS AVE,0,,28.600455,-81.33115,28.6004484,-81.3311653,75090000,1.463,06726,SR 426,,R RIGHT,1 THRU LANE 1,N NORTH,22 URBAN 4-5LN 2WY UNDIVD,03 STATE,02 INTERSECTION,01 ON ROADWAY,02 FOUR-WAY INTERSECTION,03 CURB,41,"February 11, 2020",14 URBAN PRIN ART OTHER,44,CURB&GUTTER,2,,0,,0,,38500,RCI,1.6,1D0000,35,1 NO INJURY,31 Q/C COMPLETED - LOC VERIFIED,0 NO,02 AT INTERSECTION,01 DAYLIGHT,01 CLEAR,01 DRY,01 LEVEL,1 STRAIGHT,"TWO-WAY, NOT DIV, W/CONT LTURN","TWO-WAY, NOT DIVIDED",TRAFFIC CONTROL SIGNAL,TRAFFIC CONTROL SIGNAL,4,NONE,NOT CODED,NOT CODED,NONE,NOT CODED,NOT CODED,14 MOTOR VEHICLE IN TRANSPORT,03 ANGLE,03 TURNING LEFT,FAILED TO YIELD RIGHT-OF-WAY,NO CONTRIBUTING ACTION,00 NOT CODED,00 NOT CODED,00 NOT CODED,00 NOT CODED,01 NO,0,0,0,0,2,0,2,3,N,N,N,Y,N,N,N,N,N,N,N,N,N,N,N,N,N,N,N,N,Y,N,N,N,N,N,28.600454681,-81.331143613,467623.287847,3163765.519284,C,,ARBM15Q1R2,"June 10, 2023",2915177,-9053741.837432863,3324891.1694718455
2020898476510,2020,898476510,2020TA003391,COUNTY SHERIFF'S OFFICE,05 FIFTH,ORANGE,"March 13, 2020",1011,SATURDAY,7554 WINTER PARK,0754,Y,PHELPS AVE,ALOMA AVE,0,,28.600441,-81.331163,28.6004484,-81.3311653,75090000,1.463,06726,SR 426,,I INTERSECTION,M MIDDLE,E EAST,22 URBAN 4-5LN 2WY UNDIVD,03 STATE,02 INTERSECTION,01 ON ROADWAY,02 FOUR-WAY INTERSECTION,03 CURB,41,"February 11, 2020",14 URBAN PRIN ART OTHER,44,CURB&GUTTER,2,,0,,0,,38500,RCI,1.6,1D0000,35,2 POSSIBLE INJURY,31 Q/C COMPLETED - LOC VERIFIED,0 NO,02 AT INTERSECTION,01 DAYLIGHT,01 CLEAR,01 DRY,01 LEVEL,1 STRAIGHT,"TWO-WAY, NOT DIVIDED","TWO-WAY, NOT DIVIDED",TRAFFIC CONTROL SIGNAL,TRAFFIC CONTROL SIGNAL,4,NONE,NOT CODED,NOT CODED,NONE,NOT CODED,NOT CODED,14 MOTOR VEHICLE IN TRANSPORT,03 ANGLE,01 STRAIGHT AHEAD,RAN RED LIGHT,NO CONTRIBUTING ACTION,00 NOT CODED,00 NOT CODED,00 NOT CODED,00 NOT CODED,01 NO,1,0,0,0,2,0,2,2,N,N,N,Y,N,N,N,N,N,N,Y,N,N,N,N,N,N,N,N,N,N,Y,N,N,Y,Y,28.600454681,-81.331143613,467623.287847,3163765.519284,C,,ARBM15Q1R2,"June 10, 2023",2915312,-9053741.837432863,3324891.1694718455
2020898476530,2020,898476530,2020TA003408,COUNTY SHERIFF'S OFFICE,05 FIFTH,ORANGE,"March 13, 2020",1601,SATURDAY,7554 WINTER PARK,0754,Y,FAIRBANKS AVE W,WARD AVE,0,,28.593072,-81.362935,28.5930723,-81.3628614,75006000,1.223,01045,SR 426,,R RIGHT,2 THRU LANE 2,S SOUTH,22 URBAN 4-5LN 2WY UNDIVD,03 STATE,02 INTERSECTION,01 ON ROADWAY,02 FOUR-WAY INTERSECTION,03 CURB,45,"September 8, 2019",14 URBAN PRIN ART OTHER,40,RAISED CURB,1,,0,,0,,23500,RCI,3.1,,35,1 NO INJURY,31 Q/C COMPLETED - LOC VERIFIED,0 NO,02 AT INTERSECTION,01 DAYLIGHT,01 CLEAR,01 DRY,01 LEVEL,1 STRAIGHT,"TWO-WAY, NOT DIVIDED","TWO-WAY, NOT DIVIDED",STOP SIGN,NO CONTROLS,4,NONE,NOT CODED,NOT CODED,NONE,NOT CODED,NOT CODED,14 MOTOR VEHICLE IN TRANSPORT,03 ANGLE,01 STRAIGHT AHEAD,DISREGARDED OTHER TRAFFIC SIGN,NO CONTRIBUTING ACTION,00 NOT CODED,00 NOT CODED,00 NOT CODED,00 NOT CODED,01 NO,0,0,0,0,2,0,2,2,N,N,N,Y,N,N,Y,N,N,N,Y,Y,N,N,N,N,N,N,N,N,N,Y,Y,N,N,N,28.593084602,-81.362938581,464512.119597,3162958.031261,C,,ARBM15Q1R2,"June 10, 2023",2915313,-9057281.238019355,3323956.745282065
2020882819150,2020,882819150,FHPD20OFF006266,FLORIDA HIGHWAY PATROL,05 FIFTH,ORANGE,"January 21, 2020",1405,WEDNESDAY,"7500 UNINCORPORATED, ORANGE",0700,N,I 4,SR 536,0.5,N,28.3656995,-81.5149814,28.3654394,-81.5152605,75280000,1.598,02338,SR 400,I 4,R RIGHT,3 THRU LANE 3,E EAST,01 INTERSTATE URBAN,01 INTERSTATE,01 NON-JUNCTION,01 ON ROADWAY,01 NOT AT INTERSECTION,01 PAVED,39,"March 2, 2020",11 URBAN PRIN ART INT.,36,PAVED WARN,10,LAWN,2,,0,64,149500,RCI,8.9,,65,1 NO INJURY,31 Q/C COMPLETED - LOC VERIFIED,0 NO,01 NOT AT INTERSECTION/RRX/BRIDGE,01 DAYLIGHT,02 CLOUDY,01 DRY,01 LEVEL,1 STRAIGHT,"TWO-WAY, DIVIDED, POSITIVE MED","TWO-WAY, DIVIDED, POSITIVE MED",NO CONTROLS,NO CONTROLS,6,NONE,NOT CODED,NOT CODED,NONE,NOT CODED,NOT CODED,14 MOTOR VEHICLE IN TRANSPORT,01 FRONT TO REAR,01 STRAIGHT AHEAD,OPERATED MV IN CARLESS OR NEGL,NO CONTRIBUTING ACTION,00 NOT CODED,00 NOT CODED,00 NOT CODED,00 NOT CODED,01 NO,0,0,0,0,2,0,2,2,N,N,N,N,N,N,N,N,N,N,Y,N,N,N,N,N,N,N,N,N,N,N,N,N,N,N,28.365431111,-81.51524542,449511.325176,3137791.98167,R,,ARBM15Q1R2,"June 10, 2023",2925539,-9074235.961801242,3295125.574381948
2020882819160,2020,882819160,FHPD20OFF006270,FLORIDA HIGHWAY PATROL,05 FIFTH,ORANGE,"January 21, 2020",1410,WEDNESDAY,"7500 UNINCORPORATED, ORANGE",0700,N,SR 417,HUNTERS VISTA BLVD,0.17,S,28.35572,-81.4581199,28.3563724,-81.4550256,75301000,1.395,01352,SR 417,,R RIGHT,3 THRU LANE 3,N NORTH,03 TOLL ROAD URBAN,06 TURNPIKE/TOLL,01 NON-JUNCTION,01 ON ROADWAY,01 NOT AT INTERSECTION,01 PAVED,36,"November 12, 2019",12 URBAN PRIN ART EXPR.,24,PAVED WARN,10,VALLEY GUTR,3,,0,62,73500,RCI,5,,70,2 POSSIBLE INJURY,31 Q/C COMPLETED - LOC VERIFIED,0 NO,01 NOT AT INTERSECTION/RRX/BRIDGE,01 DAYLIGHT,02 CLOUDY,01 DRY,01 LEVEL,1 STRAIGHT,"TWO-WAY, DIVIDED, POSITIVE MED","TWO-WAY, DIVIDED, POSITIVE MED",NO CONTROLS,NO CONTROLS,4,NONE,NOT CODED,NOT CODED,NONE,NOT CODED,NOT CODED,14 MOTOR VEHICLE IN TRANSPORT,01 FRONT TO REAR,01 STRAIGHT AHEAD,OPERATED MV IN CARLESS OR NEGL,NO CONTRIBUTING ACTION,00 NOT CODED,00 NOT CODED,00 NOT CODED,00 NOT CODED,01 NO,4,0,0,0,2,0,2,5,N,N,Y,N,N,N,N,N,N,N,Y,N,N,N,N,N,N,N,N,N,N,N,N,N,N,N,28.356304292,-81.455379904,455373.776391,3136757.278719,R,,ARBM15Q1R2,"June 10, 2023",2925540,-9067571.761125715,3293971.001761849
2020881449790,2020,881449790,FHPK20OFF000615,FLORIDA HIGHWAY PATROL,08 TURNPIKE,ORANGE,"January 3, 2020",1452,SATURDAY,7547 CONWAY,0747,N,SR 528,MILE MARKER #6,0,,28.4440999,-81.3841599,28.4441582,-81.3838872,75471000,6.048,01617,SR 528,,M MEDIAN,M MIDDLE,E EAST,03 TOLL ROAD URBAN,06 TURNPIKE/TOLL,01 NON-JUNCTION,01 ON ROADWAY,01 NOT AT INTERSECTION,01 PAVED,38,"October 27, 2020",12 URBAN PRIN ART EXPR.,48,PAVED WARN,12,,0,,0,28,96000,RCI,10.3,,55,1 NO INJURY,31 Q/C COMPLETED - LOC VERIFIED,0 NO,01 NOT AT INTERSECTION/RRX/BRIDGE,01 DAYLIGHT,03 RAIN,02 WET,01 LEVEL,2 CURVE RIGHT,ONE-WAY TRAFFICWAY,,NO CONTROLS,NOT CODED,6,NONE,NOT CODED,NOT CODED,WEATHER CONDITIONS,NOT CODED,NOT CODED,19 IMPACT ATTENUATOR/CRASH CUSION,77 OTHER (SEE NARRATIVE),01 STRAIGHT AHEAD,FAILED TO KEEP IN PROPER LANE,NOT CODED,00 NOT CODED,00 NOT CODED,00 NOT CODED,00 NOT CODED,01 NO,0,0,0,0,1,0,1,2,N,N,N,N,Y,N,N,N,N,N,N,N,N,N,N,N,N,N,N,N,N,N,N,N,N,N,28.444270053,-81.38350373,462448.570845,3146477.89598,R,,ARBM15Q1R2,"June 10, 2023",2925630,-9059570.540095063,3305103.100593894
2020882259190,2020,882259190,FHPD20OFF005346,FLORIDA HIGHWAY PATROL,05 FIFTH,ORANGE,"January 18, 2020",0020,SUNDAY,7546 ORLANDO,0746,N,US 441,HOLDEN AVE,0.095,S,28.49447,-81.39685,28.4930874,-81.3968174,75010000,10.05,01937,SR 500,US 17,R RIGHT,3 THRU LANE 3,S SOUTH,30 URBAN 6+LN 2WY DIVD RASD,02 U.S.,01 NON-JUNCTION,01 ON ROADWAY,01 NOT AT INTERSECTION,03 CURB,38,"March 1, 2020",14 URBAN PRIN ART OTHER,32,CURB&GUTTER,2,,0,,0,15,58500,RCI,6.2,,40,1 NO INJURY,31 Q/C COMPLETED - LOC VERIFIED,0 NO,01 NOT AT INTERSECTION/RRX/BRIDGE,04 DARK-LIGHTED,01 CLEAR,01 DRY,01 LEVEL,1 STRAIGHT,"TWO-WAY, DIVIDED, POSITIVE MED","TWO-WAY, DIVIDED, UNPROTECTED",NO CONTROLS,NO CONTROLS,6,NONE,NOT CODED,NOT CODED,NONE,NOT CODED,NOT CODED,14 MOTOR VEHICLE IN TRANSPORT,02 FRONT TO FRONT,01 STRAIGHT AHEAD,"OPER MV AGRSIVE, ERATIC, RCKLS",NO CONTRIBUTING ACTION,00 NOT CODED,00 NOT CODED,00 NOT CODED,00 NOT CODED,01 NO,0,0,0,0,2,0,2,2,N,N,N,N,Y,N,Y,N,N,N,Y,Y,N,N,N,N,N,N,N,N,N,N,N,N,N,N,28.493096811,-81.396745573,461169.816701,3151891.33349,R,,ARBM15Q1R2,"June 10, 2023",2925643,-9061044.615807189,3311286.138993806
2020882259240,2020,882259240,FHPD20OFF006592,FLORIDA HIGHWAY PATROL,05 FIFTH,ORANGE,"January 22, 2020",1450,THURSDAY,7546 ORLANDO,0746,N,US 441,PEPPER MILL BLVD,0.095,S,28.39064,-81.40465,28.3892504,-81.4045569,75010000,2.847,00069,SR 500,US 17,R RIGHT,3 THRU LANE 3,N NORTH,30 URBAN 6+LN 2WY DIVD RASD,02 U.S.,01 NON-JUNCTION,01 ON ROADWAY,01 NOT AT INTERSECTION,03 CURB,37,"March 1, 2020",14 URBAN PRIN ART OTHER,35,PAVED,4,CURB&GUTTER,2,,0,30,57000,RCI,6.9,,50,2 POSSIBLE INJURY,31 Q/C COMPLETED - LOC VERIFIED,0 NO,01 NOT AT INTERSECTION/RRX/BRIDGE,01 DAYLIGHT,01 CLEAR,01 DRY,01 LEVEL,1 STRAIGHT,"TWO-WAY, DIVIDED, POSITIVE MED","TWO-WAY, DIVIDED, POSITIVE MED",NO CONTROLS,TRAFFIC CONTROL SIGNAL,6,NONE,NOT CODED,NOT CODED,NONE,NOT CODED,NOT CODED,14 MOTOR VEHICLE IN TRANSPORT,01 FRONT TO REAR,01 STRAIGHT AHEAD,OPERATED MV IN CARLESS OR NEGL,NO CONTRIBUTING ACTION,00 NOT CODED,00 NOT CODED,00 NOT CODED,00 NOT CODED,01 NO,1,0,0,0,2,0,2,2,N,N,N,N,N,N,N,N,N,N,Y,N,N,N,N,N,N,N,N,N,N,N,N,N,N,N,28.389272059,-81.404448967,460377.195937,3140391.748604,R,,ARBM15Q1R2,"June 10, 2023",2925644,-9061902.153623268,3298142.0021187067
2020882670200,2020,882670200,FHPD20OFF000606,FLORIDA HIGHWAY PATROL,05 FIFTH,ORANGE,"January 2, 2020",1334,FRIDAY,"7500 UNINCORPORATED, ORANGE",0700,N,HANSEL AVE,HOFFNER AVE,0,,28.47523,-81.3678699,28.4758822,-81.3678906,75040000,9.344,00710,SR 527,,R RIGHT,1 THRU LANE 1,N NORTH,40 URBAN ONE WAY,04 COUNTY,02 INTERSECTION,01 ON ROADWAY,03 T-INTERSECTION,03 CURB,33,"September 9, 2019",14 URBAN PRIN ART OTHER,24,PAVED,12,CURB&GUTTER,2,,0,,27000,RCI,5.1,,40,3 NO-INCAPACITATING INJURY,31 Q/C COMPLETED - LOC VERIFIED,0 NO,02 AT INTERSECTION,01 DAYLIGHT,01 CLEAR,01 DRY,01 LEVEL,1 STRAIGHT,ONE-WAY TRAFFICWAY,ONE-WAY TRAFFICWAY,TRAFFIC CONTROL SIGNAL,TRAFFIC CONTROL SIGNAL,2,NONE,NOT CODED,NOT CODED,NONE,NOT CODED,NOT CODED,14 MOTOR VEHICLE IN TRANSPORT,03 ANGLE,03 TURNING LEFT,IMPROPER TURN,NO CONTRIBUTING ACTION,00 NOT CODED,00 NOT CODED,00 NOT CODED,00 NOT CODED,01 NO,1,0,0,0,2,0,2,3,N,N,N,Y,N,N,N,N,N,N,N,N,N,N,N,N,N,N,N,N,N,Y,N,N,N,Y,28.475889005,-81.367887564,463988.384862,3149975.989063,O,,ARBM15Q1R2,"June 10, 2023",2925729,-9057832.155916814,3309106.7511843587
2020882670210,2020,882670210,FHPD20OFF000703,FLORIDA HIGHWAY PATROL,05 FIFTH,ORANGE,"January 2, 2020",1712,FRIDAY,"7500 UNINCORPORATED, ORANGE",0700,N,US 441,SOUTHLAND BLVD,0,,28.4557524,-81.3992247,28.4557987,-81.3992583,75010000,7.466,00507,SR 500,US 17,R RIGHT,3 THRU LANE 3,N NORTH,30 URBAN 6+LN 2WY DIVD RASD,02 U.S.,02 INTERSECTION,01 ON ROADWAY,02 FOUR-WAY INTERSECTION,03 CURB,38,"March 1, 2020",14 URBAN PRIN ART OTHER,32,CURB&GUTTER,2,,0,,0,16,52500,RCI,6.9,,40,1 NO INJURY,31 Q/C COMPLETED - LOC VERIFIED,0 NO,02 AT INTERSECTION,02 DUSK,01 CLEAR,01 DRY,01 LEVEL,1 STRAIGHT,"TWO-WAY, DIVIDED, POSITIVE MED","TWO-WAY, NOT DIVIDED",TRAFFIC CONTROL SIGNAL,TRAFFIC CONTROL SIGNAL,6,NONE,NOT CODED,NOT CODED,NONE,NOT CODED,NOT CODED,14 MOTOR VEHICLE IN TRANSPORT,03 ANGLE,01 STRAIGHT AHEAD,NO CONTRIBUTING ACTION,NO CONTRIBUTING ACTION,00 NOT CODED,00 NOT CODED,00 NOT CODED,00 NOT CODED,01 NO,0,0,0,0,2,0,2,2,N,N,N,Y,N,N,N,N,N,N,N,N,N,N,N,N,N,N,N,N,N,N,N,N,N,N,28.455789837,-81.399184144,460917.418574,3147759.097685,R,,ARBM15Q1R2,"June 10, 2023",2925730,-9061316.076228017,3306561.618393348
2020882670220,2020,882670220,FHPD20OFF000742,FLORIDA HIGHWAY PATROL,05 FIFTH,ORANGE,"January 2, 2020",1859,FRIDAY,"7500 UNINCORPORATED, ORANGE",0700,N,US 441,OAK RIDGE RD,0.057,N,28.4732314,-81.3967484,28.4734068,-81.3966483,75010000,8.695,01936,SR 500,US 17,R RIGHT,2 THRU LANE 2,N NORTH,30 URBAN 6+LN 2WY DIVD RASD,02 U.S.,01 NON-JUNCTION,01 ON ROADWAY,01 NOT AT INTERSECTION,03 CURB,38,"March 1, 2020",14 URBAN PRIN ART OTHER,32,CURB&GUTTER,2,,0,,0,30,58500,RCI,6.2,,40,2 POSSIBLE INJURY,31 Q/C COMPLETED - LOC VERIFIED,0 NO,01 NOT AT INTERSECTION/RRX/BRIDGE,04 DARK-LIGHTED,01 CLEAR,01 DRY,01 LEVEL,1 STRAIGHT,"TWO-WAY, DIVIDED, POSITIVE MED","TWO-WAY, DIVIDED, POSITIVE MED",NO CONTROLS,NO CONTROLS,6,NONE,NOT CODED,NOT CODED,NONE,NOT CODED,NOT CODED,14 MOTOR VEHICLE IN TRANSPORT,01 FRONT TO REAR,01 STRAIGHT AHEAD,OTHER CONTRIBUTING ACTION,NO CONTRIBUTING ACTION,00 NOT CODED,00 NOT CODED,00 NOT CODED,00 NOT CODED,01 NO,1,0,0,0,3,0,3,3,N,N,N,N,N,N,N,N,N,N,N,N,N,N,N,N,N,N,N,N,N,N,N,N,N,N,28.473402636,-81.396557564,461181.015907,3149709.46508,R,,ARBM15Q1R2,"June 10, 2023",2925731,-9061023.686677558,3308791.8790340167