Crash Id,Calendar Year,FDOT Crash Number,Reporting Agency Case Number,Reporting Agency Type,FDOT Managing District,County Name,Crash Date,Crash Time,Day,DHSMV City,Crash Report City Code,In Town,On Roadway Name,Int Roadway Name,Reference Distance (Miles),Reference Direction,Officer Latitude,Officer Longitude,FDOT Latitude,FDOT Longitude,FDOT Roadway,Nearest Inventory MP,Nearest Node From Crash,State Road #,US Highway,Crash Side of Road,Accident Lane Number,Travel Direction Vehicle 1,FDOT Road Category,DHSMV Road System Id,Relation to Junction,Crash Harmful Event Location,Intersection Type,Shoulder Type,FDOT Roadway SKID Test Result,FDOT Roadway SKID Test Date,Functional Class,RCI Surface Width,RCI Shoulder Type First,RCI Shoulder Width First,RCI Shoulder Type Second,RCI Shoulder Width Second,RCI Shoulder Type Third,RCI Shoulder Width Third,RCI Median Width,Avg Daily Traffic,AADT Source,RCI Avg Per Truck Traffic,RCI Horiz Curve Condition,Posted Speed Limit,Highest Injury in Crash,CAR Status Code,Alcohols/Drug Involved,Site Location,Lighting,Weather,Road Surface,Roadway Grade,Roadway Alignment,Traffic Way Vehicle 1,Traffic Way Vehicle 2,Traffic Control Vehicle 1,Traffic Control Vehicle 2,Count of Lanes,Road Condition 1,Road Condition 2,Road Condition 3,Environment Condition 1,Environment Condition 2,Environment Condition 3,Crash Harmful Event,Manner of Collision,Vehicle Movement,Driver Action Vehicle 1,Driver Action Vehicle 2,Location Within Workzone,Type of Workzone,Workers Present in Workzone,Law Enforcement Present in Workzone,School Bus Related,Count of Nonfatal Injuries,Count of Traffic Fatalities,Count of Serious Injuries,Count of Pedestrians,Count of Drivers,Count of Bicyclists,Count of Vehicles,Count of Persons,Wrong Way,Workzone Inv,Commercial Vehicle Inv,Intersection Inv,Lane Departure,Speeding,Agressive Driving,Impaired Driver,Impaired Pedestrian,Impaired Bicyclist,Distracted Driver,Speeding or Aggressive Driving,Pedestrian Related,Bicyclist Related,Pedestrian or Bicyclist Related,Motorcycle Inv,No Belt,No Belt - Ages 1-4,No Belt - Ages 5-12,No Belt - Ages 13-17,Driver - Ages Teen,Driver - Ages 65 plus,Driver - Ages 65-69,Driver - Ages 70-74,Driver - Ages 75-79,Driver - Ages 80 plus,ARBM Latitude,ARBM Longitude,UTM Zone 17N X,UTM Zone 17N Y,ARBM Side of Road,Urban Rural Indicator,GIS Street Source,Extract Date,OBJECTID,x,y
2020881746400,2020,881746400,FHPK20OFF013740,FLORIDA HIGHWAY PATROL,08 TURNPIKE,ORANGE,"March 17, 2020",2203,WEDNESDAY,7546 ORLANDO,0746,N,SR 91,SR 528,1,S,28.4062089,-81.3913871,28.4240568,-81.3959499,75470000,5.38,08810,SR 91,,R RIGHT,2 THRU LANE 2,N NORTH,03 TOLL ROAD URBAN,06 TURNPIKE/TOLL,01 NON-JUNCTION,01 ON ROADWAY,01 NOT AT INTERSECTION,01 PAVED,30,"March 15, 2017",12 URBAN PRIN ART EXPR.,24,PAVED WARN,10,LAWN,12,,0,40,77400,RCI,17.8,1D0000,70,3 NO-INCAPACITATING INJURY,31 Q/C COMPLETED - LOC VERIFIED,0 NO,01 NOT AT INTERSECTION/RRX/BRIDGE,05 DARK-NOT LIGHTED,01 CLEAR,01 DRY,01 LEVEL,1 STRAIGHT,"TWO-WAY, DIVIDED, POSITIVE MED","TWO-WAY, DIVIDED, POSITIVE MED",NO CONTROLS,NO CONTROLS,4,NONE,NOT CODED,NOT CODED,NONE,NOT CODED,NOT CODED,14 MOTOR VEHICLE IN TRANSPORT,01 FRONT TO REAR,01 STRAIGHT AHEAD,OPERATED MV IN CARLESS OR NEGL,NO CONTRIBUTING ACTION,03 TRANSITION AREA,01 LANE CLOSURE,02 YES,02 OFFICER PRESENT,01 NO,1,0,0,0,2,0,2,2,N,Y,N,N,N,N,N,N,N,N,N,N,N,N,N,N,N,N,N,N,N,N,N,N,N,N,28.424037185,-81.39590314,461227.076025,3144240.359125,R,,ARBM15Q1R2,"June 10, 2023",2927313,-9060950.836366724,3302541.8051431645
2020882022020,2020,882022020,FHPD20OFF021640,FLORIDA HIGHWAY PATROL,05 FIFTH,ORANGE,"March 11, 2020",0707,THURSDAY,7546 ORLANDO,0746,N,I 4,MILE MARKER #72,0.038,S,28.4242316,-81.4744168,28.4241086,-81.4740831,75280000,6.492,00336,SR 400,I 4,L LEFT,2 THRU LANE 2,W WEST,01 INTERSTATE URBAN,01 INTERSTATE,01 NON-JUNCTION,01 ON ROADWAY,01 NOT AT INTERSECTION,01 PAVED,38,"March 2, 2020",11 URBAN PRIN ART INT.,36,PAVED WARN,12,,0,,0,64,204000,RCI,8,,60,1 NO INJURY,31 Q/C COMPLETED - LOC VERIFIED,0 NO,01 NOT AT INTERSECTION/RRX/BRIDGE,01 DAYLIGHT,01 CLEAR,01 DRY,01 LEVEL,1 STRAIGHT,"TWO-WAY, DIVIDED, POSITIVE MED","TWO-WAY, DIVIDED, POSITIVE MED",NO CONTROLS,NO CONTROLS,6,NONE,NOT CODED,NOT CODED,NONE,NOT CODED,NOT CODED,14 MOTOR VEHICLE IN TRANSPORT,01 FRONT TO REAR,00 NOT CODED,NOT CODED,FOLLOWED TOO CLOSELY,00 NOT CODED,00 NOT CODED,00 NOT CODED,00 NOT CODED,01 NO,0,0,0,0,2,0,3,6,N,N,N,N,N,N,N,N,N,N,N,N,N,N,N,N,N,N,N,N,N,N,N,N,N,N,28.424041391,-81.474386868,453540.655472,3144268.612322,L,,ARBM15Q1R2,"June 10, 2023",2927334,-9069687.607490659,3302542.337313222
2020882773920,2020,882773920,FHPD20OFF001755,FLORIDA HIGHWAY PATROL,05 FIFTH,ORANGE,"January 6, 2020",1328,TUESDAY,7546 ORLANDO,0746,N,SR 527,LANCASTER RD,0,,28.4655799,-81.3675999,28.4662884,-81.3676436,75040000,8.682,00699,SR 527,,R RIGHT,L LEFT TURN,S SOUTH,24 SUBURBAN 4-5LN 2WY DIVD PAVD,03 STATE,01 NON-JUNCTION,01 ON ROADWAY,01 NOT AT INTERSECTION,01 PAVED,32,"September 9, 2019",14 URBAN PRIN ART OTHER,20,PAVED,4,LAWN,6,,0,10,41000,RCI,6.9,3D0000,45,3 NO-INCAPACITATING INJURY,31 Q/C COMPLETED - LOC VERIFIED,0 NO,02 AT INTERSECTION,01 DAYLIGHT,01 CLEAR,01 DRY,01 LEVEL,1 STRAIGHT,"TWO-WAY, NOT DIVIDED","TWO-WAY, NOT DIVIDED",TRAFFIC CONTROL SIGNAL,TRAFFIC CONTROL SIGNAL,4,NONE,NOT CODED,NOT CODED,NONE,NOT CODED,NOT CODED,14 MOTOR VEHICLE IN TRANSPORT,"05 SIDESWIPE, OPPOSITE DIRECTION",01 STRAIGHT AHEAD,FAILED TO KEEP IN PROPER LANE,NO CONTRIBUTING ACTION,00 NOT CODED,00 NOT CODED,00 NOT CODED,00 NOT CODED,01 NO,2,0,0,0,2,0,2,2,N,N,Y,Y,N,N,N,N,N,N,Y,N,N,N,N,N,N,N,N,N,N,N,N,N,N,N,28.466287409,-81.36764082,464009.284446,3148912.211752,C,,ARBM15Q1R2,"June 10, 2023",2927424,-9057804.6885486,3307890.852554146
2020882753440,2020,882753440,FHPD20OFF008706,FLORIDA HIGHWAY PATROL,05 FIFTH,ORANGE,"January 29, 2020",2044,THURSDAY,7554 WINTER PARK,0754,N,SR 436,SR 426,0,,28.6043899,-81.30732,28.6048939,-81.3074196,75003000,10.638,06740,SR 436,,L LEFT,3 THRU LANE 3,S SOUTH,30 URBAN 6+LN 2WY DIVD RASD,03 STATE,01 NON-JUNCTION,01 ON ROADWAY,01 NOT AT INTERSECTION,03 CURB,38,"March 2, 2020",14 URBAN PRIN ART OTHER,38,CURB&GUTTER,2,,0,,0,25,60000,RCI,4.4,,50,1 NO INJURY,31 Q/C COMPLETED - LOC VERIFIED,0 NO,02 AT INTERSECTION,04 DARK-LIGHTED,02 CLOUDY,01 DRY,01 LEVEL,1 STRAIGHT,"TWO-WAY, DIVIDED, POSITIVE MED","TWO-WAY, DIVIDED, POSITIVE MED",NO CONTROLS,NO CONTROLS,6,NONE,NOT CODED,NOT CODED,NONE,NOT CODED,NOT CODED,14 MOTOR VEHICLE IN TRANSPORT,"04 SIDESWIPE, SAME DIRECTION",06 CHANGING LANES,OTHER CONTRIBUTING ACTION,NO CONTRIBUTING ACTION,00 NOT CODED,00 NOT CODED,00 NOT CODED,00 NOT CODED,01 NO,0,0,0,0,2,0,2,3,N,N,N,Y,N,N,N,N,N,N,N,N,N,N,N,N,N,N,N,N,N,N,N,N,N,N,28.604888307,-81.307523,469934.007008,3164250.540366,L,,ARBM15Q1R2,"June 10, 2023",2927429,-9051112.402010184,3325453.323673361
2020882753480,2020,882753480,FHPD20OFF009068,FLORIDA HIGHWAY PATROL,05 FIFTH,ORANGE,"January 31, 2020",0222,SATURDAY,7546 ORLANDO,0746,N,US 441,LAQUINTA DR,0,,28.44069,-81.40353,28.4407018,-81.4035299,75010000,6.395,00503,SR 500,US 17,L LEFT,3 THRU LANE 3,S SOUTH,30 URBAN 6+LN 2WY DIVD RASD,02 U.S.,01 NON-JUNCTION,01 ON ROADWAY,01 NOT AT INTERSECTION,03 CURB,38,"March 1, 2020",14 URBAN PRIN ART OTHER,30,CURB&GUTTER,2,,0,,0,15,67000,RCI,6.9,,45,1 NO INJURY,31 Q/C COMPLETED - LOC VERIFIED,0 NO,02 AT INTERSECTION,04 DARK-LIGHTED,02 CLOUDY,01 DRY,01 LEVEL,1 STRAIGHT,"TWO-WAY, DIVIDED, POSITIVE MED","TWO-WAY, DIVIDED, POSITIVE MED",TRAFFIC CONTROL SIGNAL,TRAFFIC CONTROL SIGNAL,6,NONE,NOT CODED,NOT CODED,NONE,NOT CODED,NOT CODED,14 MOTOR VEHICLE IN TRANSPORT,01 FRONT TO REAR,01 STRAIGHT AHEAD,NOT CODED,NO CONTRIBUTING ACTION,00 NOT CODED,00 NOT CODED,00 NOT CODED,00 NOT CODED,01 NO,0,0,0,0,2,0,3,2,N,N,N,Y,N,N,N,N,N,N,N,N,N,N,N,N,N,N,N,N,N,N,N,N,N,N,28.440707263,-81.403600554,460479.41401,3146089.63471,L,,ARBM15Q1R2,"June 10, 2023",2927430,-9061807.708865128,3304652.0485099135
2020882765720,2020,882765720,FHPD20OFF019341,FLORIDA HIGHWAY PATROL,05 FIFTH,ORANGE,"March 3, 2020",1938,WEDNESDAY,7546 ORLANDO,0746,N,I 4,MM 69,0,,28.3895427,-81.4936842,28.3874423,-81.4955033,75280000,3.53,00485,SR 400,I 4,R RIGHT,3 THRU LANE 3,E EAST,01 INTERSTATE URBAN,01 INTERSTATE,01 NON-JUNCTION,01 ON ROADWAY,01 NOT AT INTERSECTION,01 PAVED,35,"March 2, 2020",11 URBAN PRIN ART INT.,48,PAVED WARN,10,LAWN,12,,0,64,224000,RCI,6.8,,60,1 NO INJURY,31 Q/C COMPLETED - LOC VERIFIED,0 NO,01 NOT AT INTERSECTION/RRX/BRIDGE,04 DARK-LIGHTED,01 CLEAR,01 DRY,01 LEVEL,1 STRAIGHT,"TWO-WAY, DIVIDED, POSITIVE MED","TWO-WAY, DIVIDED, POSITIVE MED",NO CONTROLS,NO CONTROLS,8,NONE,NOT CODED,NOT CODED,NONE,NOT CODED,NOT CODED,14 MOTOR VEHICLE IN TRANSPORT,"04 SIDESWIPE, SAME DIRECTION",16 LEAVING TRAFFIC LANE,FAILED TO KEEP IN PROPER LANE,NO CONTRIBUTING ACTION,00 NOT CODED,00 NOT CODED,00 NOT CODED,00 NOT CODED,01 NO,0,0,0,0,2,0,2,2,N,N,Y,N,Y,N,N,N,N,N,Y,N,N,N,N,N,N,N,N,N,N,Y,Y,N,N,N,28.387443773,-81.495498632,451456.354822,3140222.512687,R,,ARBM15Q1R2,"June 10, 2023",2927448,-9072037.758962926,3297910.6577341678
2020882765730,2020,882765730,FHPD20OFF019673,FLORIDA HIGHWAY PATROL,05 FIFTH,ORANGE,"March 4, 2020",1833,THURSDAY,7546 ORLANDO,0746,N,I 4,SR 482,1,S,28.4372883,-81.4744581,28.4351463,-81.4741153,75280000,7.251,00336,SR 400,I 4,L LEFT,1 THRU LANE 1,W WEST,01 INTERSTATE URBAN,01 INTERSTATE,01 NON-JUNCTION,01 ON ROADWAY,01 NOT AT INTERSECTION,01 PAVED,38,"March 2, 2020",11 URBAN PRIN ART INT.,48,PAVED WARN,10,LAWN,12,,0,64,204000,RCI,8,,60,2 POSSIBLE INJURY,31 Q/C COMPLETED - LOC VERIFIED,0 NO,01 NOT AT INTERSECTION/RRX/BRIDGE,04 DARK-LIGHTED,02 CLOUDY,01 DRY,01 LEVEL,1 STRAIGHT,"TWO-WAY, DIVIDED, POSITIVE MED","TWO-WAY, DIVIDED, POSITIVE MED",NO CONTROLS,NO CONTROLS,8,NONE,NOT CODED,NOT CODED,NONE,NOT CODED,NOT CODED,14 MOTOR VEHICLE IN TRANSPORT,01 FRONT TO REAR,01 STRAIGHT AHEAD,OPERATED MV IN CARLESS OR NEGL,NO CONTRIBUTING ACTION,00 NOT CODED,00 NOT CODED,00 NOT CODED,00 NOT CODED,01 NO,4,0,0,0,2,0,2,4,N,N,N,N,N,N,N,N,N,N,Y,N,N,N,N,N,N,N,N,N,N,N,N,N,N,N,28.435074292,-81.474441736,453540.100403,3145490.904359,L,,ARBM15Q1R2,"June 10, 2023",2927449,-9069693.715465745,3303938.94075482
2020882797390,2020,882797390,FHPD20OFF004932,FLORIDA HIGHWAY PATROL,05 FIFTH,ORANGE,"January 16, 2020",1620,FRIDAY,7546 ORLANDO,0746,N,SR 417,SR 423,0.001,S,28.3713559,-81.4259098,28.3714909,-81.426002,75301008,0.203,03658,SR 417,,R RIGHT,X RAMP,E EAST,08 RAMP RURAL,03 STATE,03 INTERSECTION-RELATED,01 ON ROADWAY,01 NOT AT INTERSECTION,02 UNPAVED,0,"December 31, 2000",,16,PAVED,8,VALLEY GUTR,3,,0,,4900,RCI,4.1,,,2 POSSIBLE INJURY,31 Q/C COMPLETED - LOC VERIFIED,0 NO,08 EXIT RAMP,01 DAYLIGHT,01 CLEAR,01 DRY,01 LEVEL,2 CURVE RIGHT,ONE-WAY TRAFFICWAY,ONE-WAY TRAFFICWAY,NO CONTROLS,TRAFFIC CONTROL SIGNAL,1,NONE,NOT CODED,NOT CODED,NONE,NOT CODED,NOT CODED,14 MOTOR VEHICLE IN TRANSPORT,01 FRONT TO REAR,01 STRAIGHT AHEAD,OPERATED MV IN CARLESS OR NEGL,NO CONTRIBUTING ACTION,00 NOT CODED,00 NOT CODED,00 NOT CODED,00 NOT CODED,01 NO,2,0,0,0,2,0,2,4,N,N,N,N,N,N,N,N,N,N,N,N,N,N,N,N,N,N,N,N,Y,N,N,N,N,N,28.371489478,-81.426011663,458257.771758,3138429.020508,O,,ARBM15Q1R2,"June 10, 2023",2927487,-9064302.502521489,3295892.032928199
2020882797410,2020,882797410,FHPD20OFF005037,FLORIDA HIGHWAY PATROL,05 FIFTH,ORANGE,"January 16, 2020",2035,FRIDAY,7546 ORLANDO,0746,N,CR 423,SR 482,0,,28.4504409,-81.4275235,28.450345,-81.4275775,75002000,2.981,01683,SR 482,,I INTERSECTION,M MIDDLE,N NORTH,33 SUBURBAN 6+LN 2WY DIVD RASD,03 STATE,02 INTERSECTION,01 ON ROADWAY,02 FOUR-WAY INTERSECTION,02 UNPAVED,35,"March 3, 2020",16 URBAN MINOR ART,36,PAVED,4,LAWN,6,,0,40,59000,RCI,5.3,,45,3 NO-INCAPACITATING INJURY,31 Q/C COMPLETED - LOC VERIFIED,0 NO,02 AT INTERSECTION,04 DARK-LIGHTED,01 CLEAR,01 DRY,01 LEVEL,1 STRAIGHT,"TWO-WAY, DIVIDED, POSITIVE MED","TWO-WAY, DIVIDED, POSITIVE MED",NO CONTROLS,NO CONTROLS,5,NONE,NOT CODED,NOT CODED,NONE,NOT CODED,NOT CODED,14 MOTOR VEHICLE IN TRANSPORT,03 ANGLE,01 STRAIGHT AHEAD,NO CONTRIBUTING ACTION,NO CONTRIBUTING ACTION,00 NOT CODED,00 NOT CODED,00 NOT CODED,00 NOT CODED,01 NO,1,0,0,0,2,0,2,2,N,N,N,Y,N,N,N,N,N,N,N,N,N,N,N,N,N,N,N,N,N,N,N,N,N,N,28.45023468,-81.427569608,458136.091645,3147153.228245,R,,ARBM15Q1R2,"June 10, 2023",2927488,-9064475.932564665,3305858.2608898906
2020882777880,2020,882777880,FHPD20OFF011174,FLORIDA HIGHWAY PATROL,05 FIFTH,ORANGE,"February 6, 2020",2236,FRIDAY,7546 ORLANDO,0746,N,SR 482,VOLTAIRE DR,0.028,W,28.4509,-81.38808,0,0,75002000,5.363,04810,SR 482,,R RIGHT,1 THRU LANE 1,E EAST,33 SUBURBAN 6+LN 2WY DIVD RASD,03 STATE,01 NON-JUNCTION,01 ON ROADWAY,01 NOT AT INTERSECTION,03 CURB,34,"March 3, 2020",16 URBAN MINOR ART,33,PAVED,12,LAWN,12,,0,22,42000,RCI,11.4,,55,4 INCAPACITATING INJURY,31 Q/C COMPLETED - LOC VERIFIED,0 NO,03 INFLUENCED BY INTERSECTION,04 DARK-LIGHTED,01 CLEAR,01 DRY,01 LEVEL,1 STRAIGHT,"TWO-WAY, DIVIDED, POSITIVE MED",,NO CONTROLS,NOT CODED,6,NONE,NOT CODED,NOT CODED,NONE,NOT CODED,NOT CODED,10 PEDESTRIAN,77 OTHER (SEE NARRATIVE),01 STRAIGHT AHEAD,NO CONTRIBUTING ACTION,NOT CODED,00 NOT CODED,00 NOT CODED,00 NOT CODED,00 NOT CODED,01 NO,1,0,1,1,1,0,1,3,N,N,N,Y,N,N,N,N,N,N,N,N,Y,N,Y,N,N,N,N,N,N,N,N,N,N,N,28.450734679,-81.388445377,461967.009867,3147195.624258,R,,ARBM15Q1R2,"June 10, 2023",2927489,-9060120.64178149,3305921.5661875647
2020882777890,2020,882777890,FHPD20OFF011205,FLORIDA HIGHWAY PATROL,05 FIFTH,ORANGE,"February 7, 2020",0217,SATURDAY,7546 ORLANDO,0746,N,US 441,MOTT AVE,0,,28.6173199,-81.43912,28.6174064,-81.4391227,75020000,5.353,00608,SR 500,US 441,M MEDIAN,T CONTIN. TURN,N NORTH,20 URBAN 4-5LN 2WY DIVD RASD,02 U.S.,01 NON-JUNCTION,02 OFF ROADWAY,01 NOT AT INTERSECTION,03 CURB,40,"January 22, 2020",14 URBAN PRIN ART OTHER,23,PAVED,8,CURB&GUTTER,2,,0,23,31500,RCI,4.6,,45,1 NO INJURY,31 Q/C COMPLETED - LOC VERIFIED,0 NO,02 AT INTERSECTION,04 DARK-LIGHTED,01 CLEAR,01 DRY,01 LEVEL,1 STRAIGHT,"TWO-WAY, DIVIDED, POSITIVE MED",,NO CONTROLS,NOT CODED,4,NONE,NOT CODED,NOT CODED,NONE,NOT CODED,NOT CODED,32 TREE (STANDING),77 OTHER (SEE NARRATIVE),01 STRAIGHT AHEAD,OPERATED MV IN CARLESS OR NEGL,NOT CODED,00 NOT CODED,00 NOT CODED,00 NOT CODED,00 NOT CODED,01 NO,0,0,0,0,1,0,1,1,N,N,N,Y,N,N,N,N,N,N,N,N,N,N,N,N,N,N,N,N,N,N,N,N,N,N,28.617441647,-81.439057382,457079.104223,3165681.398891,R,,ARBM15Q1R2,"June 10, 2023",2927490,-9065754.746741889,3327045.1311652805
2020882654020,2020,882654020,FHPD20OFF000734,FLORIDA HIGHWAY PATROL,05 FIFTH,ORANGE,"January 2, 2020",1830,FRIDAY,7546 ORLANDO,0746,N,US 17,WAKULLA WAY,0.013,N,28.4761999,-81.39668,28.4764862,-81.3966764,75010000,8.907,00516,SR 500,US 17,L LEFT,3 THRU LANE 3,S SOUTH,30 URBAN 6+LN 2WY DIVD RASD,02 U.S.,01 NON-JUNCTION,01 ON ROADWAY,01 NOT AT INTERSECTION,01 PAVED,38,"March 1, 2020",14 URBAN PRIN ART OTHER,32,CURB&GUTTER,2,,0,,0,15,58500,RCI,6.2,,40,2 POSSIBLE INJURY,31 Q/C COMPLETED - LOC VERIFIED,0 NO,03 INFLUENCED BY INTERSECTION,04 DARK-LIGHTED,01 CLEAR,01 DRY,01 LEVEL,1 STRAIGHT,"TWO-WAY, DIVIDED, POSITIVE MED","TWO-WAY, DIVIDED, POSITIVE MED",TRAFFIC CONTROL SIGNAL,TRAFFIC CONTROL SIGNAL,6,NONE,NOT CODED,NOT CODED,NONE,NOT CODED,NOT CODED,14 MOTOR VEHICLE IN TRANSPORT,01 FRONT TO REAR,01 STRAIGHT AHEAD,OPERATED MV IN CARLESS OR NEGL,NO CONTRIBUTING ACTION,00 NOT CODED,00 NOT CODED,00 NOT CODED,00 NOT CODED,01 NO,1,0,0,0,2,0,2,2,N,N,N,Y,N,N,N,N,N,N,Y,N,N,N,N,N,N,N,N,N,N,N,N,N,N,N,28.476493477,-81.39675833,461162.493253,3150051.946457,L,,ARBM15Q1R2,"June 10, 2023",2927729,-9061046.035843514,3309183.302057352
2020882716420,2020,882716420,FHPD20OFF009176,FLORIDA HIGHWAY PATROL,05 FIFTH,ORANGE,"January 31, 2020",1225,SATURDAY,7546 ORLANDO,0746,N,US 441,MICHIGAN ST,0,,28.5145899,-81.397,28.5145671,-81.3970138,75010000,11.529,01946,SR 500,US 17,R RIGHT,2 THRU LANE 2,0,20 URBAN 4-5LN 2WY DIVD RASD,02 U.S.,01 NON-JUNCTION,01 ON ROADWAY,01 NOT AT INTERSECTION,03 CURB,35,"March 1, 2020",14 URBAN PRIN ART OTHER,24,CURB&GUTTER,2,,0,,0,16,29500,RCI,6.9,,35,1 NO INJURY,31 Q/C COMPLETED - LOC VERIFIED,0 NO,02 AT INTERSECTION,01 DAYLIGHT,01 CLEAR,01 DRY,00 NOT CODED,0 NOT CODED,"TWO-WAY, DIVIDED, UNPROTECTED","TWO-WAY, DIVIDED, POSITIVE MED",TRAFFIC CONTROL SIGNAL,TRAFFIC CONTROL SIGNAL,4,NONE,NOT CODED,NOT CODED,NONE,NOT CODED,NOT CODED,14 MOTOR VEHICLE IN TRANSPORT,01 FRONT TO REAR,00 NOT CODED,NOT CODED,NO CONTRIBUTING ACTION,00 NOT CODED,00 NOT CODED,00 NOT CODED,00 NOT CODED,01 NO,0,0,0,0,1,0,2,1,N,N,N,Y,N,N,N,N,N,N,N,N,N,N,N,N,N,N,N,N,N,N,N,N,N,N,28.514574502,-81.396996887,461153.087774,3154270.815381,C,,ARBM15Q1R2,"June 10, 2023",2927744,-9061072.59202264,3314006.811121526
2020882005120,2020,882005120,FHPK20OFF006680,FLORIDA HIGHWAY PATROL,08 TURNPIKE,ORANGE,"February 7, 2020",1700,SATURDAY,7547 CONWAY,0747,Y,SR 91,MILE MARKER #263.5,0,,28.5036099,-81.48444,28.5113646,-81.4944597,75470000,14.015,04855,SR 91,,R RIGHT,1 THRU LANE 1,N NORTH,03 TOLL ROAD URBAN,03 STATE,01 NON-JUNCTION,01 ON ROADWAY,01 NOT AT INTERSECTION,01 PAVED,37,"November 11, 2019",12 URBAN PRIN ART EXPR.,48,PAVED WARN,10,LAWN,12,,0,700,116000,RCI,17.8,1D0000,70,1 NO INJURY,31 Q/C COMPLETED - LOC VERIFIED,0 NO,01 NOT AT INTERSECTION/RRX/BRIDGE,01 DAYLIGHT,01 CLEAR,01 DRY,01 LEVEL,1 STRAIGHT,"TWO-WAY, DIVIDED, POSITIVE MED","TWO-WAY, DIVIDED, POSITIVE MED",NO CONTROLS,NO CONTROLS,8,NONE,NOT CODED,NOT CODED,NONE,NOT CODED,NOT CODED,14 MOTOR VEHICLE IN TRANSPORT,"04 SIDESWIPE, SAME DIRECTION",06 CHANGING LANES,FAILED TO YIELD RIGHT-OF-WAY,NO CONTRIBUTING ACTION,00 NOT CODED,00 NOT CODED,00 NOT CODED,00 NOT CODED,01 NO,0,0,0,0,2,0,2,3,N,N,N,N,Y,N,N,N,N,N,Y,N,N,N,N,N,N,N,N,N,N,N,N,N,N,N,28.51135923,-81.494470316,451613.539969,3153950.032546,R,,ARBM15Q1R2,"June 10, 2023",2927789,-9071923.287628727,3313599.483073716
2020882223960,2020,882223960,FHPK20OFF013553,FLORIDA HIGHWAY PATROL,08 TURNPIKE,ORANGE,"March 16, 2020",1237,TUESDAY,7546 ORLANDO,0746,N,SR 91,SR 435,0.095,N,28.4901705,-81.4594096,28.4907323,-81.4602779,75470000,11.473,08898,SR 91,,R RIGHT,2 THRU LANE 2,N NORTH,03 TOLL ROAD URBAN,06 TURNPIKE/TOLL,01 NON-JUNCTION,01 ON ROADWAY,01 NOT AT INTERSECTION,01 PAVED,37,"November 11, 2019",12 URBAN PRIN ART EXPR.,48,PAVED WARN,10,LAWN,12,,0,26,116000,RCI,17.8,,70,1 NO INJURY,31 Q/C COMPLETED - LOC VERIFIED,0 NO,01 NOT AT INTERSECTION/RRX/BRIDGE,01 DAYLIGHT,02 CLOUDY,01 DRY,01 LEVEL,1 STRAIGHT,"TWO-WAY, DIVIDED, POSITIVE MED","TWO-WAY, DIVIDED, POSITIVE MED",NO CONTROLS,NO CONTROLS,8,NONE,NOT CODED,NOT CODED,NONE,NOT CODED,NOT CODED,14 MOTOR VEHICLE IN TRANSPORT,01 FRONT TO REAR,01 STRAIGHT AHEAD,OPERATED MV IN CARLESS OR NEGL,NO CONTRIBUTING ACTION,00 NOT CODED,00 NOT CODED,00 NOT CODED,00 NOT CODED,01 NO,0,0,0,0,2,0,2,3,N,N,Y,N,N,N,N,N,N,N,N,N,N,N,N,N,N,N,N,N,N,Y,N,Y,N,N,28.490710703,-81.460276558,454950.846608,3151649.173407,R,,ARBM15Q1R2,"June 10, 2023",2927844,-9068116.854828008,3310983.914196474
2020881801070,2020,881801070,FHPD20OFF005906,FLORIDA HIGHWAY PATROL,05 FIFTH,ORANGE,"January 20, 2020",1136,TUESDAY,7546 ORLANDO,0746,N,SR 423,OLD WINTER GARDEN RD,0.028,N,28.5458399,-81.4138099,28.54615,-81.4136983,75190001,39.542,04992,SR 423,,L LEFT,L LEFT TURN,S SOUTH,30 URBAN 6+LN 2WY DIVD RASD,03 STATE,01 NON-JUNCTION,01 ON ROADWAY,01 NOT AT INTERSECTION,01 PAVED,38,"September 8, 2019",14 URBAN PRIN ART OTHER,36,CURB&GUTTER,2,,0,,0,36,50000,RCI,11.4,,45,2 POSSIBLE INJURY,31 Q/C COMPLETED - LOC VERIFIED,0 NO,03 INFLUENCED BY INTERSECTION,01 DAYLIGHT,01 CLEAR,01 DRY,01 LEVEL,1 STRAIGHT,"TWO-WAY, DIVIDED, POSITIVE MED","TWO-WAY, DIVIDED, POSITIVE MED",NO CONTROLS,NO CONTROLS,6,NONE,NOT CODED,NOT CODED,NONE,NOT CODED,NOT CODED,14 MOTOR VEHICLE IN TRANSPORT,03 ANGLE,06 CHANGING LANES,FAILED TO YIELD RIGHT-OF-WAY,NO CONTRIBUTING ACTION,00 NOT CODED,00 NOT CODED,00 NOT CODED,00 NOT CODED,01 NO,1,0,0,0,2,0,2,2,N,N,N,Y,N,N,N,N,N,N,N,N,N,N,N,N,N,N,N,N,N,N,N,N,N,N,28.546191753,-81.413806882,459520.264981,3157779.098484,L,,ARBM15Q1R2,"June 10, 2023",2927914,-9062943.872752575,3318012.913692072