Crash Id,Calendar Year,FDOT Crash Number,Reporting Agency Case Number,Reporting Agency Type,FDOT Managing District,County Name,Crash Date,Crash Time,Day,DHSMV City,Crash Report City Code,In Town,On Roadway Name,Int Roadway Name,Reference Distance (Miles),Reference Direction,Officer Latitude,Officer Longitude,FDOT Latitude,FDOT Longitude,FDOT Roadway,Nearest Inventory MP,Nearest Node From Crash,State Road #,US Highway,Crash Side of Road,Accident Lane Number,Travel Direction Vehicle 1,FDOT Road Category,DHSMV Road System Id,Relation to Junction,Crash Harmful Event Location,Intersection Type,Shoulder Type,FDOT Roadway SKID Test Result,FDOT Roadway SKID Test Date,Functional Class,RCI Surface Width,RCI Shoulder Type First,RCI Shoulder Width First,RCI Shoulder Type Second,RCI Shoulder Width Second,RCI Shoulder Type Third,RCI Shoulder Width Third,RCI Median Width,Avg Daily Traffic,AADT Source,RCI Avg Per Truck Traffic,RCI Horiz Curve Condition,Posted Speed Limit,Highest Injury in Crash,CAR Status Code,Alcohols/Drug Involved,Site Location,Lighting,Weather,Road Surface,Roadway Grade,Roadway Alignment,Traffic Way Vehicle 1,Traffic Way Vehicle 2,Traffic Control Vehicle 1,Traffic Control Vehicle 2,Count of Lanes,Road Condition 1,Road Condition 2,Road Condition 3,Environment Condition 1,Environment Condition 2,Environment Condition 3,Crash Harmful Event,Manner of Collision,Vehicle Movement,Driver Action Vehicle 1,Driver Action Vehicle 2,Location Within Workzone,Type of Workzone,Workers Present in Workzone,Law Enforcement Present in Workzone,School Bus Related,Count of Nonfatal Injuries,Count of Traffic Fatalities,Count of Serious Injuries,Count of Pedestrians,Count of Drivers,Count of Bicyclists,Count of Vehicles,Count of Persons,Wrong Way,Workzone Inv,Commercial Vehicle Inv,Intersection Inv,Lane Departure,Speeding,Agressive Driving,Impaired Driver,Impaired Pedestrian,Impaired Bicyclist,Distracted Driver,Speeding or Aggressive Driving,Pedestrian Related,Bicyclist Related,Pedestrian or Bicyclist Related,Motorcycle Inv,No Belt,No Belt - Ages 1-4,No Belt - Ages 5-12,No Belt - Ages 13-17,Driver - Ages Teen,Driver - Ages 65 plus,Driver - Ages 65-69,Driver - Ages 70-74,Driver - Ages 75-79,Driver - Ages 80 plus,ARBM Latitude,ARBM Longitude,UTM Zone 17N X,UTM Zone 17N Y,ARBM Side of Road,Urban Rural Indicator,GIS Street Source,Extract Date,OBJECTID,x,y
2020882776330,2020,882776330,FHPD20OFF006136,FLORIDA HIGHWAY PATROL,05 FIFTH,ORANGE,"January 21, 2020",0220,WEDNESDAY,"7500 UNINCORPORATED, ORANGE",0700,N,SR 408,ROUSE RD,0.028,W,28.5473883,-81.2245965,0,0,75008160,3.18,02748,SR 408,,R RIGHT,S SIDE OF ROAD,E EAST,03 TOLL ROAD URBAN,03 STATE,01 NON-JUNCTION,01 ON ROADWAY,01 NOT AT INTERSECTION,01 PAVED,36,"March 2, 2020",12 URBAN PRIN ART EXPR.,36,PAVED WARN,10,VALLEY GUTR,3,,0,57,114000,RCI,4.5,0D30,65,4 INCAPACITATING INJURY,31 Q/C COMPLETED - LOC VERIFIED,0 NO,01 NOT AT INTERSECTION/RRX/BRIDGE,04 DARK-LIGHTED,01 CLEAR,01 DRY,01 LEVEL,1 STRAIGHT,"TWO-WAY, DIVIDED, POSITIVE MED","TWO-WAY, DIVIDED, POSITIVE MED",NO CONTROLS,NO CONTROLS,5,NONE,NOT CODED,NOT CODED,NONE,NOT CODED,NOT CODED,14 MOTOR VEHICLE IN TRANSPORT,01 FRONT TO REAR,01 STRAIGHT AHEAD,OPERATED MV IN CARLESS OR NEGL,NO CONTRIBUTING ACTION,00 NOT CODED,00 NOT CODED,00 NOT CODED,00 NOT CODED,01 NO,3,0,1,1,2,0,2,5,N,N,N,N,N,N,N,N,N,N,Y,N,Y,N,Y,N,N,N,N,N,N,N,N,N,N,N,28.547162004,-81.224086139,478079.547968,3157837.217114,R,,ARBM15Q1R2,"June 10, 2023",2929124,-9041824.250150183,3318135.870145323
2020882796180,2020,882796180,FHPD20OFF003518,FLORIDA HIGHWAY PATROL,05 FIFTH,ORANGE,"January 12, 2020",1235,MONDAY,7546 ORLANDO,0746,N,SR 15,KEMPSTON DR,0,,28.4806199,-81.31578,28.4805917,-81.3158944,75080000,11.931,00177,SR 15,,R RIGHT,2 THRU LANE 2,W WEST,20 URBAN 4-5LN 2WY DIVD RASD,03 STATE,02 INTERSECTION,01 ON ROADWAY,02 FOUR-WAY INTERSECTION,03 CURB,42,"January 9, 2019",16 URBAN MINOR ART,22,PAVED,4,CURB&GUTTER,2,,0,22,25500,RCI,4.5,,45,2 POSSIBLE INJURY,31 Q/C COMPLETED - LOC VERIFIED,0 NO,02 AT INTERSECTION,01 DAYLIGHT,01 CLEAR,01 DRY,01 LEVEL,1 STRAIGHT,"TWO-WAY, DIVIDED, POSITIVE MED","TWO-WAY, DIVIDED, POSITIVE MED",NO CONTROLS,NO CONTROLS,4,NONE,NOT CODED,NOT CODED,NONE,NOT CODED,NOT CODED,14 MOTOR VEHICLE IN TRANSPORT,03 ANGLE,03 TURNING LEFT,OPERATED MV IN CARLESS OR NEGL,NO CONTRIBUTING ACTION,00 NOT CODED,00 NOT CODED,00 NOT CODED,00 NOT CODED,01 NO,4,0,0,0,2,0,2,4,N,N,N,Y,N,N,N,N,N,N,N,N,N,N,N,N,N,N,N,N,N,N,N,N,N,N,28.480614669,-81.315849299,469083.690295,3150485.024336,C,,ARBM15Q1R2,"June 10, 2023",2929125,-9052039.28117969,3309705.2265433273
2020882902580,2020,882902580,FHPD20OFF009476,FLORIDA HIGHWAY PATROL,05 FIFTH,ORANGE,"February 1, 2020",1522,SUNDAY,7546 ORLANDO,0746,N,SR 50,CLIFTON ST,0.002,W,28.5523999,-81.4475199,28.5525621,-81.4407549,75050000,13.233,05047,SR 50,,L LEFT,1 THRU LANE 1,W WEST,30 URBAN 6+LN 2WY DIVD RASD,03 STATE,01 NON-JUNCTION,01 ON ROADWAY,01 NOT AT INTERSECTION,03 CURB,34,"April 1, 2018",14 URBAN PRIN ART OTHER,36,PAVED,8,CURB&GUTTER,2,,0,41,42000,RCI,4.6,,45,2 POSSIBLE INJURY,31 Q/C COMPLETED - LOC VERIFIED,0 NO,01 NOT AT INTERSECTION/RRX/BRIDGE,01 DAYLIGHT,01 CLEAR,01 DRY,01 LEVEL,1 STRAIGHT,"TWO-WAY, DIVIDED, POSITIVE MED","TWO-WAY, DIVIDED, POSITIVE MED",NO CONTROLS,NO CONTROLS,6,NONE,NOT CODED,NOT CODED,NONE,NOT CODED,NOT CODED,14 MOTOR VEHICLE IN TRANSPORT,01 FRONT TO REAR,01 STRAIGHT AHEAD,OPERATED MV IN CARLESS OR NEGL,NO CONTRIBUTING ACTION,00 NOT CODED,00 NOT CODED,00 NOT CODED,00 NOT CODED,01 NO,2,0,0,0,2,0,2,2,N,N,N,N,N,N,N,N,N,N,Y,N,N,N,N,N,N,N,N,N,N,N,N,N,N,N,28.552685711,-81.440763455,456885.91578,3158507.934621,L,,ARBM15Q1R2,"June 10, 2023",2929129,-9065944.665696608,3318835.8872550437
2020882904160,2020,882904160,FHPD20OFF017014,FLORIDA HIGHWAY PATROL,05 FIFTH,ORANGE,"February 25, 2020",1858,WEDNESDAY,"7500 UNINCORPORATED, ORANGE",0700,N,SR 434,CHALLENGER PKWY,0.002,S,28.57337,-81.2076699,28.5733229,-81.2077423,75037000,0.445,03096,SR 434,,L LEFT,1 THRU LANE 1,S SOUTH,30 URBAN 6+LN 2WY DIVD RASD,03 STATE,01 NON-JUNCTION,01 ON ROADWAY,01 NOT AT INTERSECTION,03 CURB,38,"September 9, 2019",14 URBAN PRIN ART OTHER,33,PAVED,4,CURB&GUTTER,2,,0,28,48000,RCI,2.8,,45,2 POSSIBLE INJURY,31 Q/C COMPLETED - LOC VERIFIED,0 NO,01 NOT AT INTERSECTION/RRX/BRIDGE,04 DARK-LIGHTED,01 CLEAR,01 DRY,01 LEVEL,1 STRAIGHT,"TWO-WAY, DIVIDED, POSITIVE MED","TWO-WAY, DIVIDED, POSITIVE MED",NO CONTROLS,NO CONTROLS,6,NONE,NOT CODED,NOT CODED,NONE,NOT CODED,NOT CODED,14 MOTOR VEHICLE IN TRANSPORT,01 FRONT TO REAR,01 STRAIGHT AHEAD,NO CONTRIBUTING ACTION,NOT CODED,00 NOT CODED,00 NOT CODED,00 NOT CODED,00 NOT CODED,01 NO,1,0,0,0,1,0,2,3,N,N,N,N,N,N,N,N,N,N,Y,N,N,N,N,N,N,N,N,N,N,N,N,N,N,N,28.573323987,-81.20785694,479672.144099,3160732.702472,L,,ARBM15Q1R2,"June 10, 2023",2929130,-9040017.623573495,3321451.6962968423
2020882895160,2020,882895160,FHPD20OFF012329,FLORIDA HIGHWAY PATROL,05 FIFTH,ORANGE,"February 11, 2020",0710,WEDNESDAY,7546 ORLANDO,0746,N,SR 50,ECONLOCKHATCHEE TRL,0.095,W,28.56846,-81.2532,28.5683365,-81.2545975,75060000,8.848,05176,SR 50,,R RIGHT,1 THRU LANE 1,E EAST,30 URBAN 6+LN 2WY DIVD RASD,03 STATE,01 NON-JUNCTION,01 ON ROADWAY,01 NOT AT INTERSECTION,03 CURB,40,"September 9, 2019",14 URBAN PRIN ART OTHER,36,PAVED,4,CURB&GUTTER,2,,0,34,58500,RCI,2.3,,50,2 POSSIBLE INJURY,31 Q/C COMPLETED - LOC VERIFIED,0 NO,01 NOT AT INTERSECTION/RRX/BRIDGE,01 DAYLIGHT,01 CLEAR,01 DRY,01 LEVEL,1 STRAIGHT,"TWO-WAY, DIVIDED, POSITIVE MED","TWO-WAY, DIVIDED, POSITIVE MED",NO CONTROLS,NO CONTROLS,6,NONE,NOT CODED,NOT CODED,NONE,NOT CODED,NOT CODED,14 MOTOR VEHICLE IN TRANSPORT,01 FRONT TO REAR,01 STRAIGHT AHEAD,OPERATED MV IN CARLESS OR NEGL,NO CONTRIBUTING ACTION,00 NOT CODED,00 NOT CODED,00 NOT CODED,00 NOT CODED,01 NO,3,0,0,0,3,0,3,3,N,N,N,N,N,N,N,N,N,N,N,N,N,N,N,N,N,N,N,N,N,N,N,N,N,N,28.568234647,-81.254663002,475093.422281,3160177.71687,R,,ARBM15Q1R2,"June 10, 2023",2929158,-9045228.052020874,3320806.597691291
2020882895200,2020,882895200,FHPD20OFF012966,FLORIDA HIGHWAY PATROL,05 FIFTH,ORANGE,"February 13, 2020",0610,FRIDAY,7546 ORLANDO,0746,N,SR 551,RIO PINAR LAKES BLVD,0,,28.52028,-81.2876499,28.52033,-81.2876936,75200000,3.079,01818,SR 551,,R RIGHT,2 THRU LANE 2,S SOUTH,20 URBAN 4-5LN 2WY DIVD RASD,03 STATE,02 INTERSECTION,01 ON ROADWAY,02 FOUR-WAY INTERSECTION,03 CURB,36,"February 11, 2020",16 URBAN MINOR ART,26,PAVED,4,CURB&GUTTER,2,,0,22,43500,RCI,3.6,,45,0 UNKNOWN/NOT CODED,31 Q/C COMPLETED - LOC VERIFIED,0 NO,02 AT INTERSECTION,03 DAWN,01 CLEAR,01 DRY,01 LEVEL,1 STRAIGHT,"TWO-WAY, DIVIDED, POSITIVE MED",,NO CONTROLS,NOT CODED,4,NONE,NOT CODED,NOT CODED,NONE,NOT CODED,NOT CODED,09 OTHER NON-COLLISION,77 OTHER (SEE NARRATIVE),01 STRAIGHT AHEAD,NOT CODED,NOT CODED,00 NOT CODED,00 NOT CODED,00 NOT CODED,00 NOT CODED,01 NO,0,0,0,0,0,0,1,0,N,N,N,Y,N,N,N,N,N,N,N,N,N,N,N,N,N,N,N,N,N,N,N,N,N,N,28.52006601,-81.287900973,471829.851703,3154848.728489,R,,ARBM15Q1R2,"June 10, 2023",2929159,-9048928.08701446,3314702.5335395993
2020882898430,2020,882898430,FHPD20OFF023395,FLORIDA HIGHWAY PATROL,05 FIFTH,ORANGE,"March 17, 2020",1241,WEDNESDAY,7546 ORLANDO,0746,N,SR 520,NOVA RD,0,,28.38177,-80.9202599,28.3817149,-80.9203982,75140000,15.157,01759,SR 520,,R RIGHT,2 THRU LANE 2,N NORTH,26 RURAL 4-5LN 2WY DIVD RASD,03 STATE,02 INTERSECTION,01 ON ROADWAY,03 T-INTERSECTION,02 UNPAVED,42,"March 2, 2020",04 RURAL PRIN ART OTHER,24,PAVED,5,LAWN,12,,0,40,19800,RCI,6.9,,65,1 NO INJURY,31 Q/C COMPLETED - LOC VERIFIED,0 NO,02 AT INTERSECTION,01 DAYLIGHT,01 CLEAR,01 DRY,01 LEVEL,1 STRAIGHT,"TWO-WAY, NOT DIVIDED","TWO-WAY, DIVIDED, POSITIVE MED",STOP SIGN,NO CONTROLS,4,NONE,NOT CODED,NOT CODED,NONE,NOT CODED,NOT CODED,14 MOTOR VEHICLE IN TRANSPORT,03 ANGLE,01 STRAIGHT AHEAD,NOT CODED,NO CONTRIBUTING ACTION,00 NOT CODED,00 NOT CODED,00 NOT CODED,00 NOT CODED,01 NO,0,0,0,0,1,0,2,1,N,N,N,Y,N,N,N,N,N,N,N,N,N,N,N,N,N,N,N,N,N,N,N,N,N,N,28.381484979,-80.920086586,507829.44496,3139465.187937,R,,ARBM15Q1R2,"June 10, 2023",2929160,-9007983.164261129,3297156.684713125
2020882898440,2020,882898440,FHPD20OFF023428,FLORIDA HIGHWAY PATROL,05 FIFTH,ORANGE,"March 17, 2020",1454,WEDNESDAY,7546 ORLANDO,0746,N,SR 50,CORNER SCHOOL DR,0.009,W,28.56184,-81.1331399,28.5617161,-81.1329742,75060000,16.3,05215,SR 50,,R RIGHT,1 THRU LANE 1,E EAST,23 SUBURBAN 4-5LN 2WY DIVD RASD,03 STATE,01 NON-JUNCTION,01 ON ROADWAY,01 NOT AT INTERSECTION,02 UNPAVED,36,"September 9, 2019",14 URBAN PRIN ART OTHER,24,PAVED,4,LAWN,6,,0,21,43000,RCI,5.1,,45,4 INCAPACITATING INJURY,31 Q/C COMPLETED - LOC VERIFIED,0 NO,03 INFLUENCED BY INTERSECTION,01 DAYLIGHT,01 CLEAR,01 DRY,01 LEVEL,1 STRAIGHT,"TWO-WAY, DIVIDED, POSITIVE MED","TWO-WAY, DIVIDED, POSITIVE MED",NO CONTROLS,NO CONTROLS,4,NONE,NOT CODED,NOT CODED,NONE,NOT CODED,NOT CODED,14 MOTOR VEHICLE IN TRANSPORT,"04 SIDESWIPE, SAME DIRECTION",06 CHANGING LANES,OTHER CONTRIBUTING ACTION,NO CONTRIBUTING ACTION,00 NOT CODED,00 NOT CODED,00 NOT CODED,00 NOT CODED,01 NO,1,0,1,0,3,0,3,3,N,N,N,Y,N,N,N,N,N,N,N,N,N,N,N,N,N,N,N,N,N,Y,N,N,Y,N,28.561685297,-81.133094027,486982.335068,3159432.911141,R,,ARBM15Q1R2,"June 10, 2023",2929161,-9031695.05168368,3319976.4820669233
2020882777940,2020,882777940,FHPD20OFF012284,FLORIDA HIGHWAY PATROL,05 FIFTH,ORANGE,"February 10, 2020",2223,TUESDAY,7546 ORLANDO,0746,N,SR 50,SHERMAN ST,0,,28.5653399,-81.1579899,28.5654052,-81.1576504,75060000,14.764,05212,SR 50,,R RIGHT,1 THRU LANE 1,W WEST,23 SUBURBAN 4-5LN 2WY DIVD RASD,03 STATE,01 NON-JUNCTION,01 ON ROADWAY,01 NOT AT INTERSECTION,03 CURB,36,"September 9, 2019",14 URBAN PRIN ART OTHER,24,PAVED,4,LAWN,6,,0,22,43000,RCI,5.1,0D4638,55,4 INCAPACITATING INJURY,31 Q/C COMPLETED - LOC VERIFIED,0 NO,02 AT INTERSECTION,04 DARK-LIGHTED,01 CLEAR,01 DRY,01 LEVEL,1 STRAIGHT,"TWO-WAY, DIVIDED, POSITIVE MED","TWO-WAY, DIVIDED, POSITIVE MED",NO CONTROLS,NO CONTROLS,4,NONE,NOT CODED,NOT CODED,NONE,NOT CODED,NOT CODED,14 MOTOR VEHICLE IN TRANSPORT,01 FRONT TO REAR,03 TURNING LEFT,FAILED TO YIELD RIGHT-OF-WAY,NO CONTRIBUTING ACTION,00 NOT CODED,00 NOT CODED,00 NOT CODED,00 NOT CODED,01 NO,1,0,1,0,2,0,2,2,N,N,N,Y,N,N,N,N,N,N,N,N,N,N,N,N,N,N,N,N,N,N,N,N,N,N,28.565337267,-81.15776914,484569.440378,3159840.421597,R,,ARBM15Q1R2,"June 10, 2023",2929175,-9034441.873555241,3320439.3549090917
2020882777960,2020,882777960,FHPD20OFF012617,FLORIDA HIGHWAY PATROL,05 FIFTH,ORANGE,"February 11, 2020",2144,WEDNESDAY,7546 ORLANDO,0746,N,OLD WINTER GARDEN RD,JOHN YOUNG PKWY,0,,28.54578,-81.4136,28.5457448,-81.4136953,75190001,39.514,04992,SR 423,,L LEFT,1 THRU LANE 1,W WEST,30 URBAN 6+LN 2WY DIVD RASD,05 LOCAL,01 NON-JUNCTION,01 ON ROADWAY,01 NOT AT INTERSECTION,03 CURB,38,"September 8, 2019",14 URBAN PRIN ART OTHER,36,CURB&GUTTER,2,,0,,0,36,50500,RCI,10.8,,45,2 POSSIBLE INJURY,31 Q/C COMPLETED - LOC VERIFIED,0 NO,02 AT INTERSECTION,04 DARK-LIGHTED,01 CLEAR,01 DRY,01 LEVEL,1 STRAIGHT,"TWO-WAY, DIVIDED, POSITIVE MED","TWO-WAY, DIVIDED, POSITIVE MED",NO CONTROLS,NO CONTROLS,6,NONE,NOT CODED,NOT CODED,NONE,NOT CODED,NOT CODED,14 MOTOR VEHICLE IN TRANSPORT,01 FRONT TO REAR,01 STRAIGHT AHEAD,OPERATED MV IN CARLESS OR NEGL,NO CONTRIBUTING ACTION,00 NOT CODED,00 NOT CODED,00 NOT CODED,00 NOT CODED,01 NO,1,0,0,0,2,0,2,2,N,N,N,Y,N,N,N,N,N,N,N,N,N,N,N,N,N,N,N,N,N,N,N,N,N,N,28.545780293,-81.413806881,459520.107715,3157733.514687,L,,ARBM15Q1R2,"June 10, 2023",2929176,-9062943.872722682,3317960.7714582337
2020882777970,2020,882777970,FHPD20OFF012624,FLORIDA HIGHWAY PATROL,05 FIFTH,ORANGE,"February 11, 2020",0000,WEDNESDAY,7546 ORLANDO,0746,N,HANSEL AVE,HOFFNER AVE,0,,28.47523,-81.3678699,28.4758822,-81.3678906,75040000,9.344,00710,SR 527,,R RIGHT,1 THRU LANE 1,N NORTH,40 URBAN ONE WAY,05 LOCAL,02 INTERSECTION,01 ON ROADWAY,02 FOUR-WAY INTERSECTION,03 CURB,33,"September 9, 2019",14 URBAN PRIN ART OTHER,24,PAVED,12,CURB&GUTTER,2,,0,,27000,RCI,5.1,,40,3 NO-INCAPACITATING INJURY,31 Q/C COMPLETED - LOC VERIFIED,0 NO,02 AT INTERSECTION,04 DARK-LIGHTED,01 CLEAR,01 DRY,01 LEVEL,1 STRAIGHT,ONE-WAY TRAFFICWAY,"TWO-WAY, NOT DIVIDED",TRAFFIC CONTROL SIGNAL,TRAFFIC CONTROL SIGNAL,2,NONE,NOT CODED,NOT CODED,NONE,NOT CODED,NOT CODED,14 MOTOR VEHICLE IN TRANSPORT,03 ANGLE,01 STRAIGHT AHEAD,RAN RED LIGHT,NO CONTRIBUTING ACTION,00 NOT CODED,00 NOT CODED,00 NOT CODED,00 NOT CODED,01 NO,1,0,0,0,2,0,2,3,N,N,N,Y,N,N,N,N,N,N,N,N,N,N,N,N,N,N,N,N,N,N,N,N,N,N,28.475889005,-81.367887564,463988.384862,3149975.989063,O,,ARBM15Q1R2,"June 10, 2023",2929177,-9057832.155916814,3309106.7511843587
2020882716460,2020,882716460,FHPD20OFF010256,FLORIDA HIGHWAY PATROL,05 FIFTH,ORANGE,"February 4, 2020",1000,WEDNESDAY,7546 ORLANDO,0746,N,SR 482,ORANGE BLOSSOM TR,0.014,W,28.45018,-81.40089,28.4502547,-81.4009022,75002000,4.604,05600,SR 482,,R RIGHT,L LEFT TURN,0,30 URBAN 6+LN 2WY DIVD RASD,03 STATE,01 NON-JUNCTION,01 ON ROADWAY,01 NOT AT INTERSECTION,03 CURB,40,"March 3, 2020",16 URBAN MINOR ART,36,CURB&GUTTER,2,,0,,0,30,46500,RCI,11.4,,45,2 POSSIBLE INJURY,31 Q/C COMPLETED - LOC VERIFIED,0 NO,03 INFLUENCED BY INTERSECTION,01 DAYLIGHT,01 CLEAR,01 DRY,00 NOT CODED,0 NOT CODED,"TWO-WAY, DIVIDED, POSITIVE MED","TWO-WAY, DIVIDED, POSITIVE MED",TRAFFIC CONTROL SIGNAL,TRAFFIC CONTROL SIGNAL,6,NONE,NOT CODED,NOT CODED,NONE,NOT CODED,NOT CODED,14 MOTOR VEHICLE IN TRANSPORT,01 FRONT TO REAR,00 NOT CODED,NOT CODED,NO CONTRIBUTING ACTION,00 NOT CODED,00 NOT CODED,00 NOT CODED,00 NOT CODED,01 NO,2,0,0,0,1,0,2,3,N,N,N,Y,N,N,N,N,N,N,N,N,N,N,N,N,N,N,N,N,N,N,N,N,N,N,28.450180798,-81.400891515,460748.183442,3147138.262245,R,,ARBM15Q1R2,"June 10, 2023",2929423,-9061506.14004388,3305851.439002608
2020882845670,2020,882845670,FHPD20OFF007292,FLORIDA HIGHWAY PATROL,08 TURNPIKE,ORANGE,"January 24, 2020",1709,SATURDAY,"7500 UNINCORPORATED, ORANGE",0700,N,SR 528,SR 520,4.2,E,28.4527199,-80.9095599,28.4527183,-80.9103951,75475000,4.2,03077,SR 528,,R RIGHT,2 THRU LANE 2,E EAST,04 TOLL ROAD RURAL,03 STATE,01 NON-JUNCTION,01 ON ROADWAY,01 NOT AT INTERSECTION,02 UNPAVED,41,"October 25, 2020",02 RURAL PRIN ART EXPR.,24,PAVED WARN,10,LAWN,12,,0,40,50000,RCI,12.8,,70,2 POSSIBLE INJURY,31 Q/C COMPLETED - LOC VERIFIED,0 NO,01 NOT AT INTERSECTION/RRX/BRIDGE,01 DAYLIGHT,01 CLEAR,01 DRY,01 LEVEL,1 STRAIGHT,"TWO-WAY, DIVIDED, POSITIVE MED","TWO-WAY, DIVIDED, POSITIVE MED",NO CONTROLS,NO CONTROLS,4,NONE,NOT CODED,NOT CODED,NONE,NOT CODED,NOT CODED,14 MOTOR VEHICLE IN TRANSPORT,01 FRONT TO REAR,01 STRAIGHT AHEAD,OPERATED MV IN CARLESS OR NEGL,NO CONTRIBUTING ACTION,00 NOT CODED,00 NOT CODED,00 NOT CODED,00 NOT CODED,01 NO,2,0,0,0,2,0,2,2,N,N,N,N,N,N,N,N,N,N,Y,N,N,N,N,N,N,N,N,N,Y,N,N,N,N,N,28.452713442,-80.910372158,508775.333621,3147356.685636,R,,ARBM15Q1R2,"June 10, 2023",2929440,-9006901.759023463,3306172.102582064
2020882922430,2020,882922430,FHPD20OFF012124,FLORIDA HIGHWAY PATROL,05 FIFTH,ORANGE,"February 10, 2020",1000,TUESDAY,7546 ORLANDO,0746,N,ORANGE BLOSSOM TRL,29TH ST,0.019,S,28.5126999,-81.39699,28.5124383,-81.3969856,75010000,11.382,00545,SR 500,US 17,R RIGHT,2 THRU LANE 2,N NORTH,20 URBAN 4-5LN 2WY DIVD RASD,04 COUNTY,01 NON-JUNCTION,01 ON ROADWAY,01 NOT AT INTERSECTION,01 PAVED,35,"March 1, 2020",14 URBAN PRIN ART OTHER,24,CURB&GUTTER,2,,0,,0,16,29500,RCI,6.9,,35,1 NO INJURY,31 Q/C COMPLETED - LOC VERIFIED,0 NO,03 INFLUENCED BY INTERSECTION,01 DAYLIGHT,01 CLEAR,01 DRY,01 LEVEL,1 STRAIGHT,"TWO-WAY, DIVIDED, POSITIVE MED","TWO-WAY, DIVIDED, POSITIVE MED",NO CONTROLS,NO CONTROLS,4,NONE,NOT CODED,NOT CODED,NONE,NOT CODED,NOT CODED,14 MOTOR VEHICLE IN TRANSPORT,"04 SIDESWIPE, SAME DIRECTION",11 OVERTAKING/PASSING,OPERATED MV IN CARLESS OR NEGL,NO CONTRIBUTING ACTION,00 NOT CODED,00 NOT CODED,00 NOT CODED,00 NOT CODED,01 NO,0,0,0,0,2,0,2,2,N,N,Y,Y,N,N,N,N,N,N,N,N,N,N,N,N,N,N,N,N,N,N,N,N,N,N,28.512450411,-81.396913224,461160.496196,3154035.471094,R,,ARBM15Q1R2,"June 10, 2023",2929448,-9061063.278767731,3313737.718633643
2020882922500,2020,882922500,FHPD20OFF017522,FLORIDA HIGHWAY PATROL,05 FIFTH,ORANGE,"February 27, 2020",0810,FRIDAY,7546 ORLANDO,0746,Y,MICHIGAN ST,ORANGE BLOSSOM TRL,0,N,28.5146673,-81.3951519,28.5145671,-81.3970138,75010000,11.529,01946,SR 500,US 17,T SIDE RD LEFT,2 THRU LANE 2,S SOUTH,20 URBAN 4-5LN 2WY DIVD RASD,04 COUNTY,01 NON-JUNCTION,01 ON ROADWAY,01 NOT AT INTERSECTION,01 PAVED,35,"March 1, 2020",14 URBAN PRIN ART OTHER,24,CURB&GUTTER,2,,0,,0,16,29500,RCI,6.9,,35,1 NO INJURY,31 Q/C COMPLETED - LOC VERIFIED,0 NO,03 INFLUENCED BY INTERSECTION,01 DAYLIGHT,01 CLEAR,01 DRY,01 LEVEL,1 STRAIGHT,"TWO-WAY, DIVIDED, POSITIVE MED","TWO-WAY, DIVIDED, POSITIVE MED",NO CONTROLS,NO CONTROLS,4,NONE,NOT CODED,NOT CODED,NONE,NOT CODED,NOT CODED,14 MOTOR VEHICLE IN TRANSPORT,"04 SIDESWIPE, SAME DIRECTION",06 CHANGING LANES,NOT CODED,NO CONTRIBUTING ACTION,00 NOT CODED,00 NOT CODED,00 NOT CODED,00 NOT CODED,01 NO,0,0,0,0,1,0,2,1,N,N,Y,Y,N,N,N,N,N,N,N,N,N,N,N,N,N,N,N,N,N,N,N,N,N,N,28.514574502,-81.396996887,461153.087774,3154270.815381,C,,ARBM15Q1R2,"June 10, 2023",2929449,-9061072.59202264,3314006.811121526
2020882916410,2020,882916410,FHPD20OFF021533,FLORIDA HIGHWAY PATROL,05 FIFTH,ORANGE,"March 10, 2020",1800,WEDNESDAY,7546 ORLANDO,0746,N,SR 551,TERN DR,0,,28.49708,-81.2853499,28.4970811,-81.2854148,75200000,1.383,02083,SR 551,,R RIGHT,D DRIVEWAY,E EAST,20 URBAN 4-5LN 2WY DIVD RASD,03 STATE,02 INTERSECTION,01 ON ROADWAY,03 T-INTERSECTION,03 CURB,28,"February 11, 2020",16 URBAN MINOR ART,26,CURB&GUTTER,2,,0,,0,28,39500,RCI,5.2,,45,2 POSSIBLE INJURY,31 Q/C COMPLETED - LOC VERIFIED,0 NO,04 DRIVEWAY ACCESS,02 DUSK,01 CLEAR,01 DRY,01 LEVEL,1 STRAIGHT,"TWO-WAY, NOT DIVIDED",,STOP SIGN,NOT CODED,4,NONE,NOT CODED,NOT CODED,NONE,NOT CODED,NOT CODED,14 MOTOR VEHICLE IN TRANSPORT,03 ANGLE,05 TURNING RIGHT,OPERATED MV IN CARLESS OR NEGL,NOT CODED,00 NOT CODED,00 NOT CODED,00 NOT CODED,00 NOT CODED,01 NO,1,0,0,0,1,1,1,2,N,N,N,N,N,N,N,N,N,N,Y,N,N,Y,Y,N,N,N,N,N,N,N,N,N,N,N,28.496569299,-81.28534692,472073.570854,3152245.069109,R,,ARBM15Q1R2,"June 10, 2023",2929458,-9048643.77091153,3311725.9768498475