Crash Id,Calendar Year,FDOT Crash Number,Reporting Agency Case Number,Reporting Agency Type,FDOT Managing District,County Name,Crash Date,Crash Time,Day,DHSMV City,Crash Report City Code,In Town,On Roadway Name,Int Roadway Name,Reference Distance (Miles),Reference Direction,Officer Latitude,Officer Longitude,FDOT Latitude,FDOT Longitude,FDOT Roadway,Nearest Inventory MP,Nearest Node From Crash,State Road #,US Highway,Crash Side of Road,Accident Lane Number,Travel Direction Vehicle 1,FDOT Road Category,DHSMV Road System Id,Relation to Junction,Crash Harmful Event Location,Intersection Type,Shoulder Type,FDOT Roadway SKID Test Result,FDOT Roadway SKID Test Date,Functional Class,RCI Surface Width,RCI Shoulder Type First,RCI Shoulder Width First,RCI Shoulder Type Second,RCI Shoulder Width Second,RCI Shoulder Type Third,RCI Shoulder Width Third,RCI Median Width,Avg Daily Traffic,AADT Source,RCI Avg Per Truck Traffic,RCI Horiz Curve Condition,Posted Speed Limit,Highest Injury in Crash,CAR Status Code,Alcohols/Drug Involved,Site Location,Lighting,Weather,Road Surface,Roadway Grade,Roadway Alignment,Traffic Way Vehicle 1,Traffic Way Vehicle 2,Traffic Control Vehicle 1,Traffic Control Vehicle 2,Count of Lanes,Road Condition 1,Road Condition 2,Road Condition 3,Environment Condition 1,Environment Condition 2,Environment Condition 3,Crash Harmful Event,Manner of Collision,Vehicle Movement,Driver Action Vehicle 1,Driver Action Vehicle 2,Location Within Workzone,Type of Workzone,Workers Present in Workzone,Law Enforcement Present in Workzone,School Bus Related,Count of Nonfatal Injuries,Count of Traffic Fatalities,Count of Serious Injuries,Count of Pedestrians,Count of Drivers,Count of Bicyclists,Count of Vehicles,Count of Persons,Wrong Way,Workzone Inv,Commercial Vehicle Inv,Intersection Inv,Lane Departure,Speeding,Agressive Driving,Impaired Driver,Impaired Pedestrian,Impaired Bicyclist,Distracted Driver,Speeding or Aggressive Driving,Pedestrian Related,Bicyclist Related,Pedestrian or Bicyclist Related,Motorcycle Inv,No Belt,No Belt - Ages 1-4,No Belt - Ages 5-12,No Belt - Ages 13-17,Driver - Ages Teen,Driver - Ages 65 plus,Driver - Ages 65-69,Driver - Ages 70-74,Driver - Ages 75-79,Driver - Ages 80 plus,ARBM Latitude,ARBM Longitude,UTM Zone 17N X,UTM Zone 17N Y,ARBM Side of Road,Urban Rural Indicator,GIS Street Source,Extract Date,OBJECTID,x,y
2020882969260,2020,882969260,FHPD20OFF011604,FLORIDA HIGHWAY PATROL,05 FIFTH,ORANGE,"February 8, 2020",1720,SUNDAY,7530 APOPKA,0730,N,SR 436,ROGER WILLIAMS RD,0,,28.6731179,-81.480501,28.6729981,-81.4845783,75120000,0.694,06157,SR 436,,R RIGHT,V BIKE LANE,N NORTH,30 URBAN 6+LN 2WY DIVD RASD,03 STATE,02 INTERSECTION,01 ON ROADWAY,03 T-INTERSECTION,03 CURB,36,"September 8, 2019",14 URBAN PRIN ART OTHER,48,PAVED,4,CURB&GUTTER,2,,0,33,34500,RCI,4.5,,45,2 POSSIBLE INJURY,31 Q/C COMPLETED - LOC VERIFIED,0 NO,02 AT INTERSECTION,02 DUSK,01 CLEAR,01 DRY,01 LEVEL,1 STRAIGHT,"TWO-WAY, NOT DIVIDED",,STOP SIGN,NOT CODED,8,NONE,NOT CODED,NOT CODED,NONE,NOT CODED,NOT CODED,14 MOTOR VEHICLE IN TRANSPORT,03 ANGLE,05 TURNING RIGHT,FAILED TO YIELD RIGHT-OF-WAY,NOT CODED,00 NOT CODED,00 NOT CODED,00 NOT CODED,00 NOT CODED,01 NO,1,0,0,0,1,1,1,2,N,N,N,Y,N,N,N,N,N,N,Y,N,N,Y,Y,N,N,N,N,N,N,N,N,N,N,N,28.672894512,-81.484650247,452646.943461,3171842.105955,R,,ARBM15Q1R2,"June 10, 2023",3123597,-9070830.122913562,3334079.02966054
2020882969280,2020,882969280,FHPD20OFF013186,FLORIDA HIGHWAY PATROL,05 FIFTH,ORANGE,"February 13, 2020",1647,FRIDAY,7533 ORLANDO TRANSIT AUTHORITY,0733,N,SR 429,SR 438,0.008,N,28.5712699,-81.55674,28.5723918,-81.556774,75320000,31.214,03398,SR 429,,R RIGHT,2 THRU LANE 2,N NORTH,03 TOLL ROAD URBAN,06 TURNPIKE/TOLL,01 NON-JUNCTION,01 ON ROADWAY,01 NOT AT INTERSECTION,01 PAVED,37,"November 11, 2019",12 URBAN PRIN ART EXPR.,24,PAVED WARN,8,VALLEY GUTR,3,,0,64,74500,RCI,4.6,,70,2 POSSIBLE INJURY,31 Q/C COMPLETED - LOC VERIFIED,0 NO,01 NOT AT INTERSECTION/RRX/BRIDGE,01 DAYLIGHT,01 CLEAR,01 DRY,01 LEVEL,1 STRAIGHT,"TWO-WAY, DIVIDED, POSITIVE MED","TWO-WAY, DIVIDED, POSITIVE MED",NO CONTROLS,NO CONTROLS,4,NONE,NOT CODED,NOT CODED,NONE,NOT CODED,NOT CODED,14 MOTOR VEHICLE IN TRANSPORT,01 FRONT TO REAR,01 STRAIGHT AHEAD,OPERATED MV IN CARLESS OR NEGL,NO CONTRIBUTING ACTION,00 NOT CODED,00 NOT CODED,00 NOT CODED,00 NOT CODED,01 NO,2,0,0,0,2,0,2,3,N,N,N,N,N,N,N,N,N,N,Y,N,N,N,N,N,N,N,N,N,N,N,N,N,N,N,28.572319158,-81.556769055,445548.54681,3160730.282844,R,,ARBM15Q1R2,"June 10, 2023",3123598,-9078858.353837926,3321324.3256900976
2020882969290,2020,882969290,FHPD20OFF014046,FLORIDA HIGHWAY PATROL,05 FIFTH,ORANGE,"February 16, 2020",1116,MONDAY,7533 ORLANDO TRANSIT AUTHORITY,0733,N,SR 528,INNOVATION WAY,0.019,E,28.4516099,-81.1757999,28.4516423,-81.1699282,75002000,18.729,05565,SR 528,,L LEFT,1 THRU LANE 1,W WEST,04 TOLL ROAD RURAL,06 TURNPIKE/TOLL,01 NON-JUNCTION,01 ON ROADWAY,01 NOT AT INTERSECTION,01 PAVED,37,"March 3, 2020",02 RURAL PRIN ART EXPR.,24,PAVED WARN,10,LAWN,12,,0,50,64000,RCI,2.6,,70,1 NO INJURY,31 Q/C COMPLETED - LOC VERIFIED,0 NO,01 NOT AT INTERSECTION/RRX/BRIDGE,01 DAYLIGHT,01 CLEAR,01 DRY,04 DOWNHILL,1 STRAIGHT,"TWO-WAY, DIVIDED, POSITIVE MED","TWO-WAY, DIVIDED, POSITIVE MED",NO CONTROLS,NO CONTROLS,4,NONE,NOT CODED,NOT CODED,NONE,NOT CODED,NOT CODED,14 MOTOR VEHICLE IN TRANSPORT,01 FRONT TO REAR,01 STRAIGHT AHEAD,OPERATED MV IN CARLESS OR NEGL,NO CONTRIBUTING ACTION,00 NOT CODED,00 NOT CODED,00 NOT CODED,00 NOT CODED,01 NO,0,0,0,0,2,0,2,2,N,N,N,N,N,N,N,N,N,N,Y,N,N,N,N,N,N,N,N,N,N,N,N,N,N,N,28.451830221,-81.169802411,483374.741445,3147267.306996,L,,ARBM15Q1R2,"June 10, 2023",3123599,-9035781.411099868,3306060.274952095
2020882969300,2020,882969300,FHPD20OFF015699,FLORIDA HIGHWAY PATROL,05 FIFTH,ORANGE,"February 21, 2020",1350,SATURDAY,7533 ORLANDO TRANSIT AUTHORITY,0733,N,SR 408,SR 436,0.019,W,28.53948,-81.31413,28.5393961,-81.3114304,75008000,9.593,01566,SR 408,,R RIGHT,2 THRU LANE 2,E EAST,03 TOLL ROAD URBAN,06 TURNPIKE/TOLL,01 NON-JUNCTION,01 ON ROADWAY,01 NOT AT INTERSECTION,01 PAVED,37,"March 2, 2020",12 URBAN PRIN ART EXPR.,48,PAVED WARN,8,VALLEY GUTR,3,,0,24,146500,RCI,4.5,,65,1 NO INJURY,31 Q/C COMPLETED - LOC VERIFIED,0 NO,01 NOT AT INTERSECTION/RRX/BRIDGE,01 DAYLIGHT,01 CLEAR,01 DRY,01 LEVEL,1 STRAIGHT,"TWO-WAY, DIVIDED, POSITIVE MED","TWO-WAY, DIVIDED, POSITIVE MED",NO CONTROLS,NO CONTROLS,8,NONE,NOT CODED,NOT CODED,NONE,NOT CODED,NOT CODED,14 MOTOR VEHICLE IN TRANSPORT,"04 SIDESWIPE, SAME DIRECTION",06 CHANGING LANES,FAILED TO KEEP IN PROPER LANE,NO CONTRIBUTING ACTION,00 NOT CODED,00 NOT CODED,00 NOT CODED,00 NOT CODED,01 NO,0,0,0,0,2,0,2,17,N,N,Y,N,Y,N,N,N,N,N,Y,N,N,N,N,N,N,N,N,N,Y,N,N,N,N,N,28.53943466,-81.311440642,469532.132582,3157000.228836,R,,ARBM15Q1R2,"June 10, 2023",3123600,-9051548.511734637,3317156.647227727
2020883102410,2020,883102410,FHPD20OFF023058,FLORIDA HIGHWAY PATROL,05 FIFTH,ORANGE,"March 16, 2020",0658,TUESDAY,7546 ORLANDO,0746,N,SR 551,VISTA BELLA LOOP,0.002,S,28.5046624,-81.285514,28.504813,-81.2854865,75200000,1.916,01820,SR 551,,L LEFT,1 THRU LANE 1,S SOUTH,20 URBAN 4-5LN 2WY DIVD RASD,04 COUNTY,01 NON-JUNCTION,01 ON ROADWAY,01 NOT AT INTERSECTION,03 CURB,28,"February 11, 2020",16 URBAN MINOR ART,26,CURB&GUTTER,2,,0,,0,22,43500,RCI,4.6,2D00,45,3 NO-INCAPACITATING INJURY,31 Q/C COMPLETED - LOC VERIFIED,0 NO,01 NOT AT INTERSECTION/RRX/BRIDGE,01 DAYLIGHT,01 CLEAR,01 DRY,01 LEVEL,1 STRAIGHT,"TWO-WAY, DIVIDED, POSITIVE MED","TWO-WAY, DIVIDED, POSITIVE MED",NO CONTROLS,NO CONTROLS,4,NONE,NOT CODED,NOT CODED,NONE,NOT CODED,NOT CODED,14 MOTOR VEHICLE IN TRANSPORT,01 FRONT TO REAR,01 STRAIGHT AHEAD,OPERATED MV IN CARLESS OR NEGL,NO CONTRIBUTING ACTION,04 ACTIVITY AREA,01 LANE CLOSURE,01 NO,01 NO,01 NO,1,0,0,0,4,0,4,5,N,Y,N,N,N,N,N,N,N,N,Y,N,N,N,N,N,N,N,N,N,N,N,N,N,N,N,28.504348036,-81.28553692,472057.025122,3153106.872896,L,,ARBM15Q1R2,"June 10, 2023",3123660,-9048664.921648638,3312711.3116927315
2020883139340,2020,883139340,FHPD20OFF025304,FLORIDA HIGHWAY PATROL,05 FIFTH,ORANGE,"March 27, 2020",1428,SATURDAY,7546 ORLANDO,0746,N,SR 551,DUVAL AVE,0,,28.4883899,-81.28547,28.488043,-81.285386,75200000,0.76,04405,SR 551,,L LEFT,S SIDE OF ROAD,W WEST,20 URBAN 4-5LN 2WY DIVD RASD,04 COUNTY,02 INTERSECTION,01 ON ROADWAY,03 T-INTERSECTION,01 PAVED,28,"February 11, 2020",16 URBAN MINOR ART,26,CURB&GUTTER,2,,0,,0,22,39500,RCI,5.2,,45,3 NO-INCAPACITATING INJURY,31 Q/C COMPLETED - LOC VERIFIED,0 NO,02 AT INTERSECTION,01 DAYLIGHT,01 CLEAR,01 DRY,01 LEVEL,1 STRAIGHT,"TWO-WAY, DIVIDED, POSITIVE MED",,STOP SIGN,NOT CODED,4,NONE,NOT CODED,NOT CODED,NONE,NOT CODED,NOT CODED,10 PEDESTRIAN,03 ANGLE,05 TURNING RIGHT,NO CONTRIBUTING ACTION,NOT CODED,00 NOT CODED,00 NOT CODED,00 NOT CODED,00 NOT CODED,01 NO,1,0,0,0,1,1,1,3,N,N,N,Y,N,N,N,N,N,N,N,N,N,Y,Y,N,N,N,N,N,N,N,N,N,N,N,28.487475212,-81.285456921,472060.410777,3151237.61674,L,,ARBM15Q1R2,"June 10, 2023",3124080,-9048656.016102556,3310574.1184331835
2020883152590,2020,883152590,FHPD20OFF023822,FLORIDA HIGHWAY PATROL,05 FIFTH,ORANGE,"March 19, 2020",1140,FRIDAY,"7500 UNINCORPORATED, ORANGE",0700,N,SR 551,CHAPEL TRACE APT,0.027,N,28.55138,-81.28592,28.5531911,-81.2859256,75200000,5.393,04389,SR 551,,R RIGHT,2 THRU LANE 2,S SOUTH,21 URBAN 4-5LN 2WY DIVD PAVD,03 STATE,04 DRIVEWAY/ALLEY ACCESS RELATED,01 ON ROADWAY,01 NOT AT INTERSECTION,03 CURB,29,"February 11, 2020",16 URBAN MINOR ART,26,CURB&GUTTER,2,,0,,0,14,36500,RCI,5.8,,45,1 NO INJURY,31 Q/C COMPLETED - LOC VERIFIED,0 NO,04 DRIVEWAY ACCESS,01 DAYLIGHT,01 CLEAR,01 DRY,01 LEVEL,1 STRAIGHT,"TWO-WAY, NOT DIV, W/CONT LTURN","TWO-WAY, NOT DIV, W/CONT LTURN",NO CONTROLS,NO CONTROLS,4,NONE,NOT CODED,NOT CODED,NONE,NOT CODED,NOT CODED,14 MOTOR VEHICLE IN TRANSPORT,03 ANGLE,03 TURNING LEFT,FAILED TO YIELD RIGHT-OF-WAY,NO CONTRIBUTING ACTION,00 NOT CODED,00 NOT CODED,00 NOT CODED,00 NOT CODED,01 NO,0,0,0,0,2,0,2,3,N,N,N,N,N,N,N,N,N,N,Y,N,N,N,N,N,N,N,N,N,N,N,N,N,N,N,28.553010855,-81.285945823,472029.859218,3158498.05195,C,,ARBM15Q1R2,"June 10, 2023",3124094,-9048710.44073694,3318877.0945046605
2020883152600,2020,883152600,FHPD20OFF024021,FLORIDA HIGHWAY PATROL,05 FIFTH,ORANGE,"March 20, 2020",0625,SATURDAY,7546 ORLANDO,0746,N,SR 520,SR 50,0.028,N,28.534987,-81.0786581,28.5349327,-81.0783678,75140040,0.028,03499,SR 50,,L LEFT,X RAMP,W WEST,08 RAMP RURAL,03 STATE,14 ENTRANCE/EXIT RAMP,02 OFF ROADWAY,01 NOT AT INTERSECTION,01 PAVED,0,"December 31, 2000",,15,PAVED,3,LAWN,12,,0,,850,RCI,3.8,,,1 NO INJURY,31 Q/C COMPLETED - LOC VERIFIED,0 NO,08 EXIT RAMP,05 DARK-NOT LIGHTED,01 CLEAR,01 DRY,01 LEVEL,1 STRAIGHT,ONE-WAY TRAFFICWAY,,NO CONTROLS,NOT CODED,1,NONE,NOT CODED,NOT CODED,NONE,NOT CODED,NOT CODED,32 TREE (STANDING),77 OTHER (SEE NARRATIVE),01 STRAIGHT AHEAD,RAN OFF ROADWAY,NOT CODED,00 NOT CODED,00 NOT CODED,00 NOT CODED,00 NOT CODED,01 NO,0,0,0,0,1,0,1,2,N,N,N,N,Y,N,N,N,N,N,Y,N,N,N,N,N,N,N,N,N,N,N,N,N,N,N,28.534926079,-81.078358862,492333.938769,3156463.692821,O,,ARBM15Q1R2,"June 10, 2023",3124095,-9025601.959120397,3316585.345824754
2020882969320,2020,882969320,FHPD20OFF015763,FLORIDA HIGHWAY PATROL,05 FIFTH,ORANGE,"February 21, 2020",1802,SATURDAY,7533 ORLANDO TRANSIT AUTHORITY,0733,N,SR 417,SR 408,0.095,S,28.5451699,-81.2554499,0,0,75300000,6.283,02855,SR 417,,R RIGHT,2 THRU LANE 2,N NORTH,03 TOLL ROAD URBAN,06 TURNPIKE/TOLL,01 NON-JUNCTION,01 ON ROADWAY,01 NOT AT INTERSECTION,01 PAVED,37,"November 12, 2019",12 URBAN PRIN ART EXPR.,36,PAVED WARN,8,VALLEY GUTR,3,,0,29,112500,RCI,5,,70,4 INCAPACITATING INJURY,31 Q/C COMPLETED - LOC VERIFIED,0 NO,01 NOT AT INTERSECTION/RRX/BRIDGE,01 DAYLIGHT,01 CLEAR,01 DRY,01 LEVEL,3 CURVE LEFT,"TWO-WAY, DIVIDED, POSITIVE MED","TWO-WAY, DIVIDED, POSITIVE MED",NO CONTROLS,NO CONTROLS,6,NONE,NOT CODED,NOT CODED,NONE,NOT CODED,NOT CODED,14 MOTOR VEHICLE IN TRANSPORT,"04 SIDESWIPE, SAME DIRECTION",06 CHANGING LANES,FAILED TO KEEP IN PROPER LANE,NO CONTRIBUTING ACTION,00 NOT CODED,00 NOT CODED,00 NOT CODED,00 NOT CODED,01 NO,1,0,1,0,2,0,2,2,N,N,N,N,Y,N,N,N,N,N,Y,N,N,N,N,N,N,N,N,N,N,Y,Y,N,N,N,28.546090055,-81.256431046,474915.254465,3157724.802079,R,,ARBM15Q1R2,"June 10, 2023",3124148,-9045424.86971062,3318000.026449394
2020882981920,2020,882981920,FHPD20OFF017591,FLORIDA HIGHWAY PATROL,05 FIFTH,ORANGE,"February 27, 2020",1227,FRIDAY,7542 OCOEE,0742,Y,COLONIAL DR,GOOD HOMES RD,0,,28.551739,-81.5052435,28.5518773,-81.5048308,75050000,9.338,05026,SR 50,,L LEFT,L LEFT TURN,E EAST,30 URBAN 6+LN 2WY DIVD RASD,03 STATE,01 NON-JUNCTION,01 ON ROADWAY,01 NOT AT INTERSECTION,03 CURB,44,"April 1, 2018",14 URBAN PRIN ART OTHER,36,PAVED,4,CURB&GUTTER,2,,0,30,31000,RCI,3,,45,2 POSSIBLE INJURY,31 Q/C COMPLETED - LOC VERIFIED,0 NO,02 AT INTERSECTION,01 DAYLIGHT,01 CLEAR,01 DRY,01 LEVEL,1 STRAIGHT,"TWO-WAY, DIVIDED, POSITIVE MED","TWO-WAY, DIVIDED, POSITIVE MED",NO CONTROLS,NO CONTROLS,6,NONE,NOT CODED,NOT CODED,NONE,NOT CODED,NOT CODED,14 MOTOR VEHICLE IN TRANSPORT,01 FRONT TO REAR,01 STRAIGHT AHEAD,OPERATED MV IN CARLESS OR NEGL,NO CONTRIBUTING ACTION,00 NOT CODED,00 NOT CODED,00 NOT CODED,00 NOT CODED,01 NO,1,0,0,0,2,0,2,3,N,N,Y,Y,N,N,N,N,N,N,Y,N,N,N,N,N,N,N,N,N,N,N,N,N,N,N,28.551984847,-81.504890377,450612.813279,3158455.031099,L,,ARBM15Q1R2,"June 10, 2023",3124192,-9073083.244084463,3318747.0647401675
2020883102420,2020,883102420,FHPD20OFF023076,FLORIDA HIGHWAY PATROL,05 FIFTH,ORANGE,"March 16, 2020",0856,TUESDAY,7546 ORLANDO,0746,N,SR 50,SR 436,0.189,E,28.5552171,-81.314231,28.5593337,-81.3076329,75060000,5.454,00082,SR 50,,L LEFT,3 THRU LANE 3,E EAST,30 URBAN 6+LN 2WY DIVD RASD,03 STATE,01 NON-JUNCTION,01 ON ROADWAY,01 NOT AT INTERSECTION,03 CURB,42,"September 9, 2019",14 URBAN PRIN ART OTHER,36,PAVED,4,CURB&GUTTER,2,,0,33,65000,RCI,3.5,,50,1 NO INJURY,31 Q/C COMPLETED - LOC VERIFIED,0 NO,01 NOT AT INTERSECTION/RRX/BRIDGE,01 DAYLIGHT,01 CLEAR,01 DRY,01 LEVEL,1 STRAIGHT,"TWO-WAY, DIVIDED, POSITIVE MED","TWO-WAY, DIVIDED, POSITIVE MED",NO CONTROLS,NO CONTROLS,6,NONE,NOT CODED,NOT CODED,NONE,NOT CODED,NOT CODED,14 MOTOR VEHICLE IN TRANSPORT,01 FRONT TO REAR,01 STRAIGHT AHEAD,NOT CODED,NO CONTRIBUTING ACTION,00 NOT CODED,00 NOT CODED,00 NOT CODED,00 NOT CODED,01 NO,0,0,0,0,1,0,2,1,N,N,N,N,N,N,N,N,N,N,N,N,N,N,N,N,N,N,N,N,N,N,N,N,N,N,28.559395761,-81.307705801,469903.185494,3159210.674417,L,,ARBM15Q1R2,"June 10, 2023",3124208,-9051132.75106919,3319686.299985829
2020883350610,2020,883350610,FHPD20OFF022502,FLORIDA HIGHWAY PATROL,05 FIFTH,ORANGE,"March 13, 2020",1901,SATURDAY,7546 ORLANDO,0746,N,SR 50,SEMORAN BLVD,0.095,E,28.55702,-81.3106999,28.5584347,-81.3087777,75060000,5.36,04780,SR 50,,L LEFT,L LEFT TURN,W WEST,33 SUBURBAN 6+LN 2WY DIVD RASD,03 STATE,01 NON-JUNCTION,01 ON ROADWAY,01 NOT AT INTERSECTION,03 CURB,42,"September 9, 2019",14 URBAN PRIN ART OTHER,36,PAVED,9,,0,,0,21,65000,RCI,3.5,,50,1 NO INJURY,31 Q/C COMPLETED - LOC VERIFIED,0 NO,01 NOT AT INTERSECTION/RRX/BRIDGE,01 DAYLIGHT,01 CLEAR,01 DRY,01 LEVEL,1 STRAIGHT,"TWO-WAY, DIVIDED, POSITIVE MED","TWO-WAY, DIVIDED, POSITIVE MED",NO CONTROLS,NO CONTROLS,6,NONE,NOT CODED,NOT CODED,NONE,NOT CODED,NOT CODED,14 MOTOR VEHICLE IN TRANSPORT,03 ANGLE,01 STRAIGHT AHEAD,OPERATED MV IN CARLESS OR NEGL,NO CONTRIBUTING ACTION,00 NOT CODED,00 NOT CODED,00 NOT CODED,00 NOT CODED,01 NO,0,0,0,0,2,0,2,2,N,N,N,N,N,N,N,N,N,N,N,N,N,N,N,N,N,N,N,N,N,N,N,N,N,N,28.558488,-81.308859187,469790.112621,3159110.398209,L,,ARBM15Q1R2,"June 10, 2023",3124807,-9051261.145489672,3319571.2497955873
2020882964620,2020,882964620,FHPL20OFF015765,FLORIDA HIGHWAY PATROL,08 TURNPIKE,ORANGE,"March 11, 2020",1621,THURSDAY,7546 ORLANDO,0746,N,SR 91,CENTRAL FLORIDA PKWY,0.5,S,28.4168899,-81.3918699,28.3990778,-81.3912822,75470000,3.592,08807,SR 91,,R RIGHT,S SIDE OF ROAD,N NORTH,03 TOLL ROAD URBAN,06 TURNPIKE/TOLL,01 NON-JUNCTION,02 OFF ROADWAY,01 NOT AT INTERSECTION,01 PAVED,30,"March 15, 2017",12 URBAN PRIN ART EXPR.,24,PAVED WARN,10,VALLEY GUTR,3.5,,0,40,77400,RCI,17.8,,70,2 POSSIBLE INJURY,31 Q/C COMPLETED - LOC VERIFIED,0 NO,01 NOT AT INTERSECTION/RRX/BRIDGE,01 DAYLIGHT,01 CLEAR,08 WATER (STANDING/MOVING),01 LEVEL,1 STRAIGHT,"TWO-WAY, DIVIDED, POSITIVE MED",,NO CONTROLS,NOT CODED,4,WORK ZONE (CONST/MNT/UTLTY)NTE,NOT CODED,NOT CODED,NONE,NOT CODED,NOT CODED,25 DITCH,77 OTHER (SEE NARRATIVE),01 STRAIGHT AHEAD,RAN OFF ROADWAY,NOT CODED,00 NOT CODED,00 NOT CODED,00 NOT CODED,00 NOT CODED,01 NO,1,0,0,0,1,0,1,1,N,Y,N,N,Y,N,N,N,N,N,N,N,N,N,N,N,N,N,N,N,N,Y,N,Y,N,N,28.39903349,-81.391279106,461670.935805,3141468.88873,R,,ARBM15Q1R2,"June 10, 2023",3125753,-9060436.09096543,3299377.2431297814
2020883269890,2020,883269890,FHPD20OFF021203,FLORIDA HIGHWAY PATROL,05 FIFTH,ORANGE,"March 9, 2020",1725,TUESDAY,"7500 UNINCORPORATED, ORANGE",0700,N,SR 551,SAVANNAH GRAND AVE,0.006,S,28.5854629,-81.2862812,28.5855108,-81.2863539,75200000,7.621,00312,SR 551,,R RIGHT,2 THRU LANE 2,N NORTH,20 URBAN 4-5LN 2WY DIVD RASD,03 STATE,01 NON-JUNCTION,01 ON ROADWAY,01 NOT AT INTERSECTION,03 CURB,29,"February 11, 2020",16 URBAN MINOR ART,26,CURB&GUTTER,2,,0,,0,16,34000,RCI,2.2,,45,2 POSSIBLE INJURY,31 Q/C COMPLETED - LOC VERIFIED,0 NO,03 INFLUENCED BY INTERSECTION,01 DAYLIGHT,01 CLEAR,01 DRY,01 LEVEL,1 STRAIGHT,"TWO-WAY, DIVIDED, POSITIVE MED","TWO-WAY, DIVIDED, POSITIVE MED",NO CONTROLS,NO CONTROLS,4,NONE,NOT CODED,NOT CODED,NONE,NOT CODED,NOT CODED,14 MOTOR VEHICLE IN TRANSPORT,01 FRONT TO REAR,01 STRAIGHT AHEAD,OPERATED MV IN CARLESS OR NEGL,NO CONTRIBUTING ACTION,00 NOT CODED,00 NOT CODED,00 NOT CODED,00 NOT CODED,01 NO,3,0,0,0,2,0,2,4,N,N,N,Y,N,N,N,N,N,N,N,N,N,N,N,N,N,N,N,N,N,Y,N,N,Y,N,28.585506135,-81.286284124,472005.36995,3162098.12425,R,,ARBM15Q1R2,"June 10, 2023",3125763,-9048748.100250052,3322995.9689466734
2020882955450,2020,882955450,FHPD20OFF011554,FLORIDA HIGHWAY PATROL,05 FIFTH,ORANGE,"February 8, 2020",1400,SUNDAY,"7500 UNINCORPORATED, ORANGE",0700,N,SR 536,SR 535,0.004,E,28.3574694,-81.4961714,28.3573883,-81.4970798,75035001,0.895,02588,SR 535,,S SIDE RD RIGHT,3 THRU LANE 3,W WEST,33 SUBURBAN 6+LN 2WY DIVD RASD,03 STATE,01 NON-JUNCTION,01 ON ROADWAY,01 NOT AT INTERSECTION,01 PAVED,35,"September 10, 2019",16 URBAN MINOR ART,36,PAVED,5,LAWN,12,,0,42,53000,RCI,7.8,,50,2 POSSIBLE INJURY,31 Q/C COMPLETED - LOC VERIFIED,0 NO,03 INFLUENCED BY INTERSECTION,01 DAYLIGHT,01 CLEAR,01 DRY,01 LEVEL,1 STRAIGHT,"TWO-WAY, DIVIDED, POSITIVE MED","TWO-WAY, DIVIDED, POSITIVE MED",NO CONTROLS,NO CONTROLS,6,NONE,NOT CODED,NOT CODED,NONE,NOT CODED,NOT CODED,14 MOTOR VEHICLE IN TRANSPORT,"04 SIDESWIPE, SAME DIRECTION",06 CHANGING LANES,FAILED TO KEEP IN PROPER LANE,NO CONTRIBUTING ACTION,00 NOT CODED,00 NOT CODED,00 NOT CODED,00 NOT CODED,01 NO,1,0,0,0,2,0,2,2,N,N,N,Y,N,N,N,N,N,N,Y,N,N,N,N,N,N,N,N,N,N,Y,N,Y,N,N,28.357448113,-81.497009931,451294.59368,3136900.09951,R,,ARBM15Q1R2,"June 10, 2023",3125792,-9072205.995881787,3294115.6932963543
2020883347540,2020,883347540,FHPD20OFF025780,FLORIDA HIGHWAY PATROL,05 FIFTH,ORANGE,"March 30, 2020",2126,TUESDAY,7546 ORLANDO,0746,N,SR 423,SR 408,0.005,N,28.5420761,-81.4135897,28.5413165,-81.4136272,75190001,39.209,04986,SR 423,,R RIGHT,L LEFT TURN,N NORTH,30 URBAN 6+LN 2WY DIVD RASD,03 STATE,01 NON-JUNCTION,01 ON ROADWAY,01 NOT AT INTERSECTION,03 CURB,33,"September 8, 2019",14 URBAN PRIN ART OTHER,38,CURB&GUTTER,2,,0,,0,30,50500,RCI,10.8,3D00,45,1 NO INJURY,31 Q/C COMPLETED - LOC VERIFIED,0 NO,01 NOT AT INTERSECTION/RRX/BRIDGE,04 DARK-LIGHTED,01 CLEAR,01 DRY,01 LEVEL,1 STRAIGHT,"TWO-WAY, DIVIDED, POSITIVE MED","TWO-WAY, DIVIDED, POSITIVE MED",NO CONTROLS,NO CONTROLS,6,NONE,NOT CODED,NOT CODED,NONE,NOT CODED,NOT CODED,14 MOTOR VEHICLE IN TRANSPORT,"04 SIDESWIPE, SAME DIRECTION",06 CHANGING LANES,OPERATED MV IN CARLESS OR NEGL,NO CONTRIBUTING ACTION,00 NOT CODED,00 NOT CODED,00 NOT CODED,00 NOT CODED,01 NO,0,0,0,0,2,0,2,2,N,N,N,N,Y,N,N,N,N,N,Y,N,N,N,N,N,N,N,N,N,N,N,N,N,N,N,28.541312312,-81.413531749,459545.315155,3157238.434156,R,,ARBM15Q1R2,"June 10, 2023",3125812,-9062913.24507059,3317394.5796707603