Crash Id,Calendar Year,FDOT Crash Number,Reporting Agency Case Number,Reporting Agency Type,FDOT Managing District,County Name,Crash Date,Crash Time,Day,DHSMV City,Crash Report City Code,In Town,On Roadway Name,Int Roadway Name,Reference Distance (Miles),Reference Direction,Officer Latitude,Officer Longitude,FDOT Latitude,FDOT Longitude,FDOT Roadway,Nearest Inventory MP,Nearest Node From Crash,State Road #,US Highway,Crash Side of Road,Accident Lane Number,Travel Direction Vehicle 1,FDOT Road Category,DHSMV Road System Id,Relation to Junction,Crash Harmful Event Location,Intersection Type,Shoulder Type,FDOT Roadway SKID Test Result,FDOT Roadway SKID Test Date,Functional Class,RCI Surface Width,RCI Shoulder Type First,RCI Shoulder Width First,RCI Shoulder Type Second,RCI Shoulder Width Second,RCI Shoulder Type Third,RCI Shoulder Width Third,RCI Median Width,Avg Daily Traffic,AADT Source,RCI Avg Per Truck Traffic,RCI Horiz Curve Condition,Posted Speed Limit,Highest Injury in Crash,CAR Status Code,Alcohols/Drug Involved,Site Location,Lighting,Weather,Road Surface,Roadway Grade,Roadway Alignment,Traffic Way Vehicle 1,Traffic Way Vehicle 2,Traffic Control Vehicle 1,Traffic Control Vehicle 2,Count of Lanes,Road Condition 1,Road Condition 2,Road Condition 3,Environment Condition 1,Environment Condition 2,Environment Condition 3,Crash Harmful Event,Manner of Collision,Vehicle Movement,Driver Action Vehicle 1,Driver Action Vehicle 2,Location Within Workzone,Type of Workzone,Workers Present in Workzone,Law Enforcement Present in Workzone,School Bus Related,Count of Nonfatal Injuries,Count of Traffic Fatalities,Count of Serious Injuries,Count of Pedestrians,Count of Drivers,Count of Bicyclists,Count of Vehicles,Count of Persons,Wrong Way,Workzone Inv,Commercial Vehicle Inv,Intersection Inv,Lane Departure,Speeding,Agressive Driving,Impaired Driver,Impaired Pedestrian,Impaired Bicyclist,Distracted Driver,Speeding or Aggressive Driving,Pedestrian Related,Bicyclist Related,Pedestrian or Bicyclist Related,Motorcycle Inv,No Belt,No Belt - Ages 1-4,No Belt - Ages 5-12,No Belt - Ages 13-17,Driver - Ages Teen,Driver - Ages 65 plus,Driver - Ages 65-69,Driver - Ages 70-74,Driver - Ages 75-79,Driver - Ages 80 plus,ARBM Latitude,ARBM Longitude,UTM Zone 17N X,UTM Zone 17N Y,ARBM Side of Road,Urban Rural Indicator,GIS Street Source,Extract Date,OBJECTID,x,y
2020892225050,2020,892225050,2020-00015192,COUNTY SHERIFF'S OFFICE,05 FIFTH,ORANGE,"January 12, 2020",1817,MONDAY,7546 ORLANDO,0746,Y,SILVER STAR RD,EUNICE AVE,0.2,E,0,0,28.5781119,-81.4191914,75250000,8.27,02276,SR 416,,L LEFT,2 THRU LANE 2,W WEST,14 SUBURBAN 2-3LN 2WY DIVD PAVD,03 STATE,01 NON-JUNCTION,01 ON ROADWAY,01 NOT AT INTERSECTION,01 PAVED,34,"September 8, 2019",16 URBAN MINOR ART,12,PAVED,4,LAWN,6,,0,10,16100,RCI,8.9,,40,1 NO INJURY,31 Q/C COMPLETED - LOC VERIFIED,0 NO,01 NOT AT INTERSECTION/RRX/BRIDGE,04 DARK-LIGHTED,01 CLEAR,01 DRY,01 LEVEL,1 STRAIGHT,"TWO-WAY, NOT DIVIDED","TWO-WAY, NOT DIVIDED",NO CONTROLS,NO CONTROLS,2,NONE,NONE,NONE,NONE,NONE,NONE,14 MOTOR VEHICLE IN TRANSPORT,01 FRONT TO REAR,14 SLOWING,FOLLOWED TOO CLOSELY,NO CONTRIBUTING ACTION,00 NOT CODED,00 NOT CODED,00 NOT CODED,00 NOT CODED,01 NO,0,0,0,0,2,0,2,2,N,N,N,N,N,N,N,N,N,N,N,N,N,N,N,N,N,N,N,N,N,N,N,N,N,N,28.578104649,-81.419142271,459010.703301,3161316.409259,C,,ARBM15Q1R2,"June 10, 2023",3133631,-9063537.805873197,3322057.6961146775
2020892225080,2020,892225080,2020-00034154,COUNTY SHERIFF'S OFFICE,05 FIFTH,ORANGE,"January 27, 2020",2055,TUESDAY,7546 ORLANDO,0746,Y,SR 436,DANUBE WAY,0,,0,0,28.5357979,-81.3105199,75003000,5.835,00863,SR 436,,R RIGHT,L LEFT TURN,S SOUTH,30 URBAN 6+LN 2WY DIVD RASD,03 STATE,01 NON-JUNCTION,01 ON ROADWAY,01 NOT AT INTERSECTION,03 CURB,36,"March 2, 2020",14 URBAN PRIN ART OTHER,33,CURB&GUTTER,2,,0,,0,16,56000,RCI,5.2,,45,1 NO INJURY,31 Q/C COMPLETED - LOC VERIFIED,0 NO,02 AT INTERSECTION,04 DARK-LIGHTED,01 CLEAR,01 DRY,01 LEVEL,1 STRAIGHT,"TWO-WAY, DIVIDED, POSITIVE MED","TWO-WAY, DIVIDED, POSITIVE MED",TRAFFIC CONTROL SIGNAL,NO CONTROLS,6,NONE,NOT CODED,NOT CODED,NONE,NOT CODED,NOT CODED,14 MOTOR VEHICLE IN TRANSPORT,02 FRONT TO FRONT,77 OTHER (SEE NARRATIVE),DISREGARDED OTHER TRAFFIC SIGN,NO CONTRIBUTING ACTION,00 NOT CODED,00 NOT CODED,00 NOT CODED,00 NOT CODED,01 NO,0,0,0,0,2,0,2,4,N,N,N,Y,N,N,N,N,N,N,Y,N,N,N,N,N,N,N,N,N,N,Y,Y,N,Y,N,28.535783643,-81.310444064,469628.580163,3156595.499079,R,,ARBM15Q1R2,"June 10, 2023",3133632,-9051437.573092306,3316694.0089620603
2020892230390,2020,892230390,2020-00039734,COUNTY SHERIFF'S OFFICE,05 FIFTH,ORANGE,"February 1, 2020",1330,SUNDAY,7546 ORLANDO,0746,Y,SR 400,SR 435,0.019,E,0,0,0,0,75280092,0.019,00117,SR 400,I 4,R RIGHT,X RAMP,E EAST,08 RAMP RURAL,01 INTERSTATE,14 ENTRANCE/EXIT RAMP,02 OFF ROADWAY,01 NOT AT INTERSECTION,01 PAVED,0,"December 31, 2000",11 URBAN PRIN ART INT.,24,PAVED,5,LAWN,4,,0,,14500,RCI,6.1,,,5 FATAL(WITHIN 30 DAYS) INJURY,31 Q/C COMPLETED - LOC VERIFIED,0 NO,07 ENTRANCE RAMP,01 DAYLIGHT,01 CLEAR,01 DRY,04 DOWNHILL,2 CURVE RIGHT,ONE-WAY TRAFFICWAY,,NO CONTROLS,NOT CODED,2,NONE,NOT CODED,NOT CODED,NONE,NOT CODED,NOT CODED,26 EMBANKMENT,77 OTHER (SEE NARRATIVE),01 STRAIGHT AHEAD,RAN OFF ROADWAY,NOT CODED,00 NOT CODED,00 NOT CODED,00 NOT CODED,00 NOT CODED,01 NO,0,1,0,0,1,0,1,1,N,N,N,N,Y,N,N,N,N,N,N,N,N,N,N,N,Y,N,N,N,N,Y,N,N,Y,N,28.466572191,-81.458369889,455127.260988,3148974.278871,O,,ARBM15Q1R2,"June 10, 2023",3133633,-9067904.605183113,3307926.914070081
2020892017540,2020,892017540,2020TA002696,COUNTY SHERIFF'S OFFICE,05 FIFTH,ORANGE,"February 27, 2020",1930,FRIDAY,7540 MAITLAND,0740,Y,SR 414,US 17,0,,0,0,0,0,75011005,0,04121,SR 414,,L LEFT,X RAMP,E EAST,07 RAMP URBAN,03 STATE,14 ENTRANCE/EXIT RAMP,01 ON ROADWAY,77 OTHER (SEE NARRATIVE),03 CURB,0,"December 31, 2000",,15,PAVED,5,LAWN,3,,0,,13000,RCI,6,,,2 POSSIBLE INJURY,31 Q/C COMPLETED - LOC VERIFIED,2 DRG,07 ENTRANCE RAMP,04 DARK-LIGHTED,01 CLEAR,01 DRY,04 DOWNHILL,2 CURVE RIGHT,"TWO-WAY, DIVIDED, POSITIVE MED",,NO CONTROLS,NOT CODED,1,NONE,NONE,NONE,NONE,NOT CODED,NOT CODED,30 CONCRETE TRAFFIC BARRIER,77 OTHER (SEE NARRATIVE),77 OTHER (SEE NARRATIVE),OPERATED MV IN CARLESS OR NEGL,NOT CODED,00 NOT CODED,00 NOT CODED,00 NOT CODED,00 NOT CODED,01 NO,1,0,0,0,1,0,1,1,Y,N,N,N,Y,N,N,N,N,N,N,N,N,N,N,N,N,N,N,N,N,N,N,N,N,N,28.639683502,-81.35720866,465087.8065,3168118.8661,O,,ARBM15Q1R2,"June 10, 2023",3133709,-9056643.38612826,3329865.9449182367
2020892017550,2020,892017550,2020TA002705,COUNTY SHERIFF'S OFFICE,05 FIFTH,ORANGE,"February 27, 2020",2305,FRIDAY,7540 MAITLAND,0740,Y,SR 414,MAITLAND AVE,0.246,W,0,0,28.6354346,-81.369603,75011000,1.496,01471,SR 414,,R RIGHT,1 THRU LANE 1,E EAST,20 URBAN 4-5LN 2WY DIVD RASD,03 STATE,01 NON-JUNCTION,01 ON ROADWAY,01 NOT AT INTERSECTION,03 CURB,38,"April 2, 2018",14 URBAN PRIN ART OTHER,24,CURB&GUTTER,2,,0,,0,32,60000,RCI,5.6,,45,2 POSSIBLE INJURY,31 Q/C COMPLETED - LOC VERIFIED,0 NO,01 NOT AT INTERSECTION/RRX/BRIDGE,04 DARK-LIGHTED,01 CLEAR,01 DRY,01 LEVEL,1 STRAIGHT,"TWO-WAY, DIVIDED, POSITIVE MED",,NO CONTROLS,NOT CODED,4,WORK ZONE (CONST/MNT/UTLTY)NTE,OBSTRUCTION IN ROADWAY,NOT CODED,NONE,NOT CODED,NOT CODED,18 OTHER NON-FIXED OBJECT,77 OTHER (SEE NARRATIVE),01 STRAIGHT AHEAD,SWERVED OR AVOIDED:  DUE TO WI,NOT CODED,04 ACTIVITY AREA,04 INTERMITTENT OR MOVING WORK,02 YES,01 NO,01 NO,1,0,0,1,1,0,1,2,N,Y,N,N,Y,N,N,N,N,N,N,N,Y,N,Y,N,N,N,N,N,N,N,N,N,N,N,28.635366887,-81.369516979,463883.351906,3167644.299069,R,,ARBM15Q1R2,"June 10, 2023",3133710,-9058013.542288853,3329318.4453073777
2020892220330,2020,892220330,2020-00002833,COUNTY SHERIFF'S OFFICE,05 FIFTH,ORANGE,"January 2, 2020",1357,FRIDAY,7546 ORLANDO,0746,Y,COLONIAL DR,MAGUIRE BLVD,0,,0,0,28.5533124,-81.3446414,75060000,3.098,05122,SR 50,,R RIGHT,2 THRU LANE 2,E EAST,30 URBAN 6+LN 2WY DIVD RASD,05 LOCAL,01 NON-JUNCTION,01 ON ROADWAY,02 FOUR-WAY INTERSECTION,01 PAVED,34,"September 9, 2019",14 URBAN PRIN ART OTHER,36,CURB&GUTTER,2,,0,,0,20,50500,RCI,3.5,,40,1 NO INJURY,31 Q/C COMPLETED - LOC VERIFIED,0 NO,02 AT INTERSECTION,01 DAYLIGHT,01 CLEAR,01 DRY,01 LEVEL,1 STRAIGHT,,"TWO-WAY, DIVIDED, POSITIVE MED",NOT CODED,NO CONTROLS,6,NONE,NOT CODED,NOT CODED,NONE,NOT CODED,NOT CODED,14 MOTOR VEHICLE IN TRANSPORT,"04 SIDESWIPE, SAME DIRECTION",01 STRAIGHT AHEAD,NOT CODED,NO CONTRIBUTING ACTION,00 NOT CODED,00 NOT CODED,00 NOT CODED,00 NOT CODED,01 NO,0,0,0,0,1,0,1,1,N,N,N,Y,N,N,N,N,N,N,N,N,N,N,N,N,N,N,N,N,N,N,N,N,N,N,28.553224913,-81.344702096,466282.575879,3158536.884817,R,,ARBM15Q1R2,"June 10, 2023",3134187,-9055251.161039846,3318904.222464516
2020892220340,2020,892220340,2020-00002820,COUNTY SHERIFF'S OFFICE,05 FIFTH,ORANGE,"January 2, 2020",1349,FRIDAY,7546 ORLANDO,0746,Y,I 4,CONROY RD,0.189,S,0,0,28.4900719,-81.4336232,75280001,0.389,03597,SR 400,I 4,R RIGHT,X RAMP,E EAST,08 RAMP RURAL,01 INTERSTATE,01 NON-JUNCTION,01 ON ROADWAY,01 NOT AT INTERSECTION,01 PAVED,0,"December 31, 2000",,24,PAVED,8,LAWN,2,,0,,21500,RCI,3.8,,,2 POSSIBLE INJURY,31 Q/C COMPLETED - LOC VERIFIED,0 NO,08 EXIT RAMP,01 DAYLIGHT,01 CLEAR,01 DRY,01 LEVEL,1 STRAIGHT,ONE-WAY TRAFFICWAY,ONE-WAY TRAFFICWAY,NO CONTROLS,NO CONTROLS,2,NONE,NOT CODED,NOT CODED,NONE,NOT CODED,NOT CODED,14 MOTOR VEHICLE IN TRANSPORT,01 FRONT TO REAR,01 STRAIGHT AHEAD,OPERATED MV IN CARLESS OR NEGL,NO CONTRIBUTING ACTION,00 NOT CODED,00 NOT CODED,00 NOT CODED,00 NOT CODED,01 NO,1,0,0,0,4,0,4,4,N,N,N,N,N,N,N,N,N,N,N,N,N,N,N,N,N,N,N,N,Y,N,N,N,N,N,28.490108516,-81.433521203,457569.290383,3151572.716881,O,,ARBM15Q1R2,"June 10, 2023",3134188,-9065138.461409168,3310907.642475092
2020892230480,2020,892230480,2020-00008504,COUNTY SHERIFF'S OFFICE,05 FIFTH,ORANGE,"January 7, 2020",1031,WEDNESDAY,7546 ORLANDO,0746,Y,SR 423,ACE RD,0,,0,0,28.588483,-81.4166922,75190000,5.69,06205,SR 423,,L LEFT,2 THRU LANE 2,S SOUTH,30 URBAN 6+LN 2WY DIVD RASD,03 STATE,02 INTERSECTION,01 ON ROADWAY,03 T-INTERSECTION,01 PAVED,35,"September 8, 2019",14 URBAN PRIN ART OTHER,36,PAVED,8,PAVED,4,CURB&GUTTER,2,22,50500,RCI,6.7,,45,3 NO-INCAPACITATING INJURY,31 Q/C COMPLETED - LOC VERIFIED,0 NO,02 AT INTERSECTION,01 DAYLIGHT,01 CLEAR,01 DRY,01 LEVEL,1 STRAIGHT,"TWO-WAY, DIVIDED, POSITIVE MED","TWO-WAY, DIVIDED, POSITIVE MED",NO CONTROLS,NO CONTROLS,6,NONE,NOT CODED,NOT CODED,NONE,NOT CODED,NOT CODED,14 MOTOR VEHICLE IN TRANSPORT,03 ANGLE,17 ENTERING TRAFFIC LANE,FAILED TO YIELD RIGHT-OF-WAY,NO CONTRIBUTING ACTION,00 NOT CODED,00 NOT CODED,00 NOT CODED,00 NOT CODED,01 NO,1,0,0,0,2,0,2,4,N,N,N,Y,N,N,N,N,N,N,N,N,N,N,N,N,N,N,N,N,Y,Y,Y,N,N,N,28.588585867,-81.416822577,459241.597616,3162476.791748,L,,ARBM15Q1R2,"June 10, 2023",3134206,-9063279.57870269,3323386.399780922
2020892016960,2020,892016960,2020TA001567,COUNTY SHERIFF'S OFFICE,05 FIFTH,ORANGE,"February 4, 2020",0807,WEDNESDAY,7540 MAITLAND,0740,Y,SR 414,MAITLAND CONCOURSE,0.028,W,0,0,28.6363499,-81.3661945,75011000,1.714,01472,SR 414,,R RIGHT,2 THRU LANE 2,E EAST,20 URBAN 4-5LN 2WY DIVD RASD,03 STATE,01 NON-JUNCTION,01 ON ROADWAY,01 NOT AT INTERSECTION,03 CURB,38,"April 2, 2018",14 URBAN PRIN ART OTHER,24,CURB&GUTTER,2,,0,,0,32,60000,RCI,5.6,,45,1 NO INJURY,31 Q/C COMPLETED - LOC VERIFIED,0 NO,03 INFLUENCED BY INTERSECTION,01 DAYLIGHT,01 CLEAR,01 DRY,01 LEVEL,1 STRAIGHT,"TWO-WAY, DIVIDED, POSITIVE MED","TWO-WAY, DIVIDED, POSITIVE MED",NO CONTROLS,NO CONTROLS,4,NONE,NOT CODED,NOT CODED,NONE,NOT CODED,NOT CODED,14 MOTOR VEHICLE IN TRANSPORT,01 FRONT TO REAR,01 STRAIGHT AHEAD,OPERATED MV IN CARLESS OR NEGL,NO CONTRIBUTING ACTION,04 ACTIVITY AREA,03 WORK ON SHOULDER OR MEDIAN,01 NO,01 NO,01 NO,0,0,0,0,2,0,2,2,N,Y,N,Y,N,N,N,N,N,N,N,N,N,N,N,N,N,N,N,N,Y,N,N,N,N,N,28.6362976,-81.366079152,464219.683892,3167746.375957,R,,ARBM15Q1R2,"June 10, 2023",3134240,-9057630.845015837,3329436.490771603
2020892016970,2020,892016970,2020TA001679,COUNTY SHERIFF'S OFFICE,05 FIFTH,ORANGE,"February 6, 2020",1459,FRIDAY,7540 MAITLAND,0740,Y,SR 414,HOPE RD,0.002,W,0,0,28.6308546,-81.3824502,75011000,0.627,04374,SR 414,,R RIGHT,L LEFT TURN,E EAST,20 URBAN 4-5LN 2WY DIVD RASD,03 STATE,01 NON-JUNCTION,01 ON ROADWAY,01 NOT AT INTERSECTION,03 CURB,38,"April 2, 2018",14 URBAN PRIN ART OTHER,24,PAVED,8,CURB&GUTTER,2,,0,32,60000,RCI,5.6,,45,1 NO INJURY,31 Q/C COMPLETED - LOC VERIFIED,0 NO,03 INFLUENCED BY INTERSECTION,01 DAYLIGHT,01 CLEAR,01 DRY,01 LEVEL,1 STRAIGHT,"TWO-WAY, DIVIDED, POSITIVE MED","TWO-WAY, DIVIDED, POSITIVE MED",NO CONTROLS,NO CONTROLS,4,NONE,NOT CODED,NOT CODED,NONE,NOT CODED,NOT CODED,14 MOTOR VEHICLE IN TRANSPORT,"04 SIDESWIPE, SAME DIRECTION",03 TURNING LEFT,FAILED TO KEEP IN PROPER LANE,NO CONTRIBUTING ACTION,04 ACTIVITY AREA,03 WORK ON SHOULDER OR MEDIAN,01 NO,01 NO,01 NO,0,0,0,0,2,0,2,3,N,Y,N,Y,N,N,N,N,N,N,N,N,N,N,N,N,N,N,N,N,N,N,N,N,N,N,28.630764967,-81.382406389,462621.898268,3167138.429109,R,,ARBM15Q1R2,"June 10, 2023",3134241,-9059448.385238342,3328734.7837856133
2020892017050,2020,892017050,2020TA001944,COUNTY SHERIFF'S OFFICE,05 FIFTH,ORANGE,"February 12, 2020",0951,THURSDAY,7540 MAITLAND,0740,Y,I 4,SR 414,0.003,S,0,0,28.6306142,-81.3906912,75280164,0.003,01461,SR 400,I 4,R RIGHT,X RAMP,W WEST,08 RAMP RURAL,01 INTERSTATE,01 NON-JUNCTION,01 ON ROADWAY,01 NOT AT INTERSECTION,01 PAVED,0,"December 31, 2000",,18,PAVED,5,,0,,0,,15500,RCI,6,,,1 NO INJURY,31 Q/C COMPLETED - LOC VERIFIED,0 NO,07 ENTRANCE RAMP,01 DAYLIGHT,01 CLEAR,01 DRY,01 LEVEL,1 STRAIGHT,ONE-WAY TRAFFICWAY,ONE-WAY TRAFFICWAY,NO CONTROLS,NO CONTROLS,1,NONE,NOT CODED,NOT CODED,NONE,NOT CODED,NOT CODED,14 MOTOR VEHICLE IN TRANSPORT,03 ANGLE,06 CHANGING LANES,OPERATED MV IN CARLESS OR NEGL,OPERATED MV IN CARLESS OR NEGL,04 ACTIVITY AREA,03 WORK ON SHOULDER OR MEDIAN,01 NO,01 NO,01 NO,0,0,0,0,2,0,2,2,N,Y,N,N,N,N,N,N,N,N,N,N,N,N,N,N,N,N,N,N,N,N,N,N,N,N,28.630616655,-81.390694962,461811.675829,3167124.617107,O,,ARBM15Q1R2,"June 10, 2023",3134243,-9060371.065283932,3328715.9736845167
2020892017560,2020,892017560,2020TA002744,COUNTY SHERIFF'S OFFICE,05 FIFTH,ORANGE,"February 29, 2020",1210,SUNDAY,7540 MAITLAND,0740,Y,I 4,SR 414,0.246,N,0,0,28.6346584,-81.387424,75280000,24.281,02364,SR 400,I 4,L LEFT,3 THRU LANE 3,S SOUTH,01 INTERSTATE URBAN,01 INTERSTATE,14 ENTRANCE/EXIT RAMP,01 ON ROADWAY,01 NOT AT INTERSECTION,01 PAVED,27,"September 16, 2014",11 URBAN PRIN ART INT.,36,PAVED WARN,10,LAWN,2,,0,40,121500,RCI,8.6,1D0000,55,2 POSSIBLE INJURY,31 Q/C COMPLETED - LOC VERIFIED,0 NO,01 NOT AT INTERSECTION/RRX/BRIDGE,04 DARK-LIGHTED,01 CLEAR,01 DRY,01 LEVEL,1 STRAIGHT,"TWO-WAY, DIVIDED, POSITIVE MED","TWO-WAY, DIVIDED, POSITIVE MED",NO CONTROLS,NO CONTROLS,6,NONE,NOT CODED,NOT CODED,NONE,NOT CODED,NOT CODED,14 MOTOR VEHICLE IN TRANSPORT,01 FRONT TO REAR,06 CHANGING LANES,OTHER CONTRIBUTING ACTION,NO CONTRIBUTING ACTION,00 NOT CODED,00 NOT CODED,00 NOT CODED,00 NOT CODED,01 NO,1,0,0,0,2,0,2,3,N,N,N,N,N,N,N,N,N,N,N,N,N,N,N,N,N,N,N,N,N,N,N,N,N,N,28.634668186,-81.387699825,462105.892256,3167572.520368,L,,ARBM15Q1R2,"June 10, 2023",3134248,-9060037.647927707,3329229.8274498903
2020892017570,2020,892017570,2020TA002763,COUNTY SHERIFF'S OFFICE,05 FIFTH,ORANGE,"February 29, 2020",2115,SUNDAY,7540 MAITLAND,0740,Y,SR 414,MAITLAND SUMMIT BLVD,0.189,E,0,0,28.6343275,-81.4008718,75011001,39.444,02544,SR 414,,M MEDIAN,M MIDDLE,E EAST,33 SUBURBAN 6+LN 2WY DIVD RASD,03 STATE,01 NON-JUNCTION,07 SEPARATOR,01 NOT AT INTERSECTION,03 CURB,29,"May 18, 2015",14 URBAN PRIN ART OTHER,36,PAVED,8,LAWN,2,,0,46,74000,RCI,6,,55,1 NO INJURY,31 Q/C COMPLETED - LOC VERIFIED,0 NO,01 NOT AT INTERSECTION/RRX/BRIDGE,04 DARK-LIGHTED,01 CLEAR,01 DRY,01 LEVEL,1 STRAIGHT,"TWO-WAY, DIVIDED, POSITIVE MED",,NO CONTROLS,NOT CODED,5,NONE,NOT CODED,NOT CODED,NONE,NOT CODED,NOT CODED,19 IMPACT ATTENUATOR/CRASH CUSION,77 OTHER (SEE NARRATIVE),88 UNKNOWN,OPERATED MV IN CARLESS OR NEGL,NOT CODED,00 NOT CODED,00 NOT CODED,00 NOT CODED,00 NOT CODED,01 NO,0,0,0,0,1,0,1,1,N,N,N,N,Y,N,N,N,N,N,N,N,N,N,N,N,N,N,N,N,N,N,N,N,N,N,28.634152797,-81.400898475,460815.642284,3167519.676515,R,,ARBM15Q1R2,"June 10, 2023",3134249,-9061506.915444598,3329164.459628208
2020892221110,2020,892221110,2020-00000186,COUNTY SHERIFF'S OFFICE,05 FIFTH,ORANGE,"December 31, 2019",0238,WEDNESDAY,7546 ORLANDO,0746,Y,SR 408,I 4,0,,0,0,28.5351321,-81.3867061,75008000,4.975,04838,SR 408,,M MEDIAN,M MIDDLE,W WEST,03 TOLL ROAD URBAN,06 TURNPIKE/TOLL,01 NON-JUNCTION,01 ON ROADWAY,01 NOT AT INTERSECTION,01 PAVED,35,"March 2, 2020",12 URBAN PRIN ART EXPR.,33,PAVED WARN,8,,0,,0,44,159500,RCI,4.5,,55,3 NO-INCAPACITATING INJURY,31 Q/C COMPLETED - LOC VERIFIED,0 NO,01 NOT AT INTERSECTION/RRX/BRIDGE,04 DARK-LIGHTED,01 CLEAR,01 DRY,01 LEVEL,1 STRAIGHT,"TWO-WAY, DIVIDED, POSITIVE MED",,NO CONTROLS,NOT CODED,5,WORK ZONE (CONST/MNT/UTLTY)NTE,NOT CODED,NOT CODED,NONE,NOT CODED,NOT CODED,30 CONCRETE TRAFFIC BARRIER,77 OTHER (SEE NARRATIVE),01 STRAIGHT AHEAD,OPERATED MV IN CARLESS OR NEGL,NOT CODED,04 ACTIVITY AREA,03 WORK ON SHOULDER OR MEDIAN,01 NO,01 NO,01 NO,1,0,0,0,1,0,1,1,N,Y,N,N,N,N,N,N,N,N,N,N,N,N,N,N,N,N,N,N,N,N,N,N,N,N,28.535134662,-81.386717961,462166.250693,3156545.289126,R,,ARBM15Q1R2,"June 10, 2023",3134279,-9059928.34699398,3316611.7747885515
2020892226280,2020,892226280,2020-00012145,COUNTY SHERIFF'S OFFICE,05 FIFTH,ORANGE,"January 10, 2020",0604,SATURDAY,7546 ORLANDO,0746,Y,ORANGE BLOSSOM TRL N,COUNTRY CLUB DR,0,,0,0,28.5599676,-81.397286,75020000,0.505,00587,SR 500,US 441,L LEFT,2 THRU LANE 2,0,21 URBAN 4-5LN 2WY DIVD PAVD,03 STATE,03 INTERSECTION-RELATED,01 ON ROADWAY,02 FOUR-WAY INTERSECTION,03 CURB,30,"January 22, 2020",14 URBAN PRIN ART OTHER,22,CURB&GUTTER,2,,0,,0,12,34500,RCI,5.8,,40,2 POSSIBLE INJURY,31 Q/C COMPLETED - LOC VERIFIED,0 NO,02 AT INTERSECTION,04 DARK-LIGHTED,01 CLEAR,01 DRY,00 NOT CODED,0 NOT CODED,NOT CODED,"TWO-WAY, NOT DIV, W/CONT LTURN",NOT CODED,TRAFFIC CONTROL SIGNAL,4,NONE,NOT CODED,NOT CODED,NONE,NOT CODED,NOT CODED,14 MOTOR VEHICLE IN TRANSPORT,01 FRONT TO REAR,00 NOT CODED,NOT CODED,NO CONTRIBUTING ACTION,00 NOT CODED,00 NOT CODED,00 NOT CODED,00 NOT CODED,01 NO,1,0,0,0,1,0,2,1,N,N,N,Y,N,N,N,N,N,N,N,N,N,N,N,N,N,N,N,N,N,N,N,N,N,N,28.559964653,-81.397366886,461133.5434,3159299.4965,L,,ARBM15Q1R2,"June 10, 2023",3134652,-9061113.780332634,3319758.4018561323
2020892230820,2020,892230820,2020-00020676,COUNTY SHERIFF'S OFFICE,05 FIFTH,ORANGE,"January 16, 2020",1735,FRIDAY,7546 ORLANDO,0746,Y,I 4,SR 423,0.5,S,0,0,28.5984625,-81.3861341,75280000,21.785,00411,SR 400,I 4,R RIGHT,2 THRU LANE 2,0,01 INTERSTATE URBAN,01 INTERSTATE,01 NON-JUNCTION,01 ON ROADWAY,01 NOT AT INTERSECTION,01 PAVED,25,"September 16, 2014",11 URBAN PRIN ART INT.,48,PAVED,10,LAWN,2,,0,25,135500,RCI,6.8,3D0000,50,1 NO INJURY,31 Q/C COMPLETED - LOC VERIFIED,0 NO,01 NOT AT INTERSECTION/RRX/BRIDGE,01 DAYLIGHT,01 CLEAR,01 DRY,00 NOT CODED,0 NOT CODED,NOT CODED,"TWO-WAY, DIVIDED, POSITIVE MED",NOT CODED,NO CONTROLS,8,NONE,NOT CODED,NOT CODED,NONE,NOT CODED,NOT CODED,14 MOTOR VEHICLE IN TRANSPORT,"04 SIDESWIPE, SAME DIRECTION",00 NOT CODED,NOT CODED,NO CONTRIBUTING ACTION,00 NOT CODED,00 NOT CODED,00 NOT CODED,00 NOT CODED,01 NO,0,0,0,0,1,0,2,1,N,N,N,N,Y,N,N,N,N,N,N,N,N,N,N,N,N,N,N,N,N,N,N,N,N,N,28.598477207,-81.386135862,462245.814651,3163562.553521,R,,ARBM15Q1R2,"June 10, 2023",3134653,-9059863.548215846,3324640.4464800213
2020892230900,2020,892230900,2020-00058082,COUNTY SHERIFF'S OFFICE,05 FIFTH,ORANGE,"February 15, 2020",1219,SUNDAY,7546 ORLANDO,0746,Y,ORANGE BLOSSOM TRL,SILVER STAR RD,0,,0,0,28.5782893,-81.4070255,75020000,1.926,02189,SR 500,US 441,R RIGHT,1 THRU LANE 1,N NORTH,20 URBAN 4-5LN 2WY DIVD RASD,02 U.S.,01 NON-JUNCTION,01 ON ROADWAY,02 FOUR-WAY INTERSECTION,01 PAVED,30,"January 22, 2020",14 URBAN PRIN ART OTHER,23,PAVED,6,CURB&GUTTER,2,,0,18,34000,RCI,4.6,,40,3 NO-INCAPACITATING INJURY,31 Q/C COMPLETED - LOC VERIFIED,0 NO,02 AT INTERSECTION,01 DAYLIGHT,01 CLEAR,01 DRY,01 LEVEL,1 STRAIGHT,"TWO-WAY, DIVIDED, POSITIVE MED","TWO-WAY, DIVIDED, POSITIVE MED",TRAFFIC CONTROL SIGNAL,NO CONTROLS,4,NONE,NOT CODED,NOT CODED,NONE,NOT CODED,NOT CODED,14 MOTOR VEHICLE IN TRANSPORT,03 ANGLE,03 TURNING LEFT,OTHER CONTRIBUTING ACTION,OTHER CONTRIBUTING ACTION,00 NOT CODED,00 NOT CODED,00 NOT CODED,00 NOT CODED,01 NO,1,0,0,0,2,0,2,4,N,N,N,Y,N,N,N,N,N,N,N,N,N,N,N,N,N,N,N,N,N,N,N,N,N,N,28.578306298,-81.406966882,460201.461442,3161334.642942,R,,ARBM15Q1R2,"June 10, 2023",3134654,-9062182.447505254,3322083.2578369994