Crash Id,Calendar Year,FDOT Crash Number,Reporting Agency Case Number,Reporting Agency Type,FDOT Managing District,County Name,Crash Date,Crash Time,Day,DHSMV City,Crash Report City Code,In Town,On Roadway Name,Int Roadway Name,Reference Distance (Miles),Reference Direction,Officer Latitude,Officer Longitude,FDOT Latitude,FDOT Longitude,FDOT Roadway,Nearest Inventory MP,Nearest Node From Crash,State Road #,US Highway,Crash Side of Road,Accident Lane Number,Travel Direction Vehicle 1,FDOT Road Category,DHSMV Road System Id,Relation to Junction,Crash Harmful Event Location,Intersection Type,Shoulder Type,FDOT Roadway SKID Test Result,FDOT Roadway SKID Test Date,Functional Class,RCI Surface Width,RCI Shoulder Type First,RCI Shoulder Width First,RCI Shoulder Type Second,RCI Shoulder Width Second,RCI Shoulder Type Third,RCI Shoulder Width Third,RCI Median Width,Avg Daily Traffic,AADT Source,RCI Avg Per Truck Traffic,RCI Horiz Curve Condition,Posted Speed Limit,Highest Injury in Crash,CAR Status Code,Alcohols/Drug Involved,Site Location,Lighting,Weather,Road Surface,Roadway Grade,Roadway Alignment,Traffic Way Vehicle 1,Traffic Way Vehicle 2,Traffic Control Vehicle 1,Traffic Control Vehicle 2,Count of Lanes,Road Condition 1,Road Condition 2,Road Condition 3,Environment Condition 1,Environment Condition 2,Environment Condition 3,Crash Harmful Event,Manner of Collision,Vehicle Movement,Driver Action Vehicle 1,Driver Action Vehicle 2,Location Within Workzone,Type of Workzone,Workers Present in Workzone,Law Enforcement Present in Workzone,School Bus Related,Count of Nonfatal Injuries,Count of Traffic Fatalities,Count of Serious Injuries,Count of Pedestrians,Count of Drivers,Count of Bicyclists,Count of Vehicles,Count of Persons,Wrong Way,Workzone Inv,Commercial Vehicle Inv,Intersection Inv,Lane Departure,Speeding,Agressive Driving,Impaired Driver,Impaired Pedestrian,Impaired Bicyclist,Distracted Driver,Speeding or Aggressive Driving,Pedestrian Related,Bicyclist Related,Pedestrian or Bicyclist Related,Motorcycle Inv,No Belt,No Belt - Ages 1-4,No Belt - Ages 5-12,No Belt - Ages 13-17,Driver - Ages Teen,Driver - Ages 65 plus,Driver - Ages 65-69,Driver - Ages 70-74,Driver - Ages 75-79,Driver - Ages 80 plus,ARBM Latitude,ARBM Longitude,UTM Zone 17N X,UTM Zone 17N Y,ARBM Side of Road,Urban Rural Indicator,GIS Street Source,Extract Date,OBJECTID,x,y
2020892225870,2020,892225870,2020-00002981,COUNTY SHERIFF'S OFFICE,05 FIFTH,ORANGE,"January 2, 2020",1510,FRIDAY,7546 ORLANDO,0746,Y,KIRKMAN RD,CONROY RD,0.161,S,0,0,28.4913978,-81.458922,75270000,2.902,03066,SR 435,,R RIGHT,3 THRU LANE 3,N NORTH,33 SUBURBAN 6+LN 2WY DIVD RASD,03 STATE,01 NON-JUNCTION,01 ON ROADWAY,01 NOT AT INTERSECTION,01 PAVED,32,"March 14, 2017",14 URBAN PRIN ART OTHER,36,PAVED,5,LAWN,7,,0,41,58000,RCI,6.1,,50,2 POSSIBLE INJURY,31 Q/C COMPLETED - LOC VERIFIED,0 NO,01 NOT AT INTERSECTION/RRX/BRIDGE,01 DAYLIGHT,01 CLEAR,01 DRY,01 LEVEL,1 STRAIGHT,"TWO-WAY, DIVIDED, POSITIVE MED","TWO-WAY, DIVIDED, POSITIVE MED",NO CONTROLS,NO CONTROLS,6,NONE,NONE,NONE,NONE,NONE,NONE,14 MOTOR VEHICLE IN TRANSPORT,01 FRONT TO REAR,01 STRAIGHT AHEAD,OPERATED MV IN CARLESS OR NEGL,NO CONTRIBUTING ACTION,00 NOT CODED,00 NOT CODED,00 NOT CODED,00 NOT CODED,01 NO,1,0,0,0,2,0,2,2,N,N,N,N,N,N,N,N,N,N,N,N,N,N,N,N,N,N,N,N,N,N,N,N,N,N,28.491704306,-81.458817935,455094.030214,3151758.703619,R,,ARBM15Q1R2,"June 10, 2023",3135231,-9067954.481598096,3311109.7632214515
2020892226100,2020,892226100,2020-00082198,COUNTY SHERIFF'S OFFICE,05 FIFTH,ORANGE,"March 8, 2020",1634,MONDAY,7546 ORLANDO,0746,Y,WINTER ROSE DR,ORANGE BLOSSOM TR N,0,,0,0,28.6087375,-81.4258446,75020000,4.349,01313,SR 500,US 441,T SIDE RD LEFT,1 THRU LANE 1,E EAST,23 SUBURBAN 4-5LN 2WY DIVD RASD,05 LOCAL,02 INTERSECTION,01 ON ROADWAY,02 FOUR-WAY INTERSECTION,03 CURB,40,"January 22, 2020",14 URBAN PRIN ART OTHER,23,PAVED,4,LAWN,6,,0,40,31500,RCI,4.6,,50,3 NO-INCAPACITATING INJURY,31 Q/C COMPLETED - LOC VERIFIED,0 NO,02 AT INTERSECTION,01 DAYLIGHT,02 CLOUDY,01 DRY,01 LEVEL,1 STRAIGHT,"TWO-WAY, NOT DIV, W/CONT LTURN","TWO-WAY, NOT DIV, W/CONT LTURN",TRAFFIC CONTROL SIGNAL,TRAFFIC CONTROL SIGNAL,4,OTHER (SEE NARRATIVE),NOT CODED,NOT CODED,NONE,NOT CODED,NOT CODED,14 MOTOR VEHICLE IN TRANSPORT,01 FRONT TO REAR,01 STRAIGHT AHEAD,OTHER CONTRIBUTING ACTION,NO CONTRIBUTING ACTION,00 NOT CODED,00 NOT CODED,00 NOT CODED,00 NOT CODED,01 NO,1,0,0,0,2,0,2,3,N,N,N,Y,N,N,N,N,N,N,Y,N,N,N,N,N,N,N,N,N,N,N,N,N,N,N,28.608718794,-81.426003853,458351.749025,3164710.408394,L,,ARBM15Q1R2,"June 10, 2023",3135232,-9064301.634051891,3325939.022398547
2020892017070,2020,892017070,2020TA002840,COUNTY SHERIFF'S OFFICE,05 FIFTH,ORANGE,"March 2, 2020",0835,TUESDAY,7540 MAITLAND,0740,Y,I 4,SR 414,0.005,N,0,0,28.631412,-81.3875783,75280000,24.057,02357,SR 400,I 4,R RIGHT,2 THRU LANE 2,E EAST,01 INTERSTATE URBAN,01 INTERSTATE,01 NON-JUNCTION,01 ON ROADWAY,01 NOT AT INTERSECTION,01 PAVED,27,"September 16, 2014",11 URBAN PRIN ART INT.,36,PAVED WARN,10,LAWN,2,,0,40,121500,RCI,8.6,1D0000,55,1 NO INJURY,31 Q/C COMPLETED - LOC VERIFIED,0 NO,01 NOT AT INTERSECTION/RRX/BRIDGE,01 DAYLIGHT,01 CLEAR,01 DRY,01 LEVEL,1 STRAIGHT,"TWO-WAY, DIVIDED, POSITIVE MED","TWO-WAY, DIVIDED, POSITIVE MED",NO CONTROLS,NO CONTROLS,7,NONE,NOT CODED,NOT CODED,NONE,NOT CODED,NOT CODED,14 MOTOR VEHICLE IN TRANSPORT,01 FRONT TO REAR,01 STRAIGHT AHEAD,OPERATED MV IN CARLESS OR NEGL,NO CONTRIBUTING ACTION,04 ACTIVITY AREA,03 WORK ON SHOULDER OR MEDIAN,01 NO,01 NO,01 NO,0,0,0,0,2,0,2,2,N,Y,N,N,N,N,N,N,N,N,N,N,N,N,N,N,N,N,N,N,N,N,N,N,N,N,28.631425988,-81.387545474,462119.814487,3167213.278674,R,,ARBM15Q1R2,"June 10, 2023",3135296,-9060020.465708066,3328818.6194419134
2020892017100,2020,892017100,2020TA003555,COUNTY SHERIFF'S OFFICE,05 FIFTH,ORANGE,"March 18, 2020",1417,THURSDAY,7540 MAITLAND,0740,Y,SR 414,US 17,0.009,E,0,0,28.6372169,-81.3606823,75011000,2.062,01473,SR 414,,R RIGHT,S SIDE OF ROAD,E EAST,24 SUBURBAN 4-5LN 2WY DIVD PAVD,03 STATE,01 NON-JUNCTION,01 ON ROADWAY,01 NOT AT INTERSECTION,01 PAVED,49,"May 18, 2015",14 URBAN PRIN ART OTHER,24,PAVED,8,VALLEY GUTR,2,,0,12,32500,RCI,5.6,,45,3 NO-INCAPACITATING INJURY,31 Q/C COMPLETED - LOC VERIFIED,0 NO,06 BRIDGE,01 DAYLIGHT,01 CLEAR,01 DRY,01 LEVEL,2 CURVE RIGHT,ONE-WAY TRAFFICWAY,,NO CONTROLS,NOT CODED,4,NONE,NOT CODED,NOT CODED,NONE,NOT CODED,NOT CODED,26 EMBANKMENT,77 OTHER (SEE NARRATIVE),15 NEGOTIATING A CURVE,OPERATED MV IN CARLESS OR NEGL,NOT CODED,00 NOT CODED,00 NOT CODED,00 NOT CODED,00 NOT CODED,01 NO,1,0,0,0,1,0,1,1,N,N,N,N,Y,N,N,N,N,N,N,N,N,N,N,Y,N,N,N,N,N,N,N,N,N,N,28.637164633,-81.360461191,464769.073024,3167840.763147,R,,ARBM15Q1R2,"June 10, 2023",3135297,-9057005.456293404,3329546.460316627
2020892218020,2020,892218020,2020-00021659,COUNTY SHERIFF'S OFFICE,05 FIFTH,ORANGE,"January 17, 2020",1338,SATURDAY,7546 ORLANDO,0746,Y,I 4,PRINCETON ST,0.028,N,0,0,28.5719878,-81.3756603,75280000,19.709,01340,SR 400,I 4,L LEFT,3 THRU LANE 3,W WEST,01 INTERSTATE URBAN,01 INTERSTATE,01 NON-JUNCTION,01 ON ROADWAY,01 NOT AT INTERSECTION,01 PAVED,25,"September 16, 2014",11 URBAN PRIN ART INT.,48,PAVED,10,CURB&GUTTER,2,,0,18,148500,RCI,7.5,,50,1 NO INJURY,31 Q/C COMPLETED - LOC VERIFIED,0 NO,01 NOT AT INTERSECTION/RRX/BRIDGE,01 DAYLIGHT,01 CLEAR,01 DRY,01 LEVEL,1 STRAIGHT,"TWO-WAY, DIVIDED, POSITIVE MED","TWO-WAY, DIVIDED, POSITIVE MED",NO CONTROLS,NO CONTROLS,8,NONE,NOT CODED,NOT CODED,NONE,NOT CODED,NOT CODED,14 MOTOR VEHICLE IN TRANSPORT,01 FRONT TO REAR,01 STRAIGHT AHEAD,OPERATED MV IN CARLESS OR NEGL,NO CONTRIBUTING ACTION,00 NOT CODED,00 NOT CODED,00 NOT CODED,00 NOT CODED,01 NO,0,0,0,0,2,0,2,2,N,N,Y,N,N,N,N,N,N,N,Y,N,N,N,N,N,N,N,N,N,N,N,N,N,N,N,28.572062404,-81.375860259,463241.327836,3160632.967198,L,,ARBM15Q1R2,"June 10, 2023",3135351,-9058719.672940556,3321291.7810542467
2020892218090,2020,892218090,2020-00063706,COUNTY SHERIFF'S OFFICE,05 FIFTH,ORANGE,"February 19, 2020",1454,THURSDAY,7546 ORLANDO,0746,Y,ORANGE BLOSSOM TRL N,WOODRUFF AVE,0.009,S,0,0,28.5645333,-81.400166,75020000,0.865,00588,SR 500,US 441,R RIGHT,L LEFT TURN,N NORTH,20 URBAN 4-5LN 2WY DIVD RASD,02 U.S.,03 INTERSECTION-RELATED,01 ON ROADWAY,03 T-INTERSECTION,03 CURB,30,"January 22, 2020",14 URBAN PRIN ART OTHER,23,PAVED,6,CURB&GUTTER,2,,0,15,34500,RCI,5.8,1D3000,40,1 NO INJURY,31 Q/C COMPLETED - LOC VERIFIED,0 NO,03 INFLUENCED BY INTERSECTION,01 DAYLIGHT,02 CLOUDY,01 DRY,01 LEVEL,1 STRAIGHT,"TWO-WAY, NOT DIV, W/CONT LTURN","TWO-WAY, NOT DIV, W/CONT LTURN",NO CONTROLS,NO CONTROLS,4,NONE,NOT CODED,NOT CODED,NONE,NOT CODED,NOT CODED,14 MOTOR VEHICLE IN TRANSPORT,01 FRONT TO REAR,01 STRAIGHT AHEAD,OPERATED MV IN CARLESS OR NEGL,NO CONTRIBUTING ACTION,00 NOT CODED,00 NOT CODED,00 NOT CODED,00 NOT CODED,01 NO,0,0,0,0,2,0,2,2,N,N,N,Y,N,N,N,N,N,N,N,N,N,N,N,N,N,N,N,N,N,N,N,N,N,N,28.56454689,-81.40011574,460866.370531,3159808.037565,R,,ARBM15Q1R2,"June 10, 2023",3135352,-9061419.78154559,3320339.1756353066
2020892218310,2020,892218310,2020-00016798,COUNTY SHERIFF'S OFFICE,05 FIFTH,ORANGE,"January 13, 2020",2126,TUESDAY,7546 ORLANDO,0746,Y,I 4,SR 408,0.028,N,0,0,28.5271506,-81.3857668,75280177,0.028,04830,SR 400,I 4,R RIGHT,X RAMP,E EAST,08 RAMP RURAL,01 INTERSTATE,01 NON-JUNCTION,01 ON ROADWAY,01 NOT AT INTERSECTION,01 PAVED,0,"December 31, 2000",,14,PAVED,5,,0,,0,,22500,RCI,4.5,,,1 NO INJURY,31 Q/C COMPLETED - LOC VERIFIED,0 NO,08 EXIT RAMP,04 DARK-LIGHTED,01 CLEAR,01 DRY,01 LEVEL,1 STRAIGHT,"TWO-WAY, DIVIDED, POSITIVE MED","TWO-WAY, DIVIDED, POSITIVE MED",NO CONTROLS,NO CONTROLS,1,NONE,NOT CODED,NOT CODED,NONE,NOT CODED,NOT CODED,14 MOTOR VEHICLE IN TRANSPORT,01 FRONT TO REAR,01 STRAIGHT AHEAD,OTHER CONTRIBUTING ACTION,NO CONTRIBUTING ACTION,04 ACTIVITY AREA,04 INTERMITTENT OR MOVING WORK,02 YES,01 NO,01 NO,0,0,0,0,2,0,2,2,N,Y,N,N,N,N,N,N,N,N,Y,N,N,N,N,N,N,N,N,N,N,N,N,N,N,N,28.527191812,-81.385770268,462256.137189,3155665.04097,O,,ARBM15Q1R2,"June 10, 2023",3135353,-9059822.850191994,3315605.358814974
2020892217270,2020,892217270,2020-00013936,COUNTY SHERIFF'S OFFICE,05 FIFTH,ORANGE,"January 11, 2020",2001,SUNDAY,7546 ORLANDO,0746,Y,SR 417,LAKE NONA BLVD,0.189,S,0,0,28.3779434,-81.2800788,75301000,12.704,04306,SR 417,,R RIGHT,2 THRU LANE 2,N NORTH,03 TOLL ROAD URBAN,03 STATE,01 NON-JUNCTION,01 ON ROADWAY,01 NOT AT INTERSECTION,01 PAVED,36,"November 12, 2019",12 URBAN PRIN ART EXPR.,24,PAVED WARN,12,LAWN,6,,0,64,69000,RCI,5,,70,2 POSSIBLE INJURY,31 Q/C COMPLETED - LOC VERIFIED,0 NO,01 NOT AT INTERSECTION/RRX/BRIDGE,04 DARK-LIGHTED,01 CLEAR,01 DRY,01 LEVEL,1 STRAIGHT,"TWO-WAY, DIVIDED, POSITIVE MED","TWO-WAY, DIVIDED, POSITIVE MED",NO CONTROLS,NO CONTROLS,4,NONE,NOT CODED,NOT CODED,NONE,NOT CODED,NOT CODED,14 MOTOR VEHICLE IN TRANSPORT,01 FRONT TO REAR,01 STRAIGHT AHEAD,OPERATED MV IN CARLESS OR NEGL,NO CONTRIBUTING ACTION,00 NOT CODED,00 NOT CODED,00 NOT CODED,00 NOT CODED,01 NO,1,0,0,0,2,0,2,3,N,N,N,N,N,N,N,N,N,N,Y,N,N,N,N,N,N,N,N,N,N,Y,Y,N,N,N,28.378153551,-81.279517093,472613.652855,3139125.283138,R,,ARBM15Q1R2,"June 10, 2023",3135368,-9047994.796840625,3296735.171579211
2020892018760,2020,892018760,2020TA003243,COUNTY SHERIFF'S OFFICE,05 FIFTH,ORANGE,"March 10, 2020",1818,WEDNESDAY,7540 MAITLAND,0740,Y,US 17,PACKWOOD AVE,0,,0,0,28.6260181,-81.3634993,75030000,7.65,01000,SR 15,US 17,R RIGHT,3 THRU LANE 3,N NORTH,30 URBAN 6+LN 2WY DIVD RASD,02 U.S.,01 NON-JUNCTION,01 ON ROADWAY,02 FOUR-WAY INTERSECTION,03 CURB,42,"March 1, 2020",14 URBAN PRIN ART OTHER,31,CURB&GUTTER,2,,0,,0,21,44500,RCI,4.4,,40,1 NO INJURY,31 Q/C COMPLETED - LOC VERIFIED,0 NO,02 AT INTERSECTION,01 DAYLIGHT,01 CLEAR,01 DRY,01 LEVEL,1 STRAIGHT,"TWO-WAY, DIVIDED, POSITIVE MED","TWO-WAY, DIVIDED, POSITIVE MED",NO CONTROLS,NO CONTROLS,6,NONE,NOT CODED,NOT CODED,NONE,NOT CODED,NOT CODED,14 MOTOR VEHICLE IN TRANSPORT,"04 SIDESWIPE, SAME DIRECTION",06 CHANGING LANES,FAILED TO KEEP IN PROPER LANE,NO CONTRIBUTING ACTION,00 NOT CODED,00 NOT CODED,00 NOT CODED,00 NOT CODED,01 NO,0,0,0,0,2,0,2,2,N,N,N,Y,N,N,N,N,N,N,N,N,N,N,N,N,N,N,N,N,N,N,N,N,N,N,28.625919953,-81.363416893,464476.398765,3166595.878029,R,,ARBM15Q1R2,"June 10, 2023",3135391,-9057334.483562274,3328120.318325737
2020892018880,2020,892018880,2020TA003668,COUNTY SHERIFF'S OFFICE,05 FIFTH,ORANGE,"March 22, 2020",1444,MONDAY,7540 MAITLAND,0740,Y,I 4,WYMORE RD,0.001,S,0,0,28.5974619,-81.3859477,75280000,21.715,00411,SR 400,I 4,L LEFT,1 THRU LANE 1,W WEST,01 INTERSTATE URBAN,01 INTERSTATE,01 NON-JUNCTION,01 ON ROADWAY,01 NOT AT INTERSECTION,01 PAVED,25,"September 16, 2014",11 URBAN PRIN ART INT.,48,PAVED,10,LAWN,2,,0,25,135500,RCI,6.8,3D0000,50,1 NO INJURY,31 Q/C COMPLETED - LOC VERIFIED,0 NO,01 NOT AT INTERSECTION/RRX/BRIDGE,01 DAYLIGHT,01 CLEAR,01 DRY,01 LEVEL,1 STRAIGHT,"TWO-WAY, DIVIDED, POSITIVE MED","TWO-WAY, DIVIDED, POSITIVE MED",NO CONTROLS,NO CONTROLS,8,NONE,NOT CODED,NOT CODED,NONE,NOT CODED,NOT CODED,14 MOTOR VEHICLE IN TRANSPORT,01 FRONT TO REAR,01 STRAIGHT AHEAD,OPERATED MV IN CARLESS OR NEGL,NO CONTRIBUTING ACTION,00 NOT CODED,00 NOT CODED,00 NOT CODED,00 NOT CODED,01 NO,0,0,0,0,2,0,2,2,N,N,N,N,N,N,N,N,N,N,N,N,N,N,N,N,N,N,N,N,N,N,N,N,N,N,28.597484229,-81.386184284,462240.725239,3163452.56053,L,,ARBM15Q1R2,"June 10, 2023",3135392,-9059868.938651072,3324514.5491343793
2020892018600,2020,892018600,2020TA003493,COUNTY SHERIFF'S OFFICE,05 FIFTH,ORANGE,"March 16, 2020",1111,TUESDAY,7540 MAITLAND,0740,Y,SR 414,MAITLAND AVE,0.085,W,0,0,28.6361106,-81.3670857,75011000,1.657,01472,SR 414,,R RIGHT,2 THRU LANE 2,E EAST,20 URBAN 4-5LN 2WY DIVD RASD,03 STATE,01 NON-JUNCTION,01 ON ROADWAY,01 NOT AT INTERSECTION,03 CURB,38,"April 2, 2018",14 URBAN PRIN ART OTHER,24,CURB&GUTTER,2,,0,,0,32,60000,RCI,5.6,,45,3 NO-INCAPACITATING INJURY,31 Q/C COMPLETED - LOC VERIFIED,0 NO,01 NOT AT INTERSECTION/RRX/BRIDGE,01 DAYLIGHT,01 CLEAR,01 DRY,01 LEVEL,1 STRAIGHT,"TWO-WAY, DIVIDED, POSITIVE MED","TWO-WAY, DIVIDED, POSITIVE MED",NO CONTROLS,NO CONTROLS,4,NONE,NOT CODED,NOT CODED,NONE,NOT CODED,NOT CODED,14 MOTOR VEHICLE IN TRANSPORT,01 FRONT TO REAR,01 STRAIGHT AHEAD,OPERATED MV IN CARLESS OR NEGL,NO CONTRIBUTING ACTION,00 NOT CODED,00 NOT CODED,00 NOT CODED,00 NOT CODED,01 NO,1,0,0,0,2,0,2,3,N,N,N,N,N,N,N,N,N,N,Y,N,N,N,N,N,N,N,N,N,N,N,N,N,N,N,28.636057698,-81.366978343,464131.715327,3167720.06744,R,,ARBM15Q1R2,"June 10, 2023",3135703,-9057730.942611432,3329406.062981572
2020892024790,2020,892024790,2021TA000387,COUNTY SHERIFF'S OFFICE,05 FIFTH,ORANGE,"January 11, 2020",1521,SUNDAY,7540 MAITLAND,0740,Y,MAITLAND AVE,SR 414,0,,0,0,28.6364675,-81.3657567,75011000,1.742,01472,SR 414,,T SIDE RD LEFT,1 THRU LANE 1,S SOUTH,20 URBAN 4-5LN 2WY DIVD RASD,05 LOCAL,01 NON-JUNCTION,01 ON ROADWAY,01 NOT AT INTERSECTION,03 CURB,38,"April 2, 2018",14 URBAN PRIN ART OTHER,24,CURB&GUTTER,2,,0,,0,32,60000,RCI,5.6,,45,1 NO INJURY,31 Q/C COMPLETED - LOC VERIFIED,0 NO,02 AT INTERSECTION,01 DAYLIGHT,01 CLEAR,01 DRY,01 LEVEL,1 STRAIGHT,"TWO-WAY, DIVIDED, UNPROTECTED","TWO-WAY, DIVIDED, UNPROTECTED",NO CONTROLS,NO CONTROLS,4,NONE,NOT CODED,NOT CODED,NONE,NOT CODED,NOT CODED,14 MOTOR VEHICLE IN TRANSPORT,01 FRONT TO REAR,01 STRAIGHT AHEAD,NO CONTRIBUTING ACTION,NO CONTRIBUTING ACTION,00 NOT CODED,00 NOT CODED,00 NOT CODED,00 NOT CODED,01 NO,0,0,0,0,2,0,2,4,N,N,N,Y,N,N,N,N,N,N,N,N,N,N,N,N,N,N,N,N,N,N,N,N,N,N,28.636535925,-81.365825313,464244.574901,3167772.703252,L,,ARBM15Q1R2,"June 10, 2023",3135778,-9057602.587803738,3329466.718505627
2020892194690,2020,892194690,2020-00012306,COUNTY SHERIFF'S OFFICE,05 FIFTH,ORANGE,"January 10, 2020",0958,SATURDAY,7546 ORLANDO,0746,Y,I 4,JOHN YOUNG PKWY,0,,0,0,28.5096707,-81.4163757,75280168,0,04266,SR 400,I 4,L LEFT,X RAMP,W WEST,08 RAMP RURAL,01 INTERSTATE,01 NON-JUNCTION,02 OFF ROADWAY,01 NOT AT INTERSECTION,01 PAVED,0,"December 31, 2000",,28,PAVED,12,LAWN,12,,0,,21500,RCI,3.8,,,1 NO INJURY,31 Q/C COMPLETED - LOC VERIFIED,0 NO,08 EXIT RAMP,01 DAYLIGHT,01 CLEAR,01 DRY,01 LEVEL,1 STRAIGHT,"TWO-WAY, DIVIDED, POSITIVE MED","TWO-WAY, DIVIDED, POSITIVE MED",NO CONTROLS,NO CONTROLS,2,NONE,NOT CODED,NOT CODED,NONE,NOT CODED,NOT CODED,14 MOTOR VEHICLE IN TRANSPORT,"04 SIDESWIPE, SAME DIRECTION",77 OTHER (SEE NARRATIVE),FAILED TO KEEP IN PROPER LANE,NO CONTRIBUTING ACTION,00 NOT CODED,00 NOT CODED,00 NOT CODED,00 NOT CODED,01 NO,0,0,0,0,2,0,2,3,N,N,N,N,Y,N,Y,N,N,N,N,Y,N,N,N,N,N,N,N,N,N,N,N,N,N,N,28.509683747,-81.416380998,459254.4176,3153735.4203,O,,ARBM15Q1R2,"June 10, 2023",3135816,-9063230.422017375,3313387.2292132326
2020892195790,2020,892195790,2020-00003571,COUNTY SHERIFF'S OFFICE,05 FIFTH,ORANGE,"January 3, 2020",0133,SATURDAY,7546 ORLANDO,0746,Y,SR 436,YEW DR,0,,0,0,28.5411164,-81.310586,75003000,6.201,04789,SR 436,,L LEFT,2 THRU LANE 2,N NORTH,30 URBAN 6+LN 2WY DIVD RASD,02 U.S.,02 INTERSECTION,01 ON ROADWAY,04 Y-INTERSECTION,03 CURB,38,"March 2, 2020",14 URBAN PRIN ART OTHER,33,CURB&GUTTER,2,,0,,0,22,60000,RCI,5.2,,45,1 NO INJURY,31 Q/C COMPLETED - LOC VERIFIED,0 NO,02 AT INTERSECTION,04 DARK-LIGHTED,01 CLEAR,01 DRY,01 LEVEL,1 STRAIGHT,"TWO-WAY, DIVIDED, POSITIVE MED","TWO-WAY, DIVIDED, POSITIVE MED",TRAFFIC CONTROL SIGNAL,TRAFFIC CONTROL SIGNAL,6,NONE,NONE,NONE,NONE,NONE,NONE,14 MOTOR VEHICLE IN TRANSPORT,03 ANGLE,03 TURNING LEFT,IMPROPER TURN,NO CONTRIBUTING ACTION,00 NOT CODED,00 NOT CODED,00 NOT CODED,00 NOT CODED,01 NO,0,0,0,0,2,0,2,3,N,N,N,Y,N,N,N,N,N,N,N,N,N,N,N,N,N,N,N,N,N,N,N,N,N,N,28.541134329,-81.310667613,469608.245248,3157188.330122,L,,ARBM15Q1R2,"June 10, 2023",3135817,-9051462.458657004,3317372.0261105685
2020892196880,2020,892196880,2020-00034848,COUNTY SHERIFF'S OFFICE,05 FIFTH,ORANGE,"January 29, 2020",1246,THURSDAY,7546 ORLANDO,0746,Y,SR 408,I 4,0,,0,0,28.5351245,-81.3886901,75008000,4.854,04807,SR 408,,R RIGHT,4 THRU LANE 4,E EAST,03 TOLL ROAD URBAN,01 INTERSTATE,01 NON-JUNCTION,01 ON ROADWAY,01 NOT AT INTERSECTION,01 PAVED,35,"March 2, 2020",12 URBAN PRIN ART EXPR.,33,PAVED WARN,8,,0,,0,44,101000,RCI,4.5,,55,1 NO INJURY,31 Q/C COMPLETED - LOC VERIFIED,0 NO,01 NOT AT INTERSECTION/RRX/BRIDGE,01 DAYLIGHT,01 CLEAR,01 DRY,01 LEVEL,1 STRAIGHT,"TWO-WAY, DIVIDED, POSITIVE MED","TWO-WAY, DIVIDED, POSITIVE MED",NO CONTROLS,NO CONTROLS,5,NONE,NOT CODED,NOT CODED,NONE,NOT CODED,NOT CODED,14 MOTOR VEHICLE IN TRANSPORT,01 FRONT TO REAR,01 STRAIGHT AHEAD,NO CONTRIBUTING ACTION,NO CONTRIBUTING ACTION,00 NOT CODED,00 NOT CODED,00 NOT CODED,00 NOT CODED,01 NO,0,0,0,0,2,0,2,3,N,N,Y,N,N,N,N,N,N,N,N,N,N,N,N,N,N,N,N,N,N,N,N,N,N,N,28.535134658,-81.388707341,461971.622216,3156545.917826,R,,ARBM15Q1R2,"June 10, 2023",3135818,-9060149.803830449,3316611.774268394
2020892197040,2020,892197040,2020-00002790,COUNTY SHERIFF'S OFFICE,05 FIFTH,ORANGE,"January 2, 2020",1320,FRIDAY,7546 ORLANDO,0746,Y,COLONIAL DR,MAGUIRE BLVD,0.085,W,0,0,28.5532891,-81.3460388,75060000,3.013,05121,SR 50,,L LEFT,D DRIVEWAY,S SOUTH,30 URBAN 6+LN 2WY DIVD RASD,03 STATE,01 NON-JUNCTION,01 ON ROADWAY,01 NOT AT INTERSECTION,01 PAVED,34,"September 9, 2019",14 URBAN PRIN ART OTHER,36,CURB&GUTTER,2,,0,,0,20,50500,RCI,3.5,,40,1 NO INJURY,31 Q/C COMPLETED - LOC VERIFIED,0 NO,04 DRIVEWAY ACCESS,01 DAYLIGHT,01 CLEAR,01 DRY,01 LEVEL,1 STRAIGHT,"TWO-WAY, NOT DIVIDED","TWO-WAY, NOT DIVIDED",STOP SIGN,NO CONTROLS,6,NONE,NOT CODED,NOT CODED,NONE,NOT CODED,NOT CODED,14 MOTOR VEHICLE IN TRANSPORT,"04 SIDESWIPE, SAME DIRECTION",11 OVERTAKING/PASSING,NOT CODED,FAILED TO KEEP IN PROPER LANE,00 NOT CODED,00 NOT CODED,00 NOT CODED,00 NOT CODED,01 NO,0,0,0,0,1,0,2,1,N,N,N,N,Y,N,N,N,N,N,N,N,N,N,N,N,N,N,N,N,N,N,N,N,N,N,28.5533764,-81.346107484,466145.153884,3158554.063519,L,,ARBM15Q1R2,"June 10, 2023",3135819,-9055407.608086083,3318923.4210538394