Crash Id,Calendar Year,FDOT Crash Number,Reporting Agency Case Number,Reporting Agency Type,FDOT Managing District,County Name,Crash Date,Crash Time,Day,DHSMV City,Crash Report City Code,In Town,On Roadway Name,Int Roadway Name,Reference Distance (Miles),Reference Direction,Officer Latitude,Officer Longitude,FDOT Latitude,FDOT Longitude,FDOT Roadway,Nearest Inventory MP,Nearest Node From Crash,State Road #,US Highway,Crash Side of Road,Accident Lane Number,Travel Direction Vehicle 1,FDOT Road Category,DHSMV Road System Id,Relation to Junction,Crash Harmful Event Location,Intersection Type,Shoulder Type,FDOT Roadway SKID Test Result,FDOT Roadway SKID Test Date,Functional Class,RCI Surface Width,RCI Shoulder Type First,RCI Shoulder Width First,RCI Shoulder Type Second,RCI Shoulder Width Second,RCI Shoulder Type Third,RCI Shoulder Width Third,RCI Median Width,Avg Daily Traffic,AADT Source,RCI Avg Per Truck Traffic,RCI Horiz Curve Condition,Posted Speed Limit,Highest Injury in Crash,CAR Status Code,Alcohols/Drug Involved,Site Location,Lighting,Weather,Road Surface,Roadway Grade,Roadway Alignment,Traffic Way Vehicle 1,Traffic Way Vehicle 2,Traffic Control Vehicle 1,Traffic Control Vehicle 2,Count of Lanes,Road Condition 1,Road Condition 2,Road Condition 3,Environment Condition 1,Environment Condition 2,Environment Condition 3,Crash Harmful Event,Manner of Collision,Vehicle Movement,Driver Action Vehicle 1,Driver Action Vehicle 2,Location Within Workzone,Type of Workzone,Workers Present in Workzone,Law Enforcement Present in Workzone,School Bus Related,Count of Nonfatal Injuries,Count of Traffic Fatalities,Count of Serious Injuries,Count of Pedestrians,Count of Drivers,Count of Bicyclists,Count of Vehicles,Count of Persons,Wrong Way,Workzone Inv,Commercial Vehicle Inv,Intersection Inv,Lane Departure,Speeding,Agressive Driving,Impaired Driver,Impaired Pedestrian,Impaired Bicyclist,Distracted Driver,Speeding or Aggressive Driving,Pedestrian Related,Bicyclist Related,Pedestrian or Bicyclist Related,Motorcycle Inv,No Belt,No Belt - Ages 1-4,No Belt - Ages 5-12,No Belt - Ages 13-17,Driver - Ages Teen,Driver - Ages 65 plus,Driver - Ages 65-69,Driver - Ages 70-74,Driver - Ages 75-79,Driver - Ages 80 plus,ARBM Latitude,ARBM Longitude,UTM Zone 17N X,UTM Zone 17N Y,ARBM Side of Road,Urban Rural Indicator,GIS Street Source,Extract Date,OBJECTID,x,y
2020892016520,2020,892016520,2020TA002599,COUNTY SHERIFF'S OFFICE,05 FIFTH,ORANGE,"February 26, 2020",1123,THURSDAY,7540 MAITLAND,0740,Y,SR 414,MAITLAND CONCOURSE,0.003,E,0,0,28.6364801,-81.3657098,75011000,1.745,01472,SR 414,,R RIGHT,1 THRU LANE 1,E EAST,20 URBAN 4-5LN 2WY DIVD RASD,03 STATE,03 INTERSECTION-RELATED,01 ON ROADWAY,02 FOUR-WAY INTERSECTION,03 CURB,38,"April 2, 2018",14 URBAN PRIN ART OTHER,24,CURB&GUTTER,2,,0,,0,32,32500,RCI,5.6,,45,1 NO INJURY,31 Q/C COMPLETED - LOC VERIFIED,0 NO,01 NOT AT INTERSECTION/RRX/BRIDGE,01 DAYLIGHT,01 CLEAR,01 DRY,01 LEVEL,1 STRAIGHT,"TWO-WAY, DIVIDED, POSITIVE MED","TWO-WAY, DIVIDED, POSITIVE MED",NO CONTROLS,NO CONTROLS,4,NONE,NOT CODED,NOT CODED,NONE,NOT CODED,NOT CODED,14 MOTOR VEHICLE IN TRANSPORT,"04 SIDESWIPE, SAME DIRECTION",03 TURNING LEFT,NO CONTRIBUTING ACTION,NO CONTRIBUTING ACTION,00 NOT CODED,00 NOT CODED,00 NOT CODED,00 NOT CODED,01 NO,0,0,0,0,2,0,2,2,N,N,N,N,N,N,N,N,N,N,N,N,N,N,N,N,N,N,N,N,N,Y,N,N,N,Y,28.63642915,-81.365589489,464267.588129,3167760.803521,R,,ARBM15Q1R2,"June 10, 2023",3139740,-9057576.33600424,3329453.175742908
2020892224800,2020,892224800,2020-00000193,COUNTY SHERIFF'S OFFICE,05 FIFTH,ORANGE,"December 31, 2019",0243,WEDNESDAY,7546 ORLANDO,0746,Y,SR 50,GARLAND AVE,0.028,E,0,0,28.5530991,-81.3813501,75060000,0.867,05021,SR 50,US 17,L LEFT,2 THRU LANE 2,N NORTH,20 URBAN 4-5LN 2WY DIVD RASD,03 STATE,01 NON-JUNCTION,01 ON ROADWAY,02 FOUR-WAY INTERSECTION,01 PAVED,33,"September 9, 2019",14 URBAN PRIN ART OTHER,22,PAVED,6,CURB&GUTTER,2,,0,8,36000,RCI,4.8,,40,2 POSSIBLE INJURY,31 Q/C COMPLETED - LOC VERIFIED,0 NO,03 INFLUENCED BY INTERSECTION,05 DARK-NOT LIGHTED,01 CLEAR,01 DRY,01 LEVEL,1 STRAIGHT,"TWO-WAY, NOT DIVIDED","TWO-WAY, DIVIDED, UNPROTECTED",TRAFFIC CONTROL SIGNAL,NO CONTROLS,4,NONE,NONE,NONE,NONE,NOT CODED,NOT CODED,01 OVERTURN/ROLLOVER,03 ANGLE,01 STRAIGHT AHEAD,RAN RED LIGHT,NO CONTRIBUTING ACTION,00 NOT CODED,00 NOT CODED,00 NOT CODED,00 NOT CODED,01 NO,3,0,0,0,2,0,2,6,N,N,N,Y,N,N,N,N,N,N,N,N,N,N,N,N,N,N,N,N,N,N,N,N,N,N,28.553103781,-81.381368266,462695.962871,3158534.327395,C,,ARBM15Q1R2,"June 10, 2023",3139747,-9059332.821568254,3318888.8709539366
2020892224880,2020,892224880,2020-00011357,COUNTY SHERIFF'S OFFICE,05 FIFTH,ORANGE,"January 9, 2020",1452,FRIDAY,7546 ORLANDO,0746,Y,KIRKMAN RD,RALEIGH ST,0.002,S,0,0,28.527856,-81.4592604,75270000,5.398,00127,SR 435,,R RIGHT,R RIGHT TURN,N NORTH,33 SUBURBAN 6+LN 2WY DIVD RASD,03 STATE,03 INTERSECTION-RELATED,01 ON ROADWAY,02 FOUR-WAY INTERSECTION,01 PAVED,28,"March 14, 2017",14 URBAN PRIN ART OTHER,36,PAVED,5,LAWN,7,,0,40,59500,RCI,6.1,,50,2 POSSIBLE INJURY,31 Q/C COMPLETED - LOC VERIFIED,0 NO,03 INFLUENCED BY INTERSECTION,01 DAYLIGHT,01 CLEAR,01 DRY,01 LEVEL,1 STRAIGHT,"TWO-WAY, DIVIDED, POSITIVE MED",,TRAFFIC CONTROL SIGNAL,NOT CODED,6,NONE,NOT CODED,NOT CODED,NONE,NOT CODED,NOT CODED,14 MOTOR VEHICLE IN TRANSPORT,77 OTHER (SEE NARRATIVE),05 TURNING RIGHT,FAILED TO YIELD RIGHT-OF-WAY,NOT CODED,00 NOT CODED,00 NOT CODED,00 NOT CODED,00 NOT CODED,01 NO,1,0,0,0,1,1,1,2,N,N,N,Y,N,N,N,N,N,N,N,N,N,Y,Y,N,N,N,N,N,N,N,N,N,N,N,28.528019794,-81.459147857,455077.128441,3155782.050738,R,,ARBM15Q1R2,"June 10, 2023",3139748,-9067991.208533913,3315710.2662478136
2020892224930,2020,892224930,2020-00062856,COUNTY SHERIFF'S OFFICE,05 FIFTH,ORANGE,"February 19, 2020",0005,THURSDAY,7546 ORLANDO,0746,Y,ORANGE AVE S,MICHIGAN ST,0,,0,0,28.5135772,-81.3763168,75040000,12.033,01755,SR 527,,L LEFT,2 THRU LANE 2,S SOUTH,21 URBAN 4-5LN 2WY DIVD PAVD,05 LOCAL,02 INTERSECTION,01 ON ROADWAY,02 FOUR-WAY INTERSECTION,01 PAVED,40,"October 27, 2020",14 URBAN PRIN ART OTHER,22,CURB&GUTTER,2,CURB&GUTTER,2,,0,21,38138,RCI,5.9,,40,1 NO INJURY,31 Q/C COMPLETED - LOC VERIFIED,1 ALC,02 AT INTERSECTION,05 DARK-NOT LIGHTED,01 CLEAR,01 DRY,01 LEVEL,1 STRAIGHT,"TWO-WAY, NOT DIVIDED","TWO-WAY, NOT DIVIDED",TRAFFIC CONTROL SIGNAL,TRAFFIC CONTROL SIGNAL,4,NONE,NOT CODED,NOT CODED,NONE,NOT CODED,NOT CODED,14 MOTOR VEHICLE IN TRANSPORT,01 FRONT TO REAR,01 STRAIGHT AHEAD,OPERATED MV IN CARLESS OR NEGL,NO CONTRIBUTING ACTION,00 NOT CODED,00 NOT CODED,00 NOT CODED,00 NOT CODED,01 NO,0,0,0,0,2,0,3,2,N,N,N,Y,N,N,N,Y,N,N,Y,N,N,N,N,N,N,N,N,N,N,N,N,N,N,N,28.513585402,-81.376326289,463175.418471,3154154.721709,C,,ARBM15Q1R2,"June 10, 2023",3139749,-9058771.550957683,3313881.5053372798
2020892221120,2020,892221120,2020-00050038,COUNTY SHERIFF'S OFFICE,05 FIFTH,ORANGE,"February 9, 2020",1300,MONDAY,7546 ORLANDO,0746,Y,CARTER ST,ORANGE BLOSSOM TRL,0,,0,0,28.534782,-81.3971725,75010000,12.92,00567,SR 500,US 17,T SIDE RD LEFT,1 THRU LANE 1,E EAST,20 URBAN 4-5LN 2WY DIVD RASD,02 U.S.,01 NON-JUNCTION,01 ON ROADWAY,77 OTHER (SEE NARRATIVE),01 PAVED,35,"March 1, 2020",14 URBAN PRIN ART OTHER,24,CURB&GUTTER,2,,0,,0,16,38000,RCI,9.7,,35,1 NO INJURY,31 Q/C COMPLETED - LOC VERIFIED,0 NO,02 AT INTERSECTION,01 DAYLIGHT,01 CLEAR,01 DRY,01 LEVEL,1 STRAIGHT,ONE-WAY TRAFFICWAY,ONE-WAY TRAFFICWAY,NO CONTROLS,TRAFFIC CONTROL SIGNAL,4,NONE,NOT CODED,NOT CODED,NONE,NOT CODED,NOT CODED,14 MOTOR VEHICLE IN TRANSPORT,"04 SIDESWIPE, SAME DIRECTION",01 STRAIGHT AHEAD,NO CONTRIBUTING ACTION,NO CONTRIBUTING ACTION,00 NOT CODED,00 NOT CODED,00 NOT CODED,00 NOT CODED,01 NO,0,0,0,0,2,0,2,2,N,N,N,Y,N,N,N,N,N,N,N,N,N,N,N,N,N,N,N,N,N,Y,Y,N,N,N,28.534766423,-81.397234607,461137.232432,3156507.85612,L,,ARBM15Q1R2,"June 10, 2023",3140048,-9061099.055055618,3316565.1144960606
2020892227460,2020,892227460,2020-00011035,COUNTY SHERIFF'S OFFICE,05 FIFTH,ORANGE,"January 9, 2020",0932,FRIDAY,7546 ORLANDO,0746,Y,I 4,IVANHOE BLVD,0.189,N,0,0,28.5640519,-81.3770746,75280000,19.146,00007,SR 400,I 4,L LEFT,1 THRU LANE 1,W WEST,01 INTERSTATE URBAN,01 INTERSTATE,01 NON-JUNCTION,01 ON ROADWAY,01 NOT AT INTERSECTION,01 PAVED,25,"September 16, 2014",11 URBAN PRIN ART INT.,48,PAVED WARN,10,CURB&GUTTER,2,,0,30,170500,RCI,6.8,,50,2 POSSIBLE INJURY,31 Q/C COMPLETED - LOC VERIFIED,0 NO,01 NOT AT INTERSECTION/RRX/BRIDGE,01 DAYLIGHT,01 CLEAR,01 DRY,01 LEVEL,1 STRAIGHT,"TWO-WAY, DIVIDED, POSITIVE MED","TWO-WAY, DIVIDED, POSITIVE MED",NO CONTROLS,NO CONTROLS,8,NONE,NOT CODED,NOT CODED,NONE,NOT CODED,NOT CODED,14 MOTOR VEHICLE IN TRANSPORT,01 FRONT TO REAR,01 STRAIGHT AHEAD,FOLLOWED TOO CLOSELY,NO CONTRIBUTING ACTION,00 NOT CODED,00 NOT CODED,00 NOT CODED,00 NOT CODED,01 NO,1,0,0,0,3,0,3,3,N,N,N,N,N,N,N,N,N,N,N,N,N,N,N,N,N,N,N,N,N,N,N,N,N,N,28.564146701,-81.377257457,463101.921256,3159756.450316,L,,ARBM15Q1R2,"June 10, 2023",3140049,-9058875.208229212,3320288.452783021
2020892227550,2020,892227550,2020-00010240,COUNTY SHERIFF'S OFFICE,05 FIFTH,ORANGE,"January 8, 2020",1634,THURSDAY,7546 ORLANDO,0746,Y,SEMORAN BLVD,HICKEY DR,0.076,N,0,0,28.5036585,-81.3102507,75003000,3.624,03473,SR 436,,L LEFT,3 THRU LANE 3,S SOUTH,30 URBAN 6+LN 2WY DIVD RASD,03 STATE,01 NON-JUNCTION,01 ON ROADWAY,01 NOT AT INTERSECTION,03 CURB,38,"March 2, 2020",14 URBAN PRIN ART OTHER,36,PAVED,4,CURB&GUTTER,2,,0,32,65000,RCI,5.2,,50,2 POSSIBLE INJURY,31 Q/C COMPLETED - LOC VERIFIED,0 NO,01 NOT AT INTERSECTION/RRX/BRIDGE,01 DAYLIGHT,01 CLEAR,01 DRY,01 LEVEL,1 STRAIGHT,"TWO-WAY, DIVIDED, POSITIVE MED","TWO-WAY, DIVIDED, POSITIVE MED",NO CONTROLS,NO CONTROLS,6,NONE,NOT CODED,NOT CODED,NONE,NOT CODED,NOT CODED,14 MOTOR VEHICLE IN TRANSPORT,03 ANGLE,03 TURNING LEFT,IMPROPER TURN,NO CONTRIBUTING ACTION,00 NOT CODED,00 NOT CODED,00 NOT CODED,00 NOT CODED,01 NO,1,0,0,0,2,0,2,2,N,N,N,N,N,N,N,N,N,N,N,N,N,N,N,N,N,N,N,N,N,N,N,N,N,N,28.503650803,-81.310320742,469631.439312,3153035.64909,L,,ARBM15Q1R2,"June 10, 2023",3140050,-9051423.844930127,3312622.9898934993
2020892227610,2020,892227610,2020-00001939,COUNTY SHERIFF'S OFFICE,05 FIFTH,ORANGE,"January 1, 2020",1730,THURSDAY,7546 ORLANDO,0746,Y,SR 50,HUGHEY AVE,0,,0,0,28.5530397,-81.3831266,75060000,0.759,00076,SR 50,US 17,L LEFT,L LEFT TURN,0,20 URBAN 4-5LN 2WY DIVD RASD,03 STATE,01 NON-JUNCTION,01 ON ROADWAY,01 NOT AT INTERSECTION,01 PAVED,33,"September 9, 2019",14 URBAN PRIN ART OTHER,22,PAVED,6,CURB&GUTTER,2,,0,12,36000,RCI,4.8,,40,1 NO INJURY,31 Q/C COMPLETED - LOC VERIFIED,0 NO,02 AT INTERSECTION,01 DAYLIGHT,01 CLEAR,01 DRY,00 NOT CODED,0 NOT CODED,NOT CODED,"TWO-WAY, DIVIDED, POSITIVE MED",NOT CODED,NO CONTROLS,4,NONE,NOT CODED,NOT CODED,NONE,NOT CODED,NOT CODED,14 MOTOR VEHICLE IN TRANSPORT,01 FRONT TO REAR,00 NOT CODED,NOT CODED,NO CONTRIBUTING ACTION,00 NOT CODED,00 NOT CODED,00 NOT CODED,00 NOT CODED,01 NO,0,0,0,0,1,0,2,1,N,N,N,Y,N,N,N,N,N,N,N,N,N,N,N,N,N,N,N,N,N,N,N,N,N,N,28.553034654,-81.383141602,462522.475778,3158527.22223,C,,ARBM15Q1R2,"June 10, 2023",3140051,-9059530.228513058,3318880.1101391157
2020892227640,2020,892227640,2020-00021710,COUNTY SHERIFF'S OFFICE,05 FIFTH,ORANGE,"January 17, 2020",1500,SATURDAY,7546 ORLANDO,0746,Y,PECOS ST,SR 436,0,,0,0,28.5297815,-81.3104478,75003000,5.421,00857,SR 436,,T SIDE RD LEFT,C CROSSWALK,E EAST,30 URBAN 6+LN 2WY DIVD RASD,05 LOCAL,02 INTERSECTION,01 ON ROADWAY,03 T-INTERSECTION,03 CURB,36,"March 2, 2020",14 URBAN PRIN ART OTHER,33,CURB&GUTTER,2,,0,,0,16,61000,RCI,7.3,,45,2 POSSIBLE INJURY,31 Q/C COMPLETED - LOC VERIFIED,0 NO,02 AT INTERSECTION,01 DAYLIGHT,01 CLEAR,01 DRY,01 LEVEL,1 STRAIGHT,"TWO-WAY, NOT DIVIDED",,STOP SIGN,NOT CODED,6,NONE,NOT CODED,NOT CODED,NONE,NOT CODED,NOT CODED,10 PEDESTRIAN,77 OTHER (SEE NARRATIVE),01 STRAIGHT AHEAD,FAILED TO YIELD RIGHT-OF-WAY,NOT CODED,00 NOT CODED,00 NOT CODED,00 NOT CODED,00 NOT CODED,01 NO,1,0,0,0,1,1,1,2,N,N,N,Y,N,N,N,N,N,N,N,N,N,Y,Y,N,N,N,N,N,N,N,N,N,N,N,28.529788541,-81.31052781,469618.66759,3155931.354981,L,,ARBM15Q1R2,"June 10, 2023",3140052,-9051446.895743264,3315934.37489595
2020892231660,2020,892231660,2020-00017327,COUNTY SHERIFF'S OFFICE,05 FIFTH,ORANGE,"January 14, 2020",0851,WEDNESDAY,7546 ORLANDO,0746,Y,I 4,AMELIA ST W,0.028,S,0,0,28.5489324,-81.3824395,75280000,18.034,00378,SR 400,I 4,R RIGHT,4 THRU LANE 4,E EAST,01 INTERSTATE URBAN,01 INTERSTATE,01 NON-JUNCTION,01 ON ROADWAY,01 NOT AT INTERSECTION,01 PAVED,27,"September 16, 2014",11 URBAN PRIN ART INT.,36,PAVED,10,CURB&GUTTER,2,,0,30,125000,RCI,6.8,,50,4 INCAPACITATING INJURY,31 Q/C COMPLETED - LOC VERIFIED,0 NO,01 NOT AT INTERSECTION/RRX/BRIDGE,01 DAYLIGHT,01 CLEAR,01 DRY,01 LEVEL,1 STRAIGHT,"TWO-WAY, DIVIDED, POSITIVE MED","TWO-WAY, DIVIDED, POSITIVE MED",NO CONTROLS,NO CONTROLS,7,NONE,NOT CODED,NOT CODED,NONE,NOT CODED,NOT CODED,14 MOTOR VEHICLE IN TRANSPORT,"04 SIDESWIPE, SAME DIRECTION",01 STRAIGHT AHEAD,OPERATED MV IN CARLESS OR NEGL,NO CONTRIBUTING ACTION,00 NOT CODED,00 NOT CODED,00 NOT CODED,00 NOT CODED,01 NO,1,0,1,0,2,0,2,3,N,N,N,N,Y,N,N,N,N,N,N,N,N,N,N,Y,N,N,N,N,N,N,N,N,N,N,28.548954291,-81.382426381,462590.994653,3158074.954099,R,,ARBM15Q1R2,"June 10, 2023",3140053,-9059450.61035137,3318363.0015869522
2020892230780,2020,892230780,2020-00050107,COUNTY SHERIFF'S OFFICE,05 FIFTH,ORANGE,"February 9, 2020",1429,MONDAY,7546 ORLANDO,0746,Y,SR 400,SR 423,0.028,S,0,0,28.6058629,-81.3863852,75280000,22.294,01343,SR 400,I 4,L LEFT,1 THRU LANE 1,W WEST,01 INTERSTATE URBAN,01 INTERSTATE,01 NON-JUNCTION,01 ON ROADWAY,01 NOT AT INTERSECTION,01 PAVED,25,"September 16, 2014",11 URBAN PRIN ART INT.,36,PAVED,10,LAWN,2,,0,16,135500,RCI,6.8,,50,2 POSSIBLE INJURY,31 Q/C COMPLETED - LOC VERIFIED,0 NO,06 BRIDGE,01 DAYLIGHT,01 CLEAR,01 DRY,01 LEVEL,1 STRAIGHT,"TWO-WAY, NOT DIVIDED","TWO-WAY, NOT DIVIDED",NO CONTROLS,NO CONTROLS,6,NONE,NONE,NONE,NONE,NONE,NONE,14 MOTOR VEHICLE IN TRANSPORT,01 FRONT TO REAR,01 STRAIGHT AHEAD,FOLLOWED TOO CLOSELY,NO CONTRIBUTING ACTION,00 NOT CODED,00 NOT CODED,00 NOT CODED,00 NOT CODED,01 NO,1,0,0,0,2,0,2,2,N,N,N,N,N,N,N,N,N,N,N,N,N,N,N,N,N,N,N,N,N,N,N,N,N,N,28.605889675,-81.386549508,462208.022683,3164383.883799,L,,ARBM15Q1R2,"June 10, 2023",3140067,-9059909.59512423,3325580.2934019547
2020892018550,2020,892018550,2020TA003283,COUNTY SHERIFF'S OFFICE,05 FIFTH,ORANGE,"March 11, 2020",1124,THURSDAY,7540 MAITLAND,0740,Y,US 17,SYBELIA AVE,0.001,N,0,0,28.6314579,-81.3631865,75030000,8.03,01003,SR 15,US 17,L LEFT,2 THRU LANE 2,S SOUTH,30 URBAN 6+LN 2WY DIVD RASD,02 U.S.,03 INTERSECTION-RELATED,01 ON ROADWAY,01 NOT AT INTERSECTION,03 CURB,41,"March 1, 2020",14 URBAN PRIN ART OTHER,31,CURB&GUTTER,2,,0,,0,19,34000,RCI,3.2,3D0000,45,1 NO INJURY,31 Q/C COMPLETED - LOC VERIFIED,0 NO,03 INFLUENCED BY INTERSECTION,01 DAYLIGHT,01 CLEAR,01 DRY,01 LEVEL,1 STRAIGHT,"TWO-WAY, DIVIDED, UNPROTECTED","TWO-WAY, DIVIDED, UNPROTECTED",TRAFFIC CONTROL SIGNAL,TRAFFIC CONTROL SIGNAL,6,NONE,NOT CODED,NOT CODED,NONE,NOT CODED,NOT CODED,14 MOTOR VEHICLE IN TRANSPORT,01 FRONT TO REAR,01 STRAIGHT AHEAD,OTHER CONTRIBUTING ACTION,NO CONTRIBUTING ACTION,00 NOT CODED,00 NOT CODED,00 NOT CODED,00 NOT CODED,01 NO,0,0,0,0,2,0,2,2,N,N,N,Y,N,N,N,N,N,N,N,N,N,N,N,N,N,N,N,N,N,N,N,N,N,N,28.631484862,-81.363283464,464491.314336,3167212.355494,L,,ARBM15Q1R2,"June 10, 2023",3140174,-9057319.630438417,3328826.0864799563
2020892231130,2020,892231130,2020-00074898,COUNTY SHERIFF'S OFFICE,05 FIFTH,ORANGE,"February 28, 2020",0300,SATURDAY,7546 ORLANDO,0746,Y,GARLAND AVE,AMELIA ST,0.019,S,0,0,28.5490642,-81.364395,75030000,2.349,02523,SR 15,,R RIGHT,3 THRU LANE 3,N NORTH,22 URBAN 4-5LN 2WY UNDIVD,05 LOCAL,01 NON-JUNCTION,01 ON ROADWAY,01 NOT AT INTERSECTION,01 PAVED,48,"March 1, 2020",16 URBAN MINOR ART,40,CURB&GUTTER,2,,0,,0,,18500,RCI,2.9,,30,1 NO INJURY,31 Q/C COMPLETED - LOC VERIFIED,0 NO,03 INFLUENCED BY INTERSECTION,04 DARK-LIGHTED,01 CLEAR,01 DRY,01 LEVEL,1 STRAIGHT,ONE-WAY TRAFFICWAY,ONE-WAY TRAFFICWAY,TRAFFIC CONTROL SIGNAL,NO CONTROLS,4,NONE,NOT CODED,NOT CODED,NONE,NOT CODED,NOT CODED,14 MOTOR VEHICLE IN TRANSPORT,01 FRONT TO REAR,01 STRAIGHT AHEAD,FOLLOWED TOO CLOSELY,NO CONTRIBUTING ACTION,03 TRANSITION AREA,01 LANE CLOSURE,01 NO,01 NO,01 NO,0,0,0,0,2,0,2,2,N,Y,N,Y,N,N,N,N,N,N,N,N,N,N,N,N,Y,N,N,N,N,N,N,N,N,N,28.549059419,-81.364362538,464358.051208,3158081.097256,C,,ARBM15Q1R2,"June 10, 2023",3140208,-9057439.75202874,3318376.3244492775
2020892217510,2020,892217510,2020-00029729,COUNTY SHERIFF'S OFFICE,05 FIFTH,ORANGE,"January 24, 2020",0506,SATURDAY,7546 ORLANDO,0746,Y,SR 417,BOGGY CREEK RD,0.568,N,0,0,28.3725366,-81.2943101,75301000,11.76,03191,SR 417,,L LEFT,1 THRU LANE 1,S SOUTH,03 TOLL ROAD URBAN,03 STATE,01 NON-JUNCTION,01 ON ROADWAY,01 NOT AT INTERSECTION,01 PAVED,37,"November 12, 2019",12 URBAN PRIN ART EXPR.,24,PAVED WARN,8,LAWN,12,,0,64,69000,RCI,5,0D30,70,1 NO INJURY,31 Q/C COMPLETED - LOC VERIFIED,0 NO,01 NOT AT INTERSECTION/RRX/BRIDGE,04 DARK-LIGHTED,01 CLEAR,01 DRY,01 LEVEL,1 STRAIGHT,"TWO-WAY, DIVIDED, POSITIVE MED",,NO CONTROLS,NOT CODED,4,NONE,NOT CODED,NOT CODED,NONE,NOT CODED,NOT CODED,01 OVERTURN/ROLLOVER,77 OTHER (SEE NARRATIVE),01 STRAIGHT AHEAD,OPERATED MV IN CARLESS OR NEGL,NOT CODED,00 NOT CODED,00 NOT CODED,00 NOT CODED,00 NOT CODED,01 NO,0,0,0,0,1,0,1,1,N,N,N,N,Y,N,N,N,N,N,Y,N,N,N,N,N,N,N,N,N,N,N,N,N,N,N,28.373024525,-81.293650877,471227.471388,3138560.371443,L,,ARBM15Q1R2,"June 10, 2023",3140232,-9049568.163030215,3296086.2427087673
2020892224980,2020,892224980,2020-00027715,COUNTY SHERIFF'S OFFICE,05 FIFTH,ORANGE,"January 22, 2020",1555,THURSDAY,7546 ORLANDO,0746,Y,SR 435,CR 526,0.009,S,0,0,28.5379349,-81.4581665,75270000,6.094,00128,SR 435,,R RIGHT,L LEFT TURN,S SOUTH,33 SUBURBAN 6+LN 2WY DIVD RASD,03 STATE,01 NON-JUNCTION,01 ON ROADWAY,01 NOT AT INTERSECTION,01 PAVED,30,"February 11, 2020",14 URBAN PRIN ART OTHER,36,PAVED,4,LAWN,7,,0,32,59500,RCI,6.1,,45,2 POSSIBLE INJURY,31 Q/C COMPLETED - LOC VERIFIED,0 NO,03 INFLUENCED BY INTERSECTION,01 DAYLIGHT,02 CLOUDY,02 WET,01 LEVEL,1 STRAIGHT,"TWO-WAY, DIVIDED, POSITIVE MED","TWO-WAY, DIVIDED, POSITIVE MED",TRAFFIC CONTROL SIGNAL,TRAFFIC CONTROL SIGNAL,6,NONE,NOT CODED,NOT CODED,NONE,NOT CODED,NOT CODED,14 MOTOR VEHICLE IN TRANSPORT,03 ANGLE,03 TURNING LEFT,OPERATED MV IN CARLESS OR NEGL,NO CONTRIBUTING ACTION,00 NOT CODED,00 NOT CODED,00 NOT CODED,00 NOT CODED,01 NO,1,0,0,0,2,0,2,3,N,N,N,Y,N,N,N,N,N,N,N,N,N,N,N,N,N,N,N,N,N,Y,Y,N,N,N,28.538022731,-81.458073375,455186.488766,3156889.831311,R,,ARBM15Q1R2,"June 10, 2023",3140233,-9067871.597624695,3316977.732412356
2020892203060,2020,892203060,2020-00027832,COUNTY SHERIFF'S OFFICE,05 FIFTH,ORANGE,"January 22, 2020",1745,THURSDAY,7546 ORLANDO,0746,Y,SR 528,SEMORAN BLVD,1,W,0,0,28.4512992,-81.3255607,75002000,9.219,05610,SR 528,,R RIGHT,3 THRU LANE 3,E EAST,03 TOLL ROAD URBAN,01 INTERSTATE,01 NON-JUNCTION,01 ON ROADWAY,01 NOT AT INTERSECTION,01 PAVED,38,"March 3, 2020",12 URBAN PRIN ART EXPR.,36,PAVED WARN,8,,0,,0,42,108500,RCI,3.7,,55,2 POSSIBLE INJURY,31 Q/C COMPLETED - LOC VERIFIED,0 NO,01 NOT AT INTERSECTION/RRX/BRIDGE,04 DARK-LIGHTED,01 CLEAR,02 WET,01 LEVEL,1 STRAIGHT,"TWO-WAY, DIVIDED, POSITIVE MED","TWO-WAY, DIVIDED, POSITIVE MED",NO CONTROLS,NO CONTROLS,6,NONE,NOT CODED,NOT CODED,NONE,NOT CODED,NOT CODED,14 MOTOR VEHICLE IN TRANSPORT,01 FRONT TO REAR,01 STRAIGHT AHEAD,FOLLOWED TOO CLOSELY,NO CONTRIBUTING ACTION,00 NOT CODED,00 NOT CODED,00 NOT CODED,00 NOT CODED,01 NO,1,0,0,0,2,0,2,3,N,N,N,N,N,N,N,N,N,N,N,N,N,N,N,N,N,N,N,N,N,N,N,N,N,N,28.451294046,-81.325537924,468126.535425,3147239.309681,R,,ARBM15Q1R2,"June 10, 2023",3140296,-9053117.814177454,3305992.388368903