Crash Id,Calendar Year,FDOT Crash Number,Reporting Agency Case Number,Reporting Agency Type,FDOT Managing District,County Name,Crash Date,Crash Time,Day,DHSMV City,Crash Report City Code,In Town,On Roadway Name,Int Roadway Name,Reference Distance (Miles),Reference Direction,Officer Latitude,Officer Longitude,FDOT Latitude,FDOT Longitude,FDOT Roadway,Nearest Inventory MP,Nearest Node From Crash,State Road #,US Highway,Crash Side of Road,Accident Lane Number,Travel Direction Vehicle 1,FDOT Road Category,DHSMV Road System Id,Relation to Junction,Crash Harmful Event Location,Intersection Type,Shoulder Type,FDOT Roadway SKID Test Result,FDOT Roadway SKID Test Date,Functional Class,RCI Surface Width,RCI Shoulder Type First,RCI Shoulder Width First,RCI Shoulder Type Second,RCI Shoulder Width Second,RCI Shoulder Type Third,RCI Shoulder Width Third,RCI Median Width,Avg Daily Traffic,AADT Source,RCI Avg Per Truck Traffic,RCI Horiz Curve Condition,Posted Speed Limit,Highest Injury in Crash,CAR Status Code,Alcohols/Drug Involved,Site Location,Lighting,Weather,Road Surface,Roadway Grade,Roadway Alignment,Traffic Way Vehicle 1,Traffic Way Vehicle 2,Traffic Control Vehicle 1,Traffic Control Vehicle 2,Count of Lanes,Road Condition 1,Road Condition 2,Road Condition 3,Environment Condition 1,Environment Condition 2,Environment Condition 3,Crash Harmful Event,Manner of Collision,Vehicle Movement,Driver Action Vehicle 1,Driver Action Vehicle 2,Location Within Workzone,Type of Workzone,Workers Present in Workzone,Law Enforcement Present in Workzone,School Bus Related,Count of Nonfatal Injuries,Count of Traffic Fatalities,Count of Serious Injuries,Count of Pedestrians,Count of Drivers,Count of Bicyclists,Count of Vehicles,Count of Persons,Wrong Way,Workzone Inv,Commercial Vehicle Inv,Intersection Inv,Lane Departure,Speeding,Agressive Driving,Impaired Driver,Impaired Pedestrian,Impaired Bicyclist,Distracted Driver,Speeding or Aggressive Driving,Pedestrian Related,Bicyclist Related,Pedestrian or Bicyclist Related,Motorcycle Inv,No Belt,No Belt - Ages 1-4,No Belt - Ages 5-12,No Belt - Ages 13-17,Driver - Ages Teen,Driver - Ages 65 plus,Driver - Ages 65-69,Driver - Ages 70-74,Driver - Ages 75-79,Driver - Ages 80 plus,ARBM Latitude,ARBM Longitude,UTM Zone 17N X,UTM Zone 17N Y,ARBM Side of Road,Urban Rural Indicator,GIS Street Source,Extract Date,OBJECTID,x,y
2020898197340,2020,898197340,2020-00074674,COUNTY SHERIFF'S OFFICE,05 FIFTH,ORANGE,"February 27, 2020",2228,FRIDAY,7546 ORLANDO,0746,Y,SEMORAN BLVD S,LAKE MARGARET DR,0.009,N,0,0,28.5061736,-81.3102657,75003000,3.797,02621,SR 436,,L LEFT,1 THRU LANE 1,S SOUTH,30 URBAN 6+LN 2WY DIVD RASD,03 STATE,01 NON-JUNCTION,01 ON ROADWAY,01 NOT AT INTERSECTION,03 CURB,38,"March 2, 2020",14 URBAN PRIN ART OTHER,36,PAVED,4,CURB&GUTTER,2,,0,32,65000,RCI,5.2,,50,4 INCAPACITATING INJURY,31 Q/C COMPLETED - LOC VERIFIED,0 NO,03 INFLUENCED BY INTERSECTION,04 DARK-LIGHTED,01 CLEAR,01 DRY,01 LEVEL,1 STRAIGHT,"TWO-WAY, DIVIDED, POSITIVE MED","TWO-WAY, DIVIDED, POSITIVE MED",NO CONTROLS,TRAFFIC CONTROL SIGNAL,6,NONE,NOT CODED,NOT CODED,NONE,NOT CODED,NOT CODED,14 MOTOR VEHICLE IN TRANSPORT,01 FRONT TO REAR,01 STRAIGHT AHEAD,OPERATED MV IN CARLESS OR NEGL,NO CONTRIBUTING ACTION,00 NOT CODED,00 NOT CODED,00 NOT CODED,00 NOT CODED,01 NO,2,0,1,0,2,0,2,2,N,N,N,Y,N,N,N,N,N,N,Y,N,N,N,N,N,N,N,N,N,N,N,N,N,N,N,28.506166479,-81.310370198,469627.319944,3153314.358729,L,,ARBM15Q1R2,"June 10, 2023",3151372,-9051429.350363018,3312941.664631762
2020898197370,2020,898197370,2020-00027879,COUNTY SHERIFF'S OFFICE,05 FIFTH,ORANGE,"January 22, 2020",1836,THURSDAY,7546 ORLANDO,0746,Y,SR 500,SR 50,0.004,N,0,0,28.5529632,-81.3956135,75010000,14.201,05075,SR 500,US 17,L LEFT,2 THRU LANE 2,0,20 URBAN 4-5LN 2WY DIVD RASD,03 STATE,01 NON-JUNCTION,01 ON ROADWAY,02 FOUR-WAY INTERSECTION,03 CURB,39,"March 1, 2020",14 URBAN PRIN ART OTHER,24,CURB&GUTTER,2,,0,,0,15,32000,RCI,8.8,,35,1 NO INJURY,31 Q/C COMPLETED - LOC VERIFIED,0 NO,03 INFLUENCED BY INTERSECTION,04 DARK-LIGHTED,01 CLEAR,02 WET,00 NOT CODED,0 NOT CODED,NOT CODED,"TWO-WAY, NOT DIV, W/CONT LTURN",NOT CODED,NO CONTROLS,4,NONE,NOT CODED,NOT CODED,NONE,NOT CODED,NOT CODED,14 MOTOR VEHICLE IN TRANSPORT,"04 SIDESWIPE, SAME DIRECTION",00 NOT CODED,NOT CODED,NO CONTRIBUTING ACTION,00 NOT CODED,00 NOT CODED,00 NOT CODED,00 NOT CODED,01 NO,0,0,0,0,1,0,2,3,N,N,N,Y,N,N,N,N,N,N,N,N,N,N,N,N,N,N,N,N,N,N,N,N,N,N,28.552964654,-81.395596886,461304.109,3158523.4247,C,,ARBM15Q1R2,"June 10, 2023",3151373,-9060916.744789599,3318871.2387825204
2020898199670,2020,898199670,2020-00053841,COUNTY SHERIFF'S OFFICE,05 FIFTH,ORANGE,"February 12, 2020",0533,THURSDAY,7546 ORLANDO,0746,Y,SR 528,SEMORAN BLVD,0.095,W,0,0,28.4513714,-81.3106854,75002000,10.124,01694,SR 528,,L LEFT,2 THRU LANE 2,W WEST,03 TOLL ROAD URBAN,03 STATE,01 NON-JUNCTION,01 ON ROADWAY,01 NOT AT INTERSECTION,01 PAVED,38,"March 3, 2020",12 URBAN PRIN ART EXPR.,24,PAVED WARN,10,LAWN,8,,0,42,108500,RCI,3.7,,55,1 NO INJURY,31 Q/C COMPLETED - LOC VERIFIED,0 NO,01 NOT AT INTERSECTION/RRX/BRIDGE,04 DARK-LIGHTED,01 CLEAR,01 DRY,01 LEVEL,1 STRAIGHT,"TWO-WAY, DIVIDED, POSITIVE MED","TWO-WAY, DIVIDED, POSITIVE MED",TRAFFIC CONTROL SIGNAL,TRAFFIC CONTROL SIGNAL,4,NONE,NOT CODED,NOT CODED,NONE,NOT CODED,NOT CODED,14 MOTOR VEHICLE IN TRANSPORT,"04 SIDESWIPE, SAME DIRECTION",01 STRAIGHT AHEAD,FAILED TO KEEP IN PROPER LANE,NO CONTRIBUTING ACTION,00 NOT CODED,00 NOT CODED,00 NOT CODED,00 NOT CODED,"02 YES, SCHOOL BUS DIRECTLY INVOL",0,0,0,0,2,0,2,2,N,N,Y,N,Y,N,N,N,N,N,N,N,N,N,N,N,N,N,N,N,N,N,N,N,N,N,28.451556007,-81.310648375,469584.456313,3147264.474706,L,,ARBM15Q1R2,"June 10, 2023",3151374,-9051460.316655662,3306025.555719867
2020898199700,2020,898199700,2020-00005856,COUNTY SHERIFF'S OFFICE,05 FIFTH,ORANGE,"January 5, 2020",0808,MONDAY,7546 ORLANDO,0746,Y,SR 500,GORE ST,0.019,S,0,0,28.5308189,-81.3971188,75010000,12.647,00564,SR 500,US 17,R RIGHT,2 THRU LANE 2,N NORTH,21 URBAN 4-5LN 2WY DIVD PAVD,03 STATE,01 NON-JUNCTION,01 ON ROADWAY,01 NOT AT INTERSECTION,03 CURB,35,"March 1, 2020",14 URBAN PRIN ART OTHER,24,CURB&GUTTER,2,,0,,0,16,31500,RCI,8.7,,35,3 NO-INCAPACITATING INJURY,31 Q/C COMPLETED - LOC VERIFIED,0 NO,03 INFLUENCED BY INTERSECTION,01 DAYLIGHT,01 CLEAR,01 DRY,01 LEVEL,1 STRAIGHT,"TWO-WAY, DIVIDED, UNPROTECTED","TWO-WAY, DIVIDED, UNPROTECTED",NO CONTROLS,NO CONTROLS,4,NONE,NOT CODED,NOT CODED,NONE,NOT CODED,NOT CODED,14 MOTOR VEHICLE IN TRANSPORT,01 FRONT TO REAR,06 CHANGING LANES,FOLLOWED TOO CLOSELY,NO CONTRIBUTING ACTION,00 NOT CODED,00 NOT CODED,00 NOT CODED,00 NOT CODED,01 NO,1,0,0,0,2,0,2,2,N,N,N,Y,N,N,N,N,N,N,N,N,N,N,N,Y,N,N,N,N,N,N,N,N,N,N,28.530815978,-81.397106887,461148.278936,3156070.163853,C,,ARBM15Q1R2,"June 10, 2023",3151375,-9061084.837279486,3316064.5572019797
2020898208280,2020,898208280,2020-00036427,COUNTY SHERIFF'S OFFICE,05 FIFTH,ORANGE,"January 29, 2020",1559,THURSDAY,7546 ORLANDO,0746,Y,US 441,ALL AMERICANA BLVD,0.003,S,0,0,28.6087115,-81.425805,75020000,4.346,01313,SR 500,US 441,R RIGHT,R RIGHT TURN,0,23 SUBURBAN 4-5LN 2WY DIVD RASD,02 U.S.,01 NON-JUNCTION,01 ON ROADWAY,01 NOT AT INTERSECTION,01 PAVED,40,"January 22, 2020",14 URBAN PRIN ART OTHER,23,PAVED,4,LAWN,6,,0,40,31500,RCI,4.6,,50,1 NO INJURY,31 Q/C COMPLETED - LOC VERIFIED,0 NO,03 INFLUENCED BY INTERSECTION,01 DAYLIGHT,01 CLEAR,01 DRY,00 NOT CODED,0 NOT CODED,NOT CODED,"TWO-WAY, DIVIDED, POSITIVE MED",NOT CODED,TRAFFIC CONTROL SIGNAL,4,NONE,NOT CODED,NOT CODED,NONE,NOT CODED,NOT CODED,14 MOTOR VEHICLE IN TRANSPORT,"04 SIDESWIPE, SAME DIRECTION",00 NOT CODED,NOT CODED,NO CONTRIBUTING ACTION,00 NOT CODED,00 NOT CODED,00 NOT CODED,00 NOT CODED,01 NO,0,0,0,0,1,0,2,2,N,N,Y,Y,N,N,N,N,N,N,N,N,N,N,N,N,N,N,N,N,N,N,N,N,N,N,28.608764126,-81.425718077,458379.706022,3164715.331185,R,,ARBM15Q1R2,"June 10, 2023",3151380,-9064269.821636923,3325944.7705875225
2020898208320,2020,898208320,2020-00074856,COUNTY SHERIFF'S OFFICE,05 FIFTH,ORANGE,"February 28, 2020",0154,SATURDAY,7546 ORLANDO,0746,Y,ORANGE BLOSSOM TRL S,COLONIAL DR,0.014,S,0,0,0,0,75010000,14.187,01928,SR 500,US 17,R RIGHT,S SIDE OF ROAD,N NORTH,20 URBAN 4-5LN 2WY DIVD RASD,03 STATE,01 NON-JUNCTION,03 SHOULDER,01 NOT AT INTERSECTION,03 CURB,39,"March 1, 2020",14 URBAN PRIN ART OTHER,24,CURB&GUTTER,2,,0,,0,15,32000,RCI,8.8,,35,4 INCAPACITATING INJURY,31 Q/C COMPLETED - LOC VERIFIED,0 NO,03 INFLUENCED BY INTERSECTION,04 DARK-LIGHTED,01 CLEAR,01 DRY,01 LEVEL,3 CURVE LEFT,"TWO-WAY, DIVIDED, POSITIVE MED",,NO CONTROLS,NOT CODED,4,NONE,NOT CODED,NOT CODED,NONE,NOT CODED,NOT CODED,14 MOTOR VEHICLE IN TRANSPORT,77 OTHER (SEE NARRATIVE),01 STRAIGHT AHEAD,OPERATED MV IN CARLESS OR NEGL,NOT CODED,00 NOT CODED,00 NOT CODED,00 NOT CODED,00 NOT CODED,01 NO,1,0,1,0,1,0,1,1,N,N,N,Y,N,N,N,N,N,N,N,N,N,N,N,N,N,N,N,N,N,N,N,N,N,N,28.552765316,-81.395643244,461299.501517,3158501.355925,C,,ARBM15Q1R2,"June 10, 2023",3151381,-9060921.905334478,3318845.9760276196
2020898208350,2020,898208350,2020-00032730,COUNTY SHERIFF'S OFFICE,05 FIFTH,ORANGE,"January 26, 2020",1755,MONDAY,7546 ORLANDO,0746,Y,SR 50,THORNTON AVE,0.003,E,0,0,28.5531649,-81.3654746,75060000,1.832,05105,SR 50,US 17,L LEFT,1 THRU LANE 1,N NORTH,20 URBAN 4-5LN 2WY DIVD RASD,03 STATE,02 INTERSECTION,01 ON ROADWAY,02 FOUR-WAY INTERSECTION,01 PAVED,37,"September 9, 2019",14 URBAN PRIN ART OTHER,22,PAVED,6,CURB&GUTTER,2,,0,12,44500,RCI,3.5,,40,2 POSSIBLE INJURY,31 Q/C COMPLETED - LOC VERIFIED,0 NO,03 INFLUENCED BY INTERSECTION,04 DARK-LIGHTED,01 CLEAR,01 DRY,01 LEVEL,1 STRAIGHT,"TWO-WAY, NOT DIVIDED","TWO-WAY, DIVIDED, POSITIVE MED",STOP SIGN,NO CONTROLS,4,NONE,NONE,NONE,NONE,NONE,NONE,14 MOTOR VEHICLE IN TRANSPORT,03 ANGLE,01 STRAIGHT AHEAD,OPERATED MV IN CARLESS OR NEGL,NO CONTRIBUTING ACTION,00 NOT CODED,00 NOT CODED,00 NOT CODED,00 NOT CODED,01 NO,1,0,0,0,2,0,2,2,N,N,N,Y,N,N,N,N,N,N,N,N,N,N,N,N,N,N,N,N,N,N,N,N,N,N,28.553174653,-81.365504866,464247.69784,3158537.344853,C,,ARBM15Q1R2,"June 10, 2023",3151382,-9057566.91553823,3318897.852883646
2020898210410,2020,898210410,2020-00043262,COUNTY SHERIFF'S OFFICE,05 FIFTH,ORANGE,"February 4, 2020",0756,WEDNESDAY,7546 ORLANDO,0746,Y,KIRKMAN RD,OLD WINTER GARDEN RD,0.095,S,0,0,28.5366459,-81.4581732,75270000,6.008,01863,SR 435,,R RIGHT,2 THRU LANE 2,N NORTH,33 SUBURBAN 6+LN 2WY DIVD RASD,03 STATE,01 NON-JUNCTION,01 ON ROADWAY,01 NOT AT INTERSECTION,01 PAVED,28,"March 14, 2017",14 URBAN PRIN ART OTHER,36,PAVED,4,LAWN,7,,0,32,59500,RCI,6.1,2D0000,45,1 NO INJURY,31 Q/C COMPLETED - LOC VERIFIED,0 NO,01 NOT AT INTERSECTION/RRX/BRIDGE,01 DAYLIGHT,01 CLEAR,01 DRY,01 LEVEL,1 STRAIGHT,"TWO-WAY, DIVIDED, POSITIVE MED","TWO-WAY, DIVIDED, POSITIVE MED",TRAFFIC CONTROL SIGNAL,TRAFFIC CONTROL SIGNAL,6,NONE,NONE,NONE,NONE,NONE,NONE,14 MOTOR VEHICLE IN TRANSPORT,01 FRONT TO REAR,01 STRAIGHT AHEAD,FOLLOWED TOO CLOSELY,NO CONTRIBUTING ACTION,00 NOT CODED,00 NOT CODED,00 NOT CODED,00 NOT CODED,01 NO,0,0,0,0,3,0,3,3,N,N,N,N,N,N,N,N,N,N,N,N,N,N,N,N,N,N,N,N,N,N,N,N,N,N,28.53677266,-81.458052202,455188.031173,3156751.333237,R,,ARBM15Q1R2,"June 10, 2023",3151383,-9067869.240707548,3316819.3299762853
2020898210420,2020,898210420,2020-00049844,COUNTY SHERIFF'S OFFICE,05 FIFTH,ORANGE,"February 9, 2020",1018,MONDAY,7546 ORLANDO,0746,Y,SR 408,CHURCH ST,0.028,E,0,0,0,0,75008000,3.438,03843,SR 408,,M MEDIAN,M MIDDLE,E EAST,03 TOLL ROAD URBAN,06 TURNPIKE/TOLL,01 NON-JUNCTION,03 SHOULDER,01 NOT AT INTERSECTION,01 PAVED,35,"March 2, 2020",12 URBAN PRIN ART EXPR.,36,PAVED WARN,8,,0,,0,16,106500,RCI,4.5,,65,1 NO INJURY,31 Q/C COMPLETED - LOC VERIFIED,0 NO,01 NOT AT INTERSECTION/RRX/BRIDGE,01 DAYLIGHT,01 CLEAR,01 DRY,01 LEVEL,1 STRAIGHT,"TWO-WAY, DIVIDED, POSITIVE MED",,NO CONTROLS,NOT CODED,6,NONE,NONE,NONE,NONE,NONE,NONE,16 WORK ZONE/MAINTENANCE EQUIPMEN,03 ANGLE,01 STRAIGHT AHEAD,NO CONTRIBUTING ACTION,NOT CODED,00 NOT CODED,00 NOT CODED,00 NOT CODED,00 NOT CODED,01 NO,0,0,0,0,1,0,1,2,N,N,N,N,N,N,N,N,N,N,N,N,N,N,N,N,N,N,N,N,N,N,N,N,N,N,28.539847567,-81.410259381,459864.889877,3157075.062098,R,,ARBM15Q1R2,"June 10, 2023",3151384,-9062548.966617575,3317208.96933685
2020898210460,2020,898210460,2020-00077697,COUNTY SHERIFF'S OFFICE,05 FIFTH,ORANGE,"March 1, 2020",1255,MONDAY,7546 ORLANDO,0746,Y,ORANGE AVE S,KALEY ST,0,,0,0,28.5208813,-81.3763933,75040000,12.536,00754,SR 527,,L LEFT,2 THRU LANE 2,S SOUTH,21 URBAN 4-5LN 2WY DIVD PAVD,05 LOCAL,01 NON-JUNCTION,01 ON ROADWAY,02 FOUR-WAY INTERSECTION,03 CURB,34,"September 9, 2019",14 URBAN PRIN ART OTHER,20,PAVED,6,CURB&GUTTER,2,,0,10,32500,RCI,7.6,,30,2 POSSIBLE INJURY,31 Q/C COMPLETED - LOC VERIFIED,0 NO,02 AT INTERSECTION,01 DAYLIGHT,01 CLEAR,01 DRY,01 LEVEL,1 STRAIGHT,"TWO-WAY, NOT DIVIDED","TWO-WAY, NOT DIVIDED",NO CONTROLS,NO CONTROLS,4,NONE,NOT CODED,NOT CODED,NONE,NOT CODED,NOT CODED,14 MOTOR VEHICLE IN TRANSPORT,01 FRONT TO REAR,01 STRAIGHT AHEAD,OPERATED MV IN CARLESS OR NEGL,NO CONTRIBUTING ACTION,00 NOT CODED,00 NOT CODED,00 NOT CODED,00 NOT CODED,01 NO,1,0,0,0,3,0,3,5,N,N,N,Y,N,N,N,N,N,N,Y,N,N,N,N,N,N,N,N,N,N,N,N,N,N,N,28.520885951,-81.3764007,463170.673872,3154963.534659,C,,ARBM15Q1R2,"June 10, 2023",3151385,-9058779.834316995,3314806.415163434
2020898210500,2020,898210500,2020-00063892,COUNTY SHERIFF'S OFFICE,05 FIFTH,ORANGE,"February 19, 2020",1550,THURSDAY,7546 ORLANDO,0746,Y,SR 552,BAHIA AVE,0.011,E,0,0,28.5243651,-81.3139561,75012000,1.04,06812,SR 552,,R RIGHT,1 THRU LANE 1,E EAST,20 URBAN 4-5LN 2WY DIVD RASD,05 LOCAL,01 NON-JUNCTION,01 ON ROADWAY,01 NOT AT INTERSECTION,03 CURB,36,"February 11, 2020",16 URBAN MINOR ART,22,CURB&GUTTER,2,,0,,0,15,31500,RCI,3.8,,40,2 POSSIBLE INJURY,31 Q/C COMPLETED - LOC VERIFIED,0 NO,01 NOT AT INTERSECTION/RRX/BRIDGE,01 DAYLIGHT,01 CLEAR,01 DRY,01 LEVEL,1 STRAIGHT,"TWO-WAY, DIVIDED, POSITIVE MED","TWO-WAY, DIVIDED, POSITIVE MED",TRAFFIC CONTROL SIGNAL,NO CONTROLS,4,NONE,NOT CODED,NOT CODED,NONE,NOT CODED,NOT CODED,14 MOTOR VEHICLE IN TRANSPORT,01 FRONT TO REAR,01 STRAIGHT AHEAD,FOLLOWED TOO CLOSELY,NO CONTRIBUTING ACTION,00 NOT CODED,00 NOT CODED,00 NOT CODED,00 NOT CODED,01 NO,1,0,0,0,2,0,2,2,N,N,N,N,N,N,N,N,N,N,N,N,N,N,N,N,N,N,N,N,Y,Y,Y,N,N,N,28.524320509,-81.313905528,469286.612593,3155326.441482,R,,ARBM15Q1R2,"June 10, 2023",3151386,-9051822.901644532,3315241.5631146287
2020898228380,2020,898228380,2020-00092155,COUNTY SHERIFF'S OFFICE,05 FIFTH,ORANGE,"March 12, 2020",0645,FRIDAY,7546 ORLANDO,0746,Y,US 441,CENTRAL BLVD,0,,0,0,28.5419639,-81.397275,75010000,13.415,00576,SR 500,US 17,R RIGHT,2 THRU LANE 2,0,21 URBAN 4-5LN 2WY DIVD PAVD,02 U.S.,02 INTERSECTION,01 ON ROADWAY,02 FOUR-WAY INTERSECTION,01 PAVED,38,"March 1, 2020",14 URBAN PRIN ART OTHER,24,CURB&GUTTER,2,,0,,0,12,38000,RCI,9.7,,35,1 NO INJURY,31 Q/C COMPLETED - LOC VERIFIED,0 NO,02 AT INTERSECTION,04 DARK-LIGHTED,01 CLEAR,01 DRY,00 NOT CODED,0 NOT CODED,NOT CODED,"TWO-WAY, DIVIDED, POSITIVE MED",NOT CODED,NO CONTROLS,4,NONE,NOT CODED,NOT CODED,NONE,NOT CODED,NOT CODED,14 MOTOR VEHICLE IN TRANSPORT,03 ANGLE,00 NOT CODED,NOT CODED,NO CONTRIBUTING ACTION,00 NOT CODED,00 NOT CODED,00 NOT CODED,00 NOT CODED,01 NO,0,0,0,0,1,0,2,2,N,N,N,Y,N,N,N,N,N,N,N,N,N,N,N,N,N,N,N,N,N,N,N,N,N,N,28.541970983,-81.397276315,461135.795961,3157306.029155,C,,ARBM15Q1R2,"June 10, 2023",3151393,-9061103.6979456,3317478.046448138
2020898228390,2020,898228390,2020-00086721,COUNTY SHERIFF'S OFFICE,05 FIFTH,ORANGE,"March 8, 2020",0834,MONDAY,7546 ORLANDO,0746,Y,US 17,MONTANA ST,0.005,S,0,0,28.5621432,-81.3644528,75030000,3.246,00948,SR 15,US 17,R RIGHT,1 THRU LANE 1,N NORTH,23 SUBURBAN 4-5LN 2WY DIVD RASD,02 U.S.,01 NON-JUNCTION,01 ON ROADWAY,01 NOT AT INTERSECTION,03 CURB,39,"March 1, 2020",14 URBAN PRIN ART OTHER,22,PAVED,7,,0,,0,12,29000,RCI,2.7,,35,1 NO INJURY,31 Q/C COMPLETED - LOC VERIFIED,0 NO,03 INFLUENCED BY INTERSECTION,01 DAYLIGHT,02 CLOUDY,01 DRY,01 LEVEL,1 STRAIGHT,"TWO-WAY, NOT DIV, W/CONT LTURN","TWO-WAY, NOT DIV, W/CONT LTURN",NO CONTROLS,NO CONTROLS,4,NONE,NOT CODED,NOT CODED,NONE,NOT CODED,NOT CODED,14 MOTOR VEHICLE IN TRANSPORT,01 FRONT TO REAR,01 STRAIGHT AHEAD,OPERATED MV IN CARLESS OR NEGL,NO CONTRIBUTING ACTION,00 NOT CODED,00 NOT CODED,00 NOT CODED,00 NOT CODED,01 NO,0,0,0,0,3,0,3,3,N,N,N,Y,N,N,N,N,N,N,N,N,N,N,N,N,N,N,N,N,N,N,N,N,N,N,28.562138959,-81.364436895,464355.183262,3159530.140945,C,,ARBM15Q1R2,"June 10, 2023",3151394,-9057448.029442187,3320033.980261629
2020898228400,2020,898228400,2020-00081650,COUNTY SHERIFF'S OFFICE,05 FIFTH,ORANGE,"March 4, 2020",0910,THURSDAY,7546 ORLANDO,0746,Y,LAKE UNDERHILL RD,SR 436,0.028,E,0,0,28.5393746,-81.3105488,75003000,6.081,01734,SR 436,,S SIDE RD RIGHT,1 THRU LANE 1,W WEST,30 URBAN 6+LN 2WY DIVD RASD,05 LOCAL,01 NON-JUNCTION,01 ON ROADWAY,01 NOT AT INTERSECTION,01 PAVED,38,"March 2, 2020",14 URBAN PRIN ART OTHER,33,CURB&GUTTER,2,,0,,0,16,56000,RCI,5.2,,45,3 NO-INCAPACITATING INJURY,31 Q/C COMPLETED - LOC VERIFIED,0 NO,01 NOT AT INTERSECTION/RRX/BRIDGE,01 DAYLIGHT,02 CLOUDY,01 DRY,01 LEVEL,1 STRAIGHT,"TWO-WAY, NOT DIVIDED","TWO-WAY, NOT DIVIDED",NO CONTROLS,NO CONTROLS,6,NONE,NOT CODED,NOT CODED,NONE,NOT CODED,NOT CODED,14 MOTOR VEHICLE IN TRANSPORT,03 ANGLE,03 TURNING LEFT,IMPROPER TURN,NO CONTRIBUTING ACTION,00 NOT CODED,00 NOT CODED,00 NOT CODED,00 NOT CODED,01 NO,2,0,0,0,2,0,2,3,N,N,N,N,N,N,N,N,N,N,N,N,N,N,N,N,N,N,N,N,N,Y,N,N,Y,N,28.539366429,-81.310466911,469627.372442,3156992.422842,R,,ARBM15Q1R2,"June 10, 2023",3151395,-9051440.116562871,3317148.001148138
2020898223510,2020,898223510,2020-00085373,COUNTY SHERIFF'S OFFICE,05 FIFTH,ORANGE,"March 7, 2020",0455,SUNDAY,7546 ORLANDO,0746,Y,SR 400,SR 500,0,,0,0,28.5110635,-81.3973827,75280126,0,00454,SR 400,I 4,L LEFT,X RAMP,0,08 RAMP RURAL,03 STATE,14 ENTRANCE/EXIT RAMP,01 ON ROADWAY,77 OTHER (SEE NARRATIVE),01 PAVED,0,"December 31, 2000",,14,PAVED,16,,0,,0,,17500,RCI,6.8,,,1 NO INJURY,31 Q/C COMPLETED - LOC VERIFIED,0 NO,08 EXIT RAMP,04 DARK-LIGHTED,01 CLEAR,01 DRY,00 NOT CODED,0 NOT CODED,NOT CODED,"TWO-WAY, DIVIDED, POSITIVE MED",NOT CODED,NO CONTROLS,1,NONE,NOT CODED,NOT CODED,NONE,NOT CODED,NOT CODED,14 MOTOR VEHICLE IN TRANSPORT,"04 SIDESWIPE, SAME DIRECTION",00 NOT CODED,NOT CODED,NO CONTRIBUTING ACTION,00 NOT CODED,00 NOT CODED,00 NOT CODED,00 NOT CODED,01 NO,0,0,0,0,1,0,2,1,N,N,N,N,Y,N,N,N,N,N,N,N,N,N,N,N,N,N,N,N,N,N,N,N,N,N,28.51105647,-81.397379177,461114.3892,3153881.1944,O,,ARBM15Q1R2,"June 10, 2023",3151396,-9061115.148457257,3313561.128860327
2020898223580,2020,898223580,2020-00079458,COUNTY SHERIFF'S OFFICE,05 FIFTH,ORANGE,"March 2, 2020",1625,TUESDAY,7546 ORLANDO,0746,Y,COLONIAL DR,PRIMROSE DR,0.009,E,0,0,0,0,75060000,2.914,05119,SR 50,,R RIGHT,1 THRU LANE 1,E EAST,30 URBAN 6+LN 2WY DIVD RASD,03 STATE,01 NON-JUNCTION,01 ON ROADWAY,02 FOUR-WAY INTERSECTION,03 CURB,34,"September 9, 2019",14 URBAN PRIN ART OTHER,36,CURB&GUTTER,2,,0,,0,20,50500,RCI,3.5,,40,3 NO-INCAPACITATING INJURY,31 Q/C COMPLETED - LOC VERIFIED,0 NO,01 NOT AT INTERSECTION/RRX/BRIDGE,01 DAYLIGHT,01 CLEAR,01 DRY,01 LEVEL,1 STRAIGHT,"TWO-WAY, DIVIDED, POSITIVE MED","TWO-WAY, DIVIDED, POSITIVE MED",NO CONTROLS,NO CONTROLS,6,NONE,NOT CODED,NOT CODED,NONE,NOT CODED,NOT CODED,14 MOTOR VEHICLE IN TRANSPORT,01 FRONT TO REAR,11 OVERTAKING/PASSING,OPERATED MV IN CARLESS OR NEGL,NO CONTRIBUTING ACTION,00 NOT CODED,00 NOT CODED,00 NOT CODED,00 NOT CODED,01 NO,1,0,0,0,2,0,2,2,N,N,N,N,N,N,N,N,N,N,Y,N,N,N,N,N,N,N,N,N,N,Y,Y,N,N,N,28.553174652,-81.347727585,465986.616136,3158532.171486,R,,ARBM15Q1R2,"June 10, 2023",3151397,-9055587.957091395,3318897.8528293693
2020898207590,2020,898207590,2020-00039506,COUNTY SHERIFF'S OFFICE,05 FIFTH,ORANGE,"February 1, 2020",0700,SUNDAY,7546 ORLANDO,0746,Y,KIRKMAN RD S,INTERNATIONAL DR,0.07,S,0,0,0,0,75270000,0.816,00086,SR 435,,L LEFT,S SIDE OF ROAD,S SOUTH,33 SUBURBAN 6+LN 2WY DIVD RASD,01 INTERSTATE,01 NON-JUNCTION,02 OFF ROADWAY,01 NOT AT INTERSECTION,02 UNPAVED,33,"July 27, 2014",14 URBAN PRIN ART OTHER,36,PAVED,4,LAWN,4,,0,56,30500,RCI,6.1,,45,0 UNKNOWN/NOT CODED,31 Q/C COMPLETED - LOC VERIFIED,0 NO,01 NOT AT INTERSECTION/RRX/BRIDGE,04 DARK-LIGHTED,01 CLEAR,01 DRY,01 LEVEL,1 STRAIGHT,"TWO-WAY, DIVIDED, POSITIVE MED",,NO CONTROLS,NOT CODED,6,NONE,NOT CODED,NOT CODED,NONE,NOT CODED,NOT CODED,33 UTILITY POLE/LIGHT SUPPORT,01 FRONT TO REAR,88 UNKNOWN,NOT CODED,NOT CODED,00 NOT CODED,00 NOT CODED,00 NOT CODED,00 NOT CODED,01 NO,0,0,0,0,0,0,1,0,N,N,N,N,Y,N,N,N,N,N,N,N,N,N,N,N,N,N,N,N,N,N,N,N,N,N,28.461457604,-81.458793776,455083.600977,3148407.819759,L,,ARBM15Q1R2,"June 10, 2023",3151402,-9067951.792098561,3307279.271499287