Crash Id,Calendar Year,FDOT Crash Number,Reporting Agency Case Number,Reporting Agency Type,FDOT Managing District,County Name,Crash Date,Crash Time,Day,DHSMV City,Crash Report City Code,In Town,On Roadway Name,Int Roadway Name,Reference Distance (Miles),Reference Direction,Officer Latitude,Officer Longitude,FDOT Latitude,FDOT Longitude,FDOT Roadway,Nearest Inventory MP,Nearest Node From Crash,State Road #,US Highway,Crash Side of Road,Accident Lane Number,Travel Direction Vehicle 1,FDOT Road Category,DHSMV Road System Id,Relation to Junction,Crash Harmful Event Location,Intersection Type,Shoulder Type,FDOT Roadway SKID Test Result,FDOT Roadway SKID Test Date,Functional Class,RCI Surface Width,RCI Shoulder Type First,RCI Shoulder Width First,RCI Shoulder Type Second,RCI Shoulder Width Second,RCI Shoulder Type Third,RCI Shoulder Width Third,RCI Median Width,Avg Daily Traffic,AADT Source,RCI Avg Per Truck Traffic,RCI Horiz Curve Condition,Posted Speed Limit,Highest Injury in Crash,CAR Status Code,Alcohols/Drug Involved,Site Location,Lighting,Weather,Road Surface,Roadway Grade,Roadway Alignment,Traffic Way Vehicle 1,Traffic Way Vehicle 2,Traffic Control Vehicle 1,Traffic Control Vehicle 2,Count of Lanes,Road Condition 1,Road Condition 2,Road Condition 3,Environment Condition 1,Environment Condition 2,Environment Condition 3,Crash Harmful Event,Manner of Collision,Vehicle Movement,Driver Action Vehicle 1,Driver Action Vehicle 2,Location Within Workzone,Type of Workzone,Workers Present in Workzone,Law Enforcement Present in Workzone,School Bus Related,Count of Nonfatal Injuries,Count of Traffic Fatalities,Count of Serious Injuries,Count of Pedestrians,Count of Drivers,Count of Bicyclists,Count of Vehicles,Count of Persons,Wrong Way,Workzone Inv,Commercial Vehicle Inv,Intersection Inv,Lane Departure,Speeding,Agressive Driving,Impaired Driver,Impaired Pedestrian,Impaired Bicyclist,Distracted Driver,Speeding or Aggressive Driving,Pedestrian Related,Bicyclist Related,Pedestrian or Bicyclist Related,Motorcycle Inv,No Belt,No Belt - Ages 1-4,No Belt - Ages 5-12,No Belt - Ages 13-17,Driver - Ages Teen,Driver - Ages 65 plus,Driver - Ages 65-69,Driver - Ages 70-74,Driver - Ages 75-79,Driver - Ages 80 plus,ARBM Latitude,ARBM Longitude,UTM Zone 17N X,UTM Zone 17N Y,ARBM Side of Road,Urban Rural Indicator,GIS Street Source,Extract Date,OBJECTID,x,y
2020898226520,2020,898226520,2020-00094441,COUNTY SHERIFF'S OFFICE,05 FIFTH,ORANGE,"March 14, 2020",0603,SUNDAY,7546 ORLANDO,0746,Y,SR 400,SR 50,0.057,S,0,0,28.552099,-81.3824376,75280000,18.252,00379,SR 400,I 4,R RIGHT,2 THRU LANE 2,0,01 INTERSTATE URBAN,01 INTERSTATE,14 ENTRANCE/EXIT RAMP,01 ON ROADWAY,01 NOT AT INTERSECTION,01 PAVED,27,"September 16, 2014",11 URBAN PRIN ART INT.,60,PAVED,10,CURB&GUTTER,2,,0,30,125000,RCI,6.8,2D0000,50,2 POSSIBLE INJURY,31 Q/C COMPLETED - LOC VERIFIED,1 ALC,01 NOT AT INTERSECTION/RRX/BRIDGE,04 DARK-LIGHTED,02 CLOUDY,01 DRY,00 NOT CODED,0 NOT CODED,NOT CODED,ONE-WAY TRAFFICWAY,NOT CODED,NO CONTROLS,8,NONE,NOT CODED,NOT CODED,NONE,NOT CODED,NOT CODED,14 MOTOR VEHICLE IN TRANSPORT,03 ANGLE,00 NOT CODED,NOT CODED,NO CONTRIBUTING ACTION,00 NOT CODED,00 NOT CODED,00 NOT CODED,00 NOT CODED,01 NO,1,0,0,0,1,0,2,1,N,N,N,N,Y,N,N,N,N,N,N,N,N,N,N,N,N,N,N,N,N,N,N,N,N,N,28.552119742,-81.38242655,462592.096845,3158425.640017,R,,ARBM15Q1R2,"June 10, 2023",3152490,-9059450.629266221,3318764.160760928
2020898209940,2020,898209940,2020-00078170,COUNTY SHERIFF'S OFFICE,05 FIFTH,ORANGE,"March 1, 2020",1900,MONDAY,7546 ORLANDO,0746,Y,HUGHEY AVE,ROBINSON ST,0,,0,0,28.5457011,-81.3828426,75030101,0.059,02534,SR 526,,L LEFT,1 THRU LANE 1,N NORTH,12 URBAN 2-3LN 2WY UNDIVD,03 STATE,02 INTERSECTION,01 ON ROADWAY,03 T-INTERSECTION,01 PAVED,0,"December 31, 2000",16 URBAN MINOR ART,36,CURB&GUTTER,2,,0,,0,,5400,RCI,7.4,,30,2 POSSIBLE INJURY,31 Q/C COMPLETED - LOC VERIFIED,0 NO,02 AT INTERSECTION,05 DARK-NOT LIGHTED,01 CLEAR,01 DRY,01 LEVEL,1 STRAIGHT,ONE-WAY TRAFFICWAY,"TWO-WAY, NOT DIVIDED",NO CONTROLS,NO CONTROLS,3,NONE,NOT CODED,NOT CODED,NONE,NOT CODED,NOT CODED,14 MOTOR VEHICLE IN TRANSPORT,"05 SIDESWIPE, OPPOSITE DIRECTION",77 OTHER (SEE NARRATIVE),WRONG SIDE OF WRONG WAY,NO CONTRIBUTING ACTION,00 NOT CODED,00 NOT CODED,00 NOT CODED,00 NOT CODED,01 NO,3,0,0,0,2,0,2,3,Y,N,N,Y,N,N,N,N,N,N,N,N,N,N,N,N,N,N,N,N,N,Y,N,N,N,Y,28.545704205,-81.382851591,462548.250447,3157715.02497,C,,ARBM15Q1R2,"June 10, 2023",3152493,-9059497.944601135,3317951.129300181
2020898212150,2020,898212150,2020-00063847,COUNTY SHERIFF'S OFFICE,05 FIFTH,ORANGE,"February 19, 2020",1655,THURSDAY,7546 ORLANDO,0746,Y,COLONIAL DR,SUMMERLIN AVE,0,,0,0,28.5531931,-81.3686122,75060000,1.641,05103,SR 50,US 17,R RIGHT,R RIGHT TURN,E EAST,20 URBAN 4-5LN 2WY DIVD RASD,03 STATE,02 INTERSECTION,01 ON ROADWAY,02 FOUR-WAY INTERSECTION,01 PAVED,37,"September 9, 2019",14 URBAN PRIN ART OTHER,22,PAVED,6,CURB&GUTTER,2,,0,12,46500,RCI,2.9,,40,2 POSSIBLE INJURY,31 Q/C COMPLETED - LOC VERIFIED,0 NO,02 AT INTERSECTION,01 DAYLIGHT,01 CLEAR,01 DRY,01 LEVEL,1 STRAIGHT,"TWO-WAY, NOT DIVIDED","TWO-WAY, NOT DIVIDED",TRAFFIC CONTROL SIGNAL,TRAFFIC CONTROL SIGNAL,4,NONE,NOT CODED,NOT CODED,NONE,NOT CODED,NOT CODED,14 MOTOR VEHICLE IN TRANSPORT,01 FRONT TO REAR,01 STRAIGHT AHEAD,NO CONTRIBUTING ACTION,NO CONTRIBUTING ACTION,00 NOT CODED,00 NOT CODED,00 NOT CODED,00 NOT CODED,01 NO,2,0,0,0,3,0,3,4,N,N,N,Y,N,N,N,N,N,N,N,N,N,N,N,N,N,N,N,N,Y,N,N,N,N,N,28.553194368,-81.368646037,463940.444829,3158540.469886,C,,ARBM15Q1R2,"June 10, 2023",3152494,-9057916.589142732,3318900.351376071
2020898214860,2020,898214860,2020-00077118,COUNTY SHERIFF'S OFFICE,05 FIFTH,ORANGE,"March 1, 2020",0324,MONDAY,7546 ORLANDO,0746,Y,SR 417,LAKE NONA BLVD,0.189,N,0,0,28.3802343,-81.2741029,75301000,13.101,04309,SR 417,,L LEFT,2 THRU LANE 2,S SOUTH,03 TOLL ROAD URBAN,03 STATE,01 NON-JUNCTION,01 ON ROADWAY,01 NOT AT INTERSECTION,01 PAVED,36,"November 12, 2019",12 URBAN PRIN ART EXPR.,24,PAVED WARN,10,LAWN,12,,0,64,69000,RCI,5,,70,2 POSSIBLE INJURY,31 Q/C COMPLETED - LOC VERIFIED,0 NO,01 NOT AT INTERSECTION/RRX/BRIDGE,04 DARK-LIGHTED,01 CLEAR,01 DRY,01 LEVEL,1 STRAIGHT,"TWO-WAY, DIVIDED, UNPROTECTED","TWO-WAY, DIVIDED, UNPROTECTED",NO CONTROLS,NO CONTROLS,4,NONE,NOT CODED,NOT CODED,NONE,NOT CODED,NOT CODED,14 MOTOR VEHICLE IN TRANSPORT,01 FRONT TO REAR,01 STRAIGHT AHEAD,OPERATED MV IN CARLESS OR NEGL,NO CONTRIBUTING ACTION,00 NOT CODED,00 NOT CODED,00 NOT CODED,00 NOT CODED,01 NO,2,0,0,0,2,0,2,2,N,N,N,N,N,N,N,N,N,N,Y,N,N,N,N,N,N,N,N,N,N,N,N,N,N,N,28.380776442,-81.2733924,473214.395648,3139414.475965,L,,ARBM15Q1R2,"June 10, 2023",3152495,-9047312.999072907,3297067.0342259677
2020898205000,2020,898205000,2020-00100965,COUNTY SHERIFF'S OFFICE,05 FIFTH,ORANGE,"March 20, 2020",0030,SATURDAY,7546 ORLANDO,0746,Y,JOHN YOUNG PKWY,W D JUDGE DR,0.019,S,0,0,28.5598483,-81.4150146,75190000,3.704,01213,SR 423,,R RIGHT,1 THRU LANE 1,N NORTH,23 SUBURBAN 4-5LN 2WY DIVD RASD,03 STATE,01 NON-JUNCTION,01 ON ROADWAY,03 T-INTERSECTION,01 PAVED,36,"May 23, 2016",14 URBAN PRIN ART OTHER,24,PAVED,4,LAWN,12,,0,35,56000,RCI,8.4,,55,2 POSSIBLE INJURY,31 Q/C COMPLETED - LOC VERIFIED,0 NO,03 INFLUENCED BY INTERSECTION,04 DARK-LIGHTED,01 CLEAR,01 DRY,01 LEVEL,1 STRAIGHT,,"TWO-WAY, DIVIDED, UNPROTECTED",NOT CODED,NO CONTROLS,4,NONE,NOT CODED,NOT CODED,NONE,NOT CODED,NOT CODED,14 MOTOR VEHICLE IN TRANSPORT,"04 SIDESWIPE, SAME DIRECTION",01 STRAIGHT AHEAD,NOT CODED,NO CONTRIBUTING ACTION,00 NOT CODED,00 NOT CODED,00 NOT CODED,00 NOT CODED,01 NO,1,0,0,0,1,0,1,1,N,N,N,Y,N,N,N,N,N,N,N,N,N,N,N,N,N,N,N,N,N,N,N,N,N,N,28.559842921,-81.414921121,459416.500779,3159291.829196,R,,ARBM15Q1R2,"June 10, 2023",3152499,-9063067.909458866,3319742.9733656384
2020898207410,2020,898207410,2020-00025501,COUNTY SHERIFF'S OFFICE,05 FIFTH,ORANGE,"January 20, 2020",2150,TUESDAY,7546 ORLANDO,0746,Y,I 4,PRINCETON ST E,0.25,S,0,0,28.5663067,-81.3759085,75280000,19.317,00385,SR 400,I 4,R RIGHT,3 THRU LANE 3,E EAST,01 INTERSTATE URBAN,01 INTERSTATE,01 NON-JUNCTION,01 ON ROADWAY,01 NOT AT INTERSECTION,01 PAVED,25,"September 16, 2014",11 URBAN PRIN ART INT.,48,PAVED WARN,10,CURB&GUTTER,2,,0,18,170500,RCI,6.8,2D3000,50,2 POSSIBLE INJURY,31 Q/C COMPLETED - LOC VERIFIED,0 NO,01 NOT AT INTERSECTION/RRX/BRIDGE,04 DARK-LIGHTED,01 CLEAR,01 DRY,01 LEVEL,1 STRAIGHT,"TWO-WAY, DIVIDED, POSITIVE MED","TWO-WAY, DIVIDED, POSITIVE MED",NO CONTROLS,NO CONTROLS,8,NONE,NOT CODED,NOT CODED,NONE,NOT CODED,NOT CODED,15 PARKED MOTOR VEHICLE,"04 SIDESWIPE, SAME DIRECTION",01 STRAIGHT AHEAD,OTHER CONTRIBUTING ACTION,NO CONTRIBUTING ACTION,00 NOT CODED,00 NOT CODED,00 NOT CODED,00 NOT CODED,01 NO,2,0,0,0,2,0,2,3,N,N,N,N,Y,N,N,N,N,N,Y,N,N,N,N,N,N,N,N,N,N,Y,Y,N,N,N,28.56632025,-81.375900778,463235.369147,3159996.831295,R,,ARBM15Q1R2,"June 10, 2023",3152500,-9058724.183522865,3320563.946219351
2020898207480,2020,898207480,2020-00049682,COUNTY SHERIFF'S OFFICE,05 FIFTH,ORANGE,"February 9, 2020",0800,MONDAY,7546 ORLANDO,0746,Y,SR 408,CRYSTAL LAKE DR EXIT RAMP,0.189,E,0,0,28.5382189,-81.3377788,75008000,7.979,01190,SR 408,,L LEFT,2 THRU LANE 2,W WEST,03 TOLL ROAD URBAN,03 STATE,01 NON-JUNCTION,01 ON ROADWAY,01 NOT AT INTERSECTION,01 PAVED,35,"October 1, 2012",12 URBAN PRIN ART EXPR.,60,PAVED WARN,8,,0,,0,40,150500,RCI,4.5,,55,1 NO INJURY,31 Q/C COMPLETED - LOC VERIFIED,0 NO,06 BRIDGE,01 DAYLIGHT,01 CLEAR,01 DRY,01 LEVEL,1 STRAIGHT,"TWO-WAY, DIVIDED, POSITIVE MED","TWO-WAY, DIVIDED, POSITIVE MED",NO CONTROLS,NO CONTROLS,10,NONE,NOT CODED,NOT CODED,NONE,NOT CODED,NOT CODED,14 MOTOR VEHICLE IN TRANSPORT,03 ANGLE,06 CHANGING LANES,FAILED TO KEEP IN PROPER LANE,FAILED TO KEEP IN PROPER LANE,00 NOT CODED,00 NOT CODED,00 NOT CODED,00 NOT CODED,01 NO,0,0,0,0,2,0,2,3,N,N,N,N,Y,N,N,N,N,N,N,N,N,N,N,N,N,N,N,N,N,N,N,N,N,N,28.538500592,-81.337825318,466950.643892,3156903.735446,L,,ARBM15Q1R2,"June 10, 2023",3152501,-9054485.641287131,3317038.2852178696
2020898207490,2020,898207490,2020-00082121,COUNTY SHERIFF'S OFFICE,05 FIFTH,ORANGE,"March 4, 2020",1530,THURSDAY,7546 ORLANDO,0746,Y,I 4,FL TPK,0.009,S,0,0,28.4794082,-81.4483565,75280000,10.972,00347,SR 400,I 4,R RIGHT,4 THRU LANE 4,E EAST,01 INTERSTATE URBAN,03 STATE,01 NON-JUNCTION,01 ON ROADWAY,01 NOT AT INTERSECTION,01 PAVED,31,"September 16, 2014",11 URBAN PRIN ART INT.,36,PAVED WARN,10,LAWN,12,,0,64,178000,RCI,5.6,,55,2 POSSIBLE INJURY,31 Q/C COMPLETED - LOC VERIFIED,0 NO,01 NOT AT INTERSECTION/RRX/BRIDGE,01 DAYLIGHT,01 CLEAR,01 DRY,01 LEVEL,1 STRAIGHT,"TWO-WAY, DIVIDED, POSITIVE MED","TWO-WAY, DIVIDED, POSITIVE MED",NO CONTROLS,NO CONTROLS,6,NONE,NOT CODED,NOT CODED,NONE,NOT CODED,NOT CODED,14 MOTOR VEHICLE IN TRANSPORT,01 FRONT TO REAR,01 STRAIGHT AHEAD,FOLLOWED TOO CLOSELY,NO CONTRIBUTING ACTION,00 NOT CODED,00 NOT CODED,00 NOT CODED,00 NOT CODED,01 NO,2,0,0,0,2,0,2,3,N,N,N,N,N,N,N,N,N,N,N,N,N,N,N,N,N,N,N,N,N,Y,N,Y,N,N,28.479418057,-81.448363851,456112.136125,3150393.709044,R,,ARBM15Q1R2,"June 10, 2023",3152502,-9066790.73786468,3309553.6801747484
2020898209410,2020,898209410,2020-00048498,COUNTY SHERIFF'S OFFICE,05 FIFTH,ORANGE,"February 8, 2020",0550,SUNDAY,7546 ORLANDO,0746,Y,SR 408,CRYSTAL LAKE DR,0,,0,0,28.5381942,-81.3440392,75008000,7.598,01551,SR 408,,R RIGHT,3 THRU LANE 3,W WEST,03 TOLL ROAD URBAN,03 STATE,01 NON-JUNCTION,01 ON ROADWAY,01 NOT AT INTERSECTION,01 PAVED,37,"March 2, 2020",12 URBAN PRIN ART EXPR.,60,PAVED WARN,8,,0,,0,40,156000,RCI,4.5,,55,1 NO INJURY,31 Q/C COMPLETED - LOC VERIFIED,0 NO,01 NOT AT INTERSECTION/RRX/BRIDGE,04 DARK-LIGHTED,01 CLEAR,01 DRY,01 LEVEL,1 STRAIGHT,ONE-WAY TRAFFICWAY,ONE-WAY TRAFFICWAY,NO CONTROLS,NO CONTROLS,10,NONE,NOT CODED,NOT CODED,NONE,NOT CODED,NOT CODED,14 MOTOR VEHICLE IN TRANSPORT,"04 SIDESWIPE, SAME DIRECTION",06 CHANGING LANES,FAILED TO YIELD RIGHT-OF-WAY,NO CONTRIBUTING ACTION,00 NOT CODED,00 NOT CODED,00 NOT CODED,00 NOT CODED,01 NO,0,0,0,0,2,0,2,5,N,N,N,N,Y,N,N,N,N,N,N,N,N,N,N,N,N,N,N,N,N,Y,N,Y,N,N,28.538219956,-81.344051705,466341.425054,3156874.376841,R,,ARBM15Q1R2,"June 10, 2023",3152503,-9055178.759650862,3317002.724134013
2020898209480,2020,898209480,2020-00060080,COUNTY SHERIFF'S OFFICE,05 FIFTH,ORANGE,"February 17, 2020",0230,TUESDAY,7546 ORLANDO,0746,Y,I 4,SR 408,0.057,S,0,0,28.5360363,-81.3862888,75280177,0.84,04838,SR 400,I 4,R RIGHT,X RAMP,0,08 RAMP RURAL,01 INTERSTATE,14 ENTRANCE/EXIT RAMP,01 ON ROADWAY,01 NOT AT INTERSECTION,01 PAVED,0,"December 31, 2000",,14,PAVED,5,VALLEY GUTR,3,,0,,22500,RCI,4.5,,,1 NO INJURY,31 Q/C COMPLETED - LOC VERIFIED,0 NO,08 EXIT RAMP,04 DARK-LIGHTED,01 CLEAR,01 DRY,00 NOT CODED,0 NOT CODED,NOT CODED,ONE-WAY TRAFFICWAY,NOT CODED,NO CONTROLS,1,NONE,NOT CODED,NOT CODED,NONE,NOT CODED,NOT CODED,14 MOTOR VEHICLE IN TRANSPORT,01 FRONT TO REAR,00 NOT CODED,NOT CODED,NO CONTRIBUTING ACTION,00 NOT CODED,00 NOT CODED,00 NOT CODED,00 NOT CODED,01 NO,0,0,0,0,1,0,2,1,N,N,N,N,Y,N,N,N,N,N,N,N,N,N,N,N,N,N,N,N,N,N,N,N,N,N,28.536034658,-81.386306889,462206.7885,3156644.8657,O,,ARBM15Q1R2,"June 10, 2023",3152504,-9059882.586718284,3316725.8154843813
2020898209080,2020,898209080,2020-00042106,COUNTY SHERIFF'S OFFICE,05 FIFTH,ORANGE,"February 3, 2020",1045,TUESDAY,7546 ORLANDO,0746,Y,SR 408,MILLS AVE,0.75,E,0,0,28.5381282,-81.3521046,75008000,7.107,01549,SR 408,,R RIGHT,1 THRU LANE 1,W WEST,03 TOLL ROAD URBAN,02 U.S.,01 NON-JUNCTION,01 ON ROADWAY,01 NOT AT INTERSECTION,01 PAVED,37,"March 2, 2020",12 URBAN PRIN ART EXPR.,48,PAVED WARN,8,,0,,0,40,159500,RCI,4.5,,55,2 POSSIBLE INJURY,31 Q/C COMPLETED - LOC VERIFIED,0 NO,06 BRIDGE,01 DAYLIGHT,01 CLEAR,01 DRY,03 UPHILL,1 STRAIGHT,"TWO-WAY, DIVIDED, POSITIVE MED","TWO-WAY, DIVIDED, POSITIVE MED",NO CONTROLS,NO CONTROLS,9,NONE,NOT CODED,NOT CODED,NONE,NOT CODED,NOT CODED,14 MOTOR VEHICLE IN TRANSPORT,01 FRONT TO REAR,01 STRAIGHT AHEAD,OTHER CONTRIBUTING ACTION,NO CONTRIBUTING ACTION,00 NOT CODED,00 NOT CODED,00 NOT CODED,00 NOT CODED,01 NO,1,0,0,0,2,0,2,2,N,N,N,N,Y,N,N,N,N,N,N,N,N,N,N,N,N,N,N,N,Y,N,N,N,N,N,28.53816466,-81.352121478,465551.935857,3156870.542328,R,,ARBM15Q1R2,"June 10, 2023",3152505,-9056077.08295515,3316995.7173084426
2020898209110,2020,898209110,2020-00060857,COUNTY SHERIFF'S OFFICE,05 FIFTH,ORANGE,"February 17, 2020",1510,TUESDAY,7546 ORLANDO,0746,Y,I 4,LAKEVIEW DR,0,,0,0,28.5617009,-81.3786872,75280000,18.957,03906,SR 400,I 4,R RIGHT,1 THRU LANE 1,E EAST,01 INTERSTATE URBAN,01 INTERSTATE,01 NON-JUNCTION,01 ON ROADWAY,01 NOT AT INTERSECTION,03 CURB,25,"September 16, 2014",11 URBAN PRIN ART INT.,60,PAVED WARN,10,CURB&GUTTER,2,,0,30,170500,RCI,6.8,,50,1 NO INJURY,31 Q/C COMPLETED - LOC VERIFIED,0 NO,01 NOT AT INTERSECTION/RRX/BRIDGE,01 DAYLIGHT,01 CLEAR,01 DRY,01 LEVEL,2 CURVE RIGHT,"TWO-WAY, DIVIDED, POSITIVE MED","TWO-WAY, DIVIDED, POSITIVE MED",NO CONTROLS,NO CONTROLS,8,NONE,NOT CODED,NOT CODED,NONE,NOT CODED,NOT CODED,14 MOTOR VEHICLE IN TRANSPORT,01 FRONT TO REAR,14 SLOWING,FOLLOWED TOO CLOSELY,NO CONTRIBUTING ACTION,00 NOT CODED,00 NOT CODED,00 NOT CODED,00 NOT CODED,01 NO,0,0,0,0,3,0,3,3,N,N,N,N,N,N,N,N,N,N,N,N,N,N,N,N,N,N,N,N,N,N,N,N,N,N,28.561723064,-81.378690698,462960.891868,3159488.388473,R,,ARBM15Q1R2,"June 10, 2023",3152506,-9059034.755999254,3319981.268020891
2020898211330,2020,898211330,2020-00066963,COUNTY SHERIFF'S OFFICE,05 FIFTH,ORANGE,"February 22, 2020",0648,SUNDAY,7546 ORLANDO,0746,Y,I 4,SR 408,0,,0,0,28.5310035,-81.3880652,75280176,0,04841,SR 400,I 4,L LEFT,X RAMP,W WEST,08 RAMP RURAL,01 INTERSTATE,01 NON-JUNCTION,01 ON ROADWAY,01 NOT AT INTERSECTION,01 PAVED,0,"December 31, 2000",,24,PAVED,5,,0,,0,,2300,RCI,4.1,,,2 POSSIBLE INJURY,31 Q/C COMPLETED - LOC VERIFIED,0 NO,08 EXIT RAMP,01 DAYLIGHT,01 CLEAR,01 DRY,01 LEVEL,2 CURVE RIGHT,ONE-WAY TRAFFICWAY,,TRAFFIC CONTROL SIGNAL,NOT CODED,2,OTHER (SEE NARRATIVE),NOT CODED,NOT CODED,NONE,NOT CODED,NOT CODED,14 MOTOR VEHICLE IN TRANSPORT,77 OTHER (SEE NARRATIVE),77 OTHER (SEE NARRATIVE),OPERATED MV IN CARLESS OR NEGL,NOT CODED,00 NOT CODED,00 NOT CODED,00 NOT CODED,00 NOT CODED,01 NO,1,0,0,0,1,0,1,1,N,N,N,N,N,N,N,N,N,N,N,N,N,N,N,N,N,N,N,N,N,N,N,N,N,N,28.531005069,-81.388085038,462031.0242,3156088.2235,O,,ARBM15Q1R2,"June 10, 2023",3152507,-9060080.529369852,3316088.5163353807
2020898201390,2020,898201390,2020-00016404,COUNTY SHERIFF'S OFFICE,05 FIFTH,ORANGE,"January 13, 2020",1525,TUESDAY,7546 ORLANDO,0746,Y,SR 408,TAMPA AVE S,0.005,W,0,0,28.5355702,-81.4055045,75008021,0.123,04102,SR 408,,R RIGHT,X RAMP,0,08 RAMP RURAL,03 STATE,14 ENTRANCE/EXIT RAMP,01 ON ROADWAY,01 NOT AT INTERSECTION,01 PAVED,0,"December 31, 2000",,14,PAVED,2,LAWN,6,,0,,2100,RCI,4.1,,,1 NO INJURY,31 Q/C COMPLETED - LOC VERIFIED,0 NO,08 EXIT RAMP,01 DAYLIGHT,01 CLEAR,01 DRY,00 NOT CODED,0 NOT CODED,NOT CODED,ONE-WAY TRAFFICWAY,NOT CODED,STOP SIGN,1,NONE,NOT CODED,NOT CODED,NONE,NOT CODED,NOT CODED,14 MOTOR VEHICLE IN TRANSPORT,01 FRONT TO REAR,00 NOT CODED,NOT CODED,NO CONTRIBUTING ACTION,04 ACTIVITY AREA,03 WORK ON SHOULDER OR MEDIAN,88 UNKNOWN,01 NO,01 NO,0,0,0,0,1,0,2,1,N,Y,N,N,N,N,N,N,N,N,N,N,N,N,N,N,N,N,N,N,N,N,N,N,N,N,28.535581693,-81.405480192,460330.837814,3156600.875544,O,,ARBM15Q1R2,"June 10, 2023",3152513,-9062016.949599365,3316668.4189460645
2020898201410,2020,898201410,2020-00016513,COUNTY SHERIFF'S OFFICE,05 FIFTH,ORANGE,"January 13, 2020",1650,TUESDAY,7546 ORLANDO,0746,Y,SR 408,SR 500,0.095,W,0,0,28.5351014,-81.3962138,75008000,4.396,01524,SR 408,,L LEFT,3 THRU LANE 3,0,03 TOLL ROAD URBAN,03 STATE,14 ENTRANCE/EXIT RAMP,01 ON ROADWAY,01 NOT AT INTERSECTION,01 PAVED,35,"March 2, 2020",12 URBAN PRIN ART EXPR.,22,PAVED WARN,8,,0,,0,22,101000,RCI,4.5,,55,1 NO INJURY,31 Q/C COMPLETED - LOC VERIFIED,0 NO,01 NOT AT INTERSECTION/RRX/BRIDGE,01 DAYLIGHT,01 CLEAR,01 DRY,00 NOT CODED,0 NOT CODED,NOT CODED,"TWO-WAY, DIVIDED, POSITIVE MED",NOT CODED,NO CONTROLS,6,NONE,NOT CODED,NOT CODED,NONE,NOT CODED,NOT CODED,14 MOTOR VEHICLE IN TRANSPORT,01 FRONT TO REAR,00 NOT CODED,NOT CODED,NO CONTRIBUTING ACTION,04 ACTIVITY AREA,03 WORK ON SHOULDER OR MEDIAN,88 UNKNOWN,01 NO,01 NO,0,0,0,0,1,0,2,1,N,Y,N,N,N,N,N,N,N,N,N,N,N,N,N,N,N,N,N,N,N,N,N,N,N,N,28.535264665,-81.396221686,461236.512986,3156562.726228,L,,ARBM15Q1R2,"June 10, 2023",3152514,-9060986.297179118,3316628.247662209
2020898201430,2020,898201430,2020-00038772,COUNTY SHERIFF'S OFFICE,05 FIFTH,ORANGE,"January 31, 2020",1550,SATURDAY,7546 ORLANDO,0746,Y,SR 408,SEMORAN BLVD,0.53,W,0,0,28.5397393,-81.3197562,75008000,9.085,01191,SR 408,,L LEFT,1 THRU LANE 1,0,03 TOLL ROAD URBAN,03 STATE,01 NON-JUNCTION,01 ON ROADWAY,01 NOT AT INTERSECTION,01 PAVED,37,"March 2, 2020",12 URBAN PRIN ART EXPR.,48,PAVED WARN,8,,0,,0,24,150500,RCI,4.5,0D4501,65,2 POSSIBLE INJURY,31 Q/C COMPLETED - LOC VERIFIED,0 NO,01 NOT AT INTERSECTION/RRX/BRIDGE,01 DAYLIGHT,02 CLOUDY,01 DRY,00 NOT CODED,0 NOT CODED,NOT CODED,ONE-WAY TRAFFICWAY,NOT CODED,NO CONTROLS,8,NONE,NOT CODED,NOT CODED,NONE,NOT CODED,NOT CODED,14 MOTOR VEHICLE IN TRANSPORT,01 FRONT TO REAR,00 NOT CODED,NOT CODED,NO CONTRIBUTING ACTION,00 NOT CODED,00 NOT CODED,00 NOT CODED,00 NOT CODED,01 NO,1,0,0,0,1,0,2,2,N,N,N,N,N,N,N,N,N,N,N,N,N,N,N,N,N,N,N,N,N,Y,N,N,N,Y,28.539946321,-81.319803139,468714.186055,3157059.066225,L,,ARBM15Q1R2,"June 10, 2023",3152515,-9052479.420847906,3317221.4835755974
2020898201450,2020,898201450,2020-00032661,COUNTY SHERIFF'S OFFICE,05 FIFTH,ORANGE,"January 26, 2020",1640,MONDAY,7546 ORLANDO,0746,Y,I 4,SR 408,0.019,S,0,0,28.5355406,-81.3829893,75280000,17.1,04377,SR 400,I 4,R RIGHT,1 THRU LANE 1,N NORTH,01 INTERSTATE URBAN,01 INTERSTATE,01 NON-JUNCTION,01 ON ROADWAY,01 NOT AT INTERSECTION,01 PAVED,27,"September 16, 2014",11 URBAN PRIN ART INT.,36,PAVED,10,CURB&GUTTER,2,,0,20,148000,RCI,6.8,,50,1 NO INJURY,31 Q/C COMPLETED - LOC VERIFIED,0 NO,01 NOT AT INTERSECTION/RRX/BRIDGE,01 DAYLIGHT,01 CLEAR,01 DRY,01 LEVEL,1 STRAIGHT,"TWO-WAY, DIVIDED, POSITIVE MED","TWO-WAY, DIVIDED, POSITIVE MED",NO CONTROLS,NO CONTROLS,7,NONE,NOT CODED,NOT CODED,NONE,NOT CODED,NOT CODED,14 MOTOR VEHICLE IN TRANSPORT,01 FRONT TO REAR,14 SLOWING,FOLLOWED TOO CLOSELY,NO CONTRIBUTING ACTION,00 NOT CODED,00 NOT CODED,00 NOT CODED,00 NOT CODED,01 NO,0,0,0,0,2,0,2,2,N,N,N,N,N,N,N,N,N,N,N,N,N,N,N,N,N,N,N,N,N,N,N,N,N,N,28.5355399,-81.38296893,462533.175749,3156589.0066,R,,ARBM15Q1R2,"June 10, 2023",3152516,-9059511.00667953,3316663.1234075767