Crash Id,Calendar Year,FDOT Crash Number,Reporting Agency Case Number,Reporting Agency Type,FDOT Managing District,County Name,Crash Date,Crash Time,Day,DHSMV City,Crash Report City Code,In Town,On Roadway Name,Int Roadway Name,Reference Distance (Miles),Reference Direction,Officer Latitude,Officer Longitude,FDOT Latitude,FDOT Longitude,FDOT Roadway,Nearest Inventory MP,Nearest Node From Crash,State Road #,US Highway,Crash Side of Road,Accident Lane Number,Travel Direction Vehicle 1,FDOT Road Category,DHSMV Road System Id,Relation to Junction,Crash Harmful Event Location,Intersection Type,Shoulder Type,FDOT Roadway SKID Test Result,FDOT Roadway SKID Test Date,Functional Class,RCI Surface Width,RCI Shoulder Type First,RCI Shoulder Width First,RCI Shoulder Type Second,RCI Shoulder Width Second,RCI Shoulder Type Third,RCI Shoulder Width Third,RCI Median Width,Avg Daily Traffic,AADT Source,RCI Avg Per Truck Traffic,RCI Horiz Curve Condition,Posted Speed Limit,Highest Injury in Crash,CAR Status Code,Alcohols/Drug Involved,Site Location,Lighting,Weather,Road Surface,Roadway Grade,Roadway Alignment,Traffic Way Vehicle 1,Traffic Way Vehicle 2,Traffic Control Vehicle 1,Traffic Control Vehicle 2,Count of Lanes,Road Condition 1,Road Condition 2,Road Condition 3,Environment Condition 1,Environment Condition 2,Environment Condition 3,Crash Harmful Event,Manner of Collision,Vehicle Movement,Driver Action Vehicle 1,Driver Action Vehicle 2,Location Within Workzone,Type of Workzone,Workers Present in Workzone,Law Enforcement Present in Workzone,School Bus Related,Count of Nonfatal Injuries,Count of Traffic Fatalities,Count of Serious Injuries,Count of Pedestrians,Count of Drivers,Count of Bicyclists,Count of Vehicles,Count of Persons,Wrong Way,Workzone Inv,Commercial Vehicle Inv,Intersection Inv,Lane Departure,Speeding,Agressive Driving,Impaired Driver,Impaired Pedestrian,Impaired Bicyclist,Distracted Driver,Speeding or Aggressive Driving,Pedestrian Related,Bicyclist Related,Pedestrian or Bicyclist Related,Motorcycle Inv,No Belt,No Belt - Ages 1-4,No Belt - Ages 5-12,No Belt - Ages 13-17,Driver - Ages Teen,Driver - Ages 65 plus,Driver - Ages 65-69,Driver - Ages 70-74,Driver - Ages 75-79,Driver - Ages 80 plus,ARBM Latitude,ARBM Longitude,UTM Zone 17N X,UTM Zone 17N Y,ARBM Side of Road,Urban Rural Indicator,GIS Street Source,Extract Date,OBJECTID,x,y
2020898196920,2020,898196920,2019-00476209,COUNTY SHERIFF'S OFFICE,05 FIFTH,ORANGE,"December 31, 2019",1814,WEDNESDAY,7546 ORLANDO,0746,Y,SR 436,SR 552,0,,0,0,28.5237924,-81.310399,75003000,5.009,00854,SR 436,,R RIGHT,3 THRU LANE 3,0,30 URBAN 6+LN 2WY DIVD RASD,03 STATE,02 INTERSECTION,01 ON ROADWAY,02 FOUR-WAY INTERSECTION,01 PAVED,38,"March 2, 2020",14 URBAN PRIN ART OTHER,36,CURB&GUTTER,2,,0,,0,32,65000,RCI,5.2,,45,1 NO INJURY,31 Q/C COMPLETED - LOC VERIFIED,0 NO,02 AT INTERSECTION,04 DARK-LIGHTED,01 CLEAR,01 DRY,00 NOT CODED,0 NOT CODED,NOT CODED,"TWO-WAY, DIVIDED, POSITIVE MED",NOT CODED,NO CONTROLS,6,NONE,NONE,NONE,NONE,NONE,NONE,14 MOTOR VEHICLE IN TRANSPORT,01 FRONT TO REAR,00 NOT CODED,NOT CODED,NO CONTRIBUTING ACTION,00 NOT CODED,00 NOT CODED,00 NOT CODED,00 NOT CODED,01 NO,0,0,0,0,1,0,2,1,N,N,N,Y,N,N,N,N,N,N,N,N,N,N,N,N,N,N,N,N,N,N,N,N,N,N,28.523757507,-81.310300235,469639.20506,3155263.151941,R,,ARBM15Q1R2,"June 10, 2023",3153780,-9051421.562098924,3315170.231449453
2020898192070,2020,898192070,2020-00027622,COUNTY SHERIFF'S OFFICE,05 FIFTH,ORANGE,"January 22, 2020",1450,THURSDAY,7546 ORLANDO,0746,Y,KIRKMAN RD,L B MCLEOD RD,0.057,S,0,0,28.503635,-81.4589645,75270000,3.741,00125,SR 435,,L LEFT,S SIDE OF ROAD,S SOUTH,33 SUBURBAN 6+LN 2WY DIVD RASD,03 STATE,01 NON-JUNCTION,02 OFF ROADWAY,01 NOT AT INTERSECTION,01 PAVED,28,"March 14, 2017",14 URBAN PRIN ART OTHER,36,PAVED,5,LAWN,7,,0,37,58000,RCI,6.1,,50,3 NO-INCAPACITATING INJURY,31 Q/C COMPLETED - LOC VERIFIED,0 NO,01 NOT AT INTERSECTION/RRX/BRIDGE,01 DAYLIGHT,03 RAIN,02 WET,01 LEVEL,1 STRAIGHT,"TWO-WAY, DIVIDED, POSITIVE MED",,NO CONTROLS,NOT CODED,6,"RD SURFC (WET, ICY, SNOW, ETC)",NOT CODED,NOT CODED,WEATHER CONDITIONS,NOT CODED,NOT CODED,33 UTILITY POLE/LIGHT SUPPORT,77 OTHER (SEE NARRATIVE),06 CHANGING LANES,OPERATED MV IN CARLESS OR NEGL,NOT CODED,00 NOT CODED,00 NOT CODED,00 NOT CODED,00 NOT CODED,01 NO,1,0,0,0,1,0,1,1,N,N,N,N,Y,Y,N,N,N,N,N,Y,N,N,N,N,N,N,N,N,N,N,N,N,N,N,28.503648434,-81.459125476,455068.989092,3153082.050553,L,,ARBM15Q1R2,"June 10, 2023",3153800,-9067988.7169185,3312622.689382089
2020898192100,2020,898192100,2020-00029108,COUNTY SHERIFF'S OFFICE,05 FIFTH,ORANGE,"January 23, 2020",1744,FRIDAY,7546 ORLANDO,0746,Y,SR 526,PALMETTO AVE,0,,0,0,28.5456742,-81.3769153,75030000,1.363,00931,SR 526,,R RIGHT,1 THRU LANE 1,N NORTH,22 URBAN 4-5LN 2WY UNDIVD,03 STATE,02 INTERSECTION,01 ON ROADWAY,02 FOUR-WAY INTERSECTION,03 CURB,35,"March 1, 2020",16 URBAN MINOR ART,44,RAISED CURB,2,,0,,0,,18500,RCI,2.9,,30,2 POSSIBLE INJURY,31 Q/C COMPLETED - LOC VERIFIED,0 NO,02 AT INTERSECTION,01 DAYLIGHT,01 CLEAR,01 DRY,01 LEVEL,1 STRAIGHT,"TWO-WAY, NOT DIVIDED","TWO-WAY, DIVIDED, POSITIVE MED",STOP SIGN,NO CONTROLS,4,NONE,NOT CODED,NOT CODED,NONE,NOT CODED,NOT CODED,14 MOTOR VEHICLE IN TRANSPORT,03 ANGLE,03 TURNING LEFT,RAN STOP SIGN,NO CONTRIBUTING ACTION,00 NOT CODED,00 NOT CODED,00 NOT CODED,00 NOT CODED,01 NO,2,0,0,0,2,0,2,2,N,N,N,Y,N,N,N,N,N,N,N,N,N,N,N,N,N,N,N,N,N,N,N,N,N,N,28.545669334,-81.376915332,463128.946422,3157709.321894,C,,ARBM15Q1R2,"June 10, 2023",3153801,-9058837.123132026,3317946.710289565
2020898192130,2020,898192130,2020-00027610,COUNTY SHERIFF'S OFFICE,05 FIFTH,ORANGE,"January 22, 2020",1440,THURSDAY,7546 ORLANDO,0746,Y,CONWAY RD,MICHIGAN ST E,0.002,N,0,0,0,0,75080000,15.098,00202,SR 15,,L LEFT,2 THRU LANE 2,S SOUTH,20 URBAN 4-5LN 2WY DIVD RASD,03 STATE,01 NON-JUNCTION,01 ON ROADWAY,01 NOT AT INTERSECTION,03 CURB,27,"April 1, 2018",16 URBAN MINOR ART,22,CURB&GUTTER,2,,0,,0,22,34000,RCI,10.1,,40,2 POSSIBLE INJURY,31 Q/C COMPLETED - LOC VERIFIED,0 NO,03 INFLUENCED BY INTERSECTION,01 DAYLIGHT,03 RAIN,02 WET,01 LEVEL,1 STRAIGHT,"TWO-WAY, DIVIDED, POSITIVE MED","TWO-WAY, DIVIDED, POSITIVE MED",NO CONTROLS,NO CONTROLS,4,NONE,NOT CODED,NOT CODED,NONE,NOT CODED,NOT CODED,14 MOTOR VEHICLE IN TRANSPORT,01 FRONT TO REAR,01 STRAIGHT AHEAD,FOLLOWED TOO CLOSELY,NO CONTRIBUTING ACTION,00 NOT CODED,00 NOT CODED,00 NOT CODED,00 NOT CODED,01 NO,1,0,0,0,2,0,2,3,N,N,N,Y,N,N,N,N,N,N,N,N,N,N,N,N,N,N,N,N,N,N,N,N,N,N,28.51331357,-81.331016906,467609.014377,3154111.542334,L,,ARBM15Q1R2,"June 10, 2023",3153802,-9053727.732025912,3313847.068299468
2020898225820,2020,898225820,2020-00079376,COUNTY SHERIFF'S OFFICE,05 FIFTH,ORANGE,"March 2, 2020",1512,TUESDAY,7546 ORLANDO,0746,Y,I 4,CONROY RD,0.019,S,0,0,28.492934,-81.4334802,75280000,12.272,03519,SR 400,I 4,R RIGHT,1 THRU LANE 1,N NORTH,01 INTERSTATE URBAN,01 INTERSTATE,01 NON-JUNCTION,01 ON ROADWAY,01 NOT AT INTERSECTION,01 PAVED,35,"September 16, 2014",11 URBAN PRIN ART INT.,48,PAVED WARN,10,LAWN,12,,0,64,178000,RCI,5.6,,55,3 NO-INCAPACITATING INJURY,31 Q/C COMPLETED - LOC VERIFIED,0 NO,01 NOT AT INTERSECTION/RRX/BRIDGE,01 DAYLIGHT,01 CLEAR,01 DRY,01 LEVEL,1 STRAIGHT,"TWO-WAY, DIVIDED, POSITIVE MED","TWO-WAY, DIVIDED, POSITIVE MED",NO CONTROLS,NO CONTROLS,8,NONE,NOT CODED,NOT CODED,NONE,NOT CODED,NOT CODED,14 MOTOR VEHICLE IN TRANSPORT,01 FRONT TO REAR,01 STRAIGHT AHEAD,FOLLOWED TOO CLOSELY,NO CONTRIBUTING ACTION,00 NOT CODED,00 NOT CODED,00 NOT CODED,00 NOT CODED,01 NO,3,0,0,0,3,0,3,5,N,N,N,N,N,N,N,N,N,N,N,N,N,N,N,N,N,N,N,N,N,N,N,N,N,N,28.492939086,-81.43348237,457574.222964,3151886.287328,R,,ARBM15Q1R2,"June 10, 2023",3153820,-9065134.138511742,3311266.1610899894
2020898235720,2020,898235720,2020-00103726,COUNTY SHERIFF'S OFFICE,05 FIFTH,ORANGE,"March 23, 2020",0652,TUESDAY,7546 ORLANDO,0746,Y,I 4,AMELIA ST,0.019,S,0,0,28.5469703,-81.38236,75280000,17.899,00375,SR 400,I 4,R RIGHT,1 THRU LANE 1,N NORTH,01 INTERSTATE URBAN,01 INTERSTATE,14 ENTRANCE/EXIT RAMP,01 ON ROADWAY,01 NOT AT INTERSECTION,01 PAVED,27,"September 16, 2014",11 URBAN PRIN ART INT.,48,PAVED,10,CURB&GUTTER,2,,0,30,125000,RCI,6.8,,50,1 NO INJURY,31 Q/C COMPLETED - LOC VERIFIED,0 NO,01 NOT AT INTERSECTION/RRX/BRIDGE,01 DAYLIGHT,01 CLEAR,01 DRY,01 LEVEL,1 STRAIGHT,ONE-WAY TRAFFICWAY,"TWO-WAY, DIVIDED, POSITIVE MED",NO CONTROLS,NO CONTROLS,8,NONE,NOT CODED,NOT CODED,NONE,NOT CODED,NOT CODED,14 MOTOR VEHICLE IN TRANSPORT,"04 SIDESWIPE, SAME DIRECTION",06 CHANGING LANES,FAILED TO KEEP IN PROPER LANE,NO CONTRIBUTING ACTION,03 TRANSITION AREA,03 WORK ON SHOULDER OR MEDIAN,88 UNKNOWN,01 NO,01 NO,0,0,0,0,2,0,2,2,N,Y,Y,N,Y,N,N,N,N,N,N,N,N,N,N,N,N,N,N,N,N,N,N,N,N,N,28.546992312,-81.38235574,462597.211561,3157857.573578,R,,ARBM15Q1R2,"June 10, 2023",3153829,-9059442.746697746,3318114.365232791
2020898191380,2020,898191380,2020-00055531,COUNTY SHERIFF'S OFFICE,05 FIFTH,ORANGE,"February 13, 2020",0932,FRIDAY,7546 ORLANDO,0746,Y,I 4,ANDERSON ST,0,,0,0,28.5362425,-81.3826698,75280000,17.152,01387,SR 400,I 4,R RIGHT,3 THRU LANE 3,E EAST,01 INTERSTATE URBAN,01 INTERSTATE,01 NON-JUNCTION,01 ON ROADWAY,77 OTHER (SEE NARRATIVE),01 PAVED,27,"September 16, 2014",11 URBAN PRIN ART INT.,36,PAVED,10,CURB&GUTTER,2,,0,20,148000,RCI,6.8,,50,2 POSSIBLE INJURY,31 Q/C COMPLETED - LOC VERIFIED,0 NO,01 NOT AT INTERSECTION/RRX/BRIDGE,01 DAYLIGHT,03 RAIN,02 WET,01 LEVEL,1 STRAIGHT,ONE-WAY TRAFFICWAY,ONE-WAY TRAFFICWAY,NO CONTROLS,NO CONTROLS,7,NONE,NOT CODED,NOT CODED,NONE,NOT CODED,NOT CODED,14 MOTOR VEHICLE IN TRANSPORT,01 FRONT TO REAR,01 STRAIGHT AHEAD,FOLLOWED TOO CLOSELY,NO CONTRIBUTING ACTION,00 NOT CODED,00 NOT CODED,00 NOT CODED,00 NOT CODED,01 NO,1,0,0,0,2,0,2,2,N,N,N,N,N,N,N,N,N,N,N,N,N,N,N,N,N,N,N,N,N,N,N,N,N,N,28.53624797,-81.382667198,462562.945484,3156667.35603,R,,ARBM15Q1R2,"June 10, 2023",3154144,-9059477.417939512,3316752.84493874
2020898194220,2020,898194220,2020-00030433,COUNTY SHERIFF'S OFFICE,05 FIFTH,ORANGE,"January 24, 2020",2004,SATURDAY,7546 ORLANDO,0746,Y,SR 400,SR 438,0,,0,0,28.5711416,-81.3763212,75280075,0,03625,SR 400,I 4,L LEFT,X RAMP,E EAST,08 RAMP RURAL,03 STATE,01 NON-JUNCTION,01 ON ROADWAY,02 FOUR-WAY INTERSECTION,01 PAVED,0,"December 31, 2000",,14,PAVED,6,LAWN,8,,0,,8900,RCI,3.8,,,2 POSSIBLE INJURY,31 Q/C COMPLETED - LOC VERIFIED,0 NO,07 ENTRANCE RAMP,04 DARK-LIGHTED,01 CLEAR,01 DRY,01 LEVEL,1 STRAIGHT,"TWO-WAY, NOT DIVIDED","TWO-WAY, NOT DIVIDED",NO CONTROLS,NO CONTROLS,1,NONE,NOT CODED,NOT CODED,NONE,NOT CODED,NOT CODED,14 MOTOR VEHICLE IN TRANSPORT,03 ANGLE,01 STRAIGHT AHEAD,RAN RED LIGHT,NO CONTRIBUTING ACTION,00 NOT CODED,00 NOT CODED,00 NOT CODED,00 NOT CODED,01 NO,1,0,0,0,2,0,2,2,N,N,N,N,N,N,N,N,N,N,N,N,N,N,N,N,N,N,N,N,N,N,N,N,N,N,28.571148923,-81.376189418,463208.8184,3160531.8676,O,,ARBM15Q1R2,"June 10, 2023",3154145,-9058756.314777203,3321175.99199459
2020898196620,2020,898196620,2020-00031502,COUNTY SHERIFF'S OFFICE,05 FIFTH,ORANGE,"January 25, 2020",1840,SUNDAY,7546 ORLANDO,0746,Y,SEMORAN BLVD,YEW DR,0.019,N,0,0,28.5413926,-81.3105897,75003000,6.22,00870,SR 436,,L LEFT,1 THRU LANE 1,S SOUTH,30 URBAN 6+LN 2WY DIVD RASD,03 STATE,01 NON-JUNCTION,01 ON ROADWAY,01 NOT AT INTERSECTION,03 CURB,37,"March 2, 2020",14 URBAN PRIN ART OTHER,33,CURB&GUTTER,2,,0,,0,16,60000,RCI,5.2,,45,1 NO INJURY,31 Q/C COMPLETED - LOC VERIFIED,0 NO,03 INFLUENCED BY INTERSECTION,04 DARK-LIGHTED,01 CLEAR,01 DRY,01 LEVEL,1 STRAIGHT,"TWO-WAY, DIVIDED, POSITIVE MED","TWO-WAY, DIVIDED, POSITIVE MED",NO CONTROLS,NO CONTROLS,6,NONE,NOT CODED,NOT CODED,NONE,NOT CODED,NOT CODED,14 MOTOR VEHICLE IN TRANSPORT,01 FRONT TO REAR,01 STRAIGHT AHEAD,FOLLOWED TOO CLOSELY,NO CONTRIBUTING ACTION,00 NOT CODED,00 NOT CODED,00 NOT CODED,00 NOT CODED,01 NO,0,0,0,0,3,0,3,7,N,N,N,Y,N,N,N,N,N,N,N,N,N,N,N,N,N,N,N,N,N,N,N,N,N,N,28.54141087,-81.310670867,469608.006349,3157218.967492,L,,ARBM15Q1R2,"June 10, 2023",3154146,-9051462.820822699,3317407.069241229
2020898196660,2020,898196660,2020-00008417,COUNTY SHERIFF'S OFFICE,05 FIFTH,ORANGE,"January 7, 2020",0854,WEDNESDAY,7546 ORLANDO,0746,Y,I 4,IVANHOE BLVD,0.189,N,0,0,28.5574381,-81.381468,75280070,0.327,00428,SR 400,I 4,L LEFT,X RAMP,S SOUTH,08 RAMP RURAL,01 INTERSTATE,14 ENTRANCE/EXIT RAMP,01 ON ROADWAY,01 NOT AT INTERSECTION,03 CURB,0,"December 31, 2000",,45,PAVED,11,CURB&GUTTER,2,,0,,5000,RCI,4.1,,,2 POSSIBLE INJURY,31 Q/C COMPLETED - LOC VERIFIED,0 NO,08 EXIT RAMP,01 DAYLIGHT,01 CLEAR,01 DRY,01 LEVEL,1 STRAIGHT,ONE-WAY TRAFFICWAY,ONE-WAY TRAFFICWAY,NO CONTROLS,NO CONTROLS,3,NONE,NOT CODED,NOT CODED,NONE,NOT CODED,NOT CODED,14 MOTOR VEHICLE IN TRANSPORT,01 FRONT TO REAR,01 STRAIGHT AHEAD,FOLLOWED TOO CLOSELY,NO CONTRIBUTING ACTION,04 ACTIVITY AREA,03 WORK ON SHOULDER OR MEDIAN,01 NO,01 NO,01 NO,1,0,0,0,2,0,2,3,N,Y,N,N,Y,N,N,N,N,N,N,N,N,N,N,Y,N,N,N,N,N,N,N,N,N,N,28.557418422,-81.381486105,462685.957541,3159012.363615,O,,ARBM15Q1R2,"June 10, 2023",3154147,-9059345.939434942,3319435.691924586
2020898196670,2020,898196670,2020-00015048,COUNTY SHERIFF'S OFFICE,05 FIFTH,ORANGE,"January 12, 2020",1558,MONDAY,7546 ORLANDO,0746,Y,I 4,SR 500,0.095,S,0,0,28.5097166,-81.3979931,75280000,14.936,00455,SR 400,I 4,R RIGHT,1 THRU LANE 1,E EAST,01 INTERSTATE URBAN,01 INTERSTATE,01 NON-JUNCTION,01 ON ROADWAY,01 NOT AT INTERSECTION,01 PAVED,27,"September 16, 2014",11 URBAN PRIN ART INT.,36,PAVED,10,LAWN,12,,0,140,179000,RCI,5.6,2D0000,50,1 NO INJURY,31 Q/C COMPLETED - LOC VERIFIED,0 NO,01 NOT AT INTERSECTION/RRX/BRIDGE,01 DAYLIGHT,01 CLEAR,01 DRY,01 LEVEL,1 STRAIGHT,"TWO-WAY, DIVIDED, POSITIVE MED","TWO-WAY, DIVIDED, POSITIVE MED",NO CONTROLS,NO CONTROLS,7,NONE,NONE,NONE,NONE,NONE,NONE,14 MOTOR VEHICLE IN TRANSPORT,77 OTHER (SEE NARRATIVE),01 STRAIGHT AHEAD,OTHER CONTRIBUTING ACTION,OTHER CONTRIBUTING ACTION,00 NOT CODED,00 NOT CODED,00 NOT CODED,00 NOT CODED,01 NO,0,0,0,0,2,0,2,2,N,N,N,N,N,N,N,N,N,N,N,N,N,N,N,N,N,N,N,N,N,N,N,N,N,N,28.50973895,-81.398015459,461051.641257,3153735.439371,R,,ARBM15Q1R2,"June 10, 2023",3154148,-9061185.97892337,3313394.2224885155
2020898196770,2020,898196770,2020-00016292,COUNTY SHERIFF'S OFFICE,05 FIFTH,ORANGE,"January 13, 2020",1410,TUESDAY,7546 ORLANDO,0746,Y,ORANGE AVE N,SMITH ST,0,,0,0,28.5722039,-81.3728212,75040000,16.242,00824,SR 527,,L LEFT,L LEFT TURN,S SOUTH,21 URBAN 4-5LN 2WY DIVD PAVD,05 LOCAL,01 NON-JUNCTION,01 ON ROADWAY,03 T-INTERSECTION,03 CURB,40,"September 9, 2019",14 URBAN PRIN ART OTHER,22,CURB&GUTTER,2,,0,,0,12,19800,RCI,6.9,,30,1 NO INJURY,31 Q/C COMPLETED - LOC VERIFIED,0 NO,02 AT INTERSECTION,01 DAYLIGHT,01 CLEAR,01 DRY,01 LEVEL,1 STRAIGHT,"TWO-WAY, NOT DIVIDED","TWO-WAY, NOT DIV, W/CONT LTURN",NO CONTROLS,NO CONTROLS,4,NONE,NONE,NONE,NONE,NONE,NONE,14 MOTOR VEHICLE IN TRANSPORT,02 FRONT TO FRONT,17 ENTERING TRAFFIC LANE,OPERATED MV IN CARLESS OR NEGL,NO CONTRIBUTING ACTION,00 NOT CODED,00 NOT CODED,00 NOT CODED,00 NOT CODED,01 NO,0,0,0,0,2,0,2,3,N,N,N,Y,N,N,N,N,N,N,N,N,N,N,N,N,N,N,N,N,N,Y,Y,N,N,N,28.572229313,-81.372846892,463536.091205,3160650.537383,C,,ARBM15Q1R2,"June 10, 2023",3154149,-9058384.226395829,3321312.93785271
2020898201630,2020,898201630,2020-00049726,COUNTY SHERIFF'S OFFICE,05 FIFTH,ORANGE,"February 9, 2020",0830,MONDAY,7546 ORLANDO,0746,Y,SR 435,RALEIGH ST,0.009,N,0,0,28.5280165,-81.4592624,75270000,5.409,00127,SR 435,,L LEFT,3 THRU LANE 3,S SOUTH,33 SUBURBAN 6+LN 2WY DIVD RASD,03 STATE,01 NON-JUNCTION,01 ON ROADWAY,01 NOT AT INTERSECTION,01 PAVED,28,"March 14, 2017",14 URBAN PRIN ART OTHER,36,PAVED,5,LAWN,7,,0,40,59500,RCI,6.1,,50,2 POSSIBLE INJURY,31 Q/C COMPLETED - LOC VERIFIED,0 NO,03 INFLUENCED BY INTERSECTION,01 DAYLIGHT,01 CLEAR,01 DRY,01 LEVEL,1 STRAIGHT,"TWO-WAY, DIVIDED, POSITIVE MED","TWO-WAY, DIVIDED, POSITIVE MED",TRAFFIC CONTROL SIGNAL,TRAFFIC CONTROL SIGNAL,6,NONE,NOT CODED,NOT CODED,NONE,NOT CODED,NOT CODED,14 MOTOR VEHICLE IN TRANSPORT,01 FRONT TO REAR,01 STRAIGHT AHEAD,OPERATED MV IN CARLESS OR NEGL,NO CONTRIBUTING ACTION,00 NOT CODED,00 NOT CODED,00 NOT CODED,00 NOT CODED,01 NO,1,0,0,0,2,0,2,4,N,N,N,Y,N,N,N,N,N,N,N,N,N,N,N,N,N,N,N,N,N,Y,Y,N,N,N,28.528059784,-81.459387667,455053.682202,3155786.570807,L,,ARBM15Q1R2,"June 10, 2023",3154150,-9068017.904023368,3315715.333068492
2020898201640,2020,898201640,2020-00017587,COUNTY SHERIFF'S OFFICE,05 FIFTH,ORANGE,"January 14, 2020",1240,WEDNESDAY,7546 ORLANDO,0746,Y,I 4,SR 408,0.057,N,0,0,28.5301883,-81.3871881,75280148,0.057,01533,SR 400,I 4,L LEFT,X RAMP,0,08 RAMP RURAL,01 INTERSTATE,14 ENTRANCE/EXIT RAMP,01 ON ROADWAY,01 NOT AT INTERSECTION,02 UNPAVED,0,"December 31, 2000",,14,PAVED,9,LAWN,11,,0,,19000,RCI,4.5,,,1 NO INJURY,31 Q/C COMPLETED - LOC VERIFIED,0 NO,08 EXIT RAMP,01 DAYLIGHT,02 CLOUDY,01 DRY,00 NOT CODED,0 NOT CODED,NOT CODED,ONE-WAY TRAFFICWAY,NOT CODED,NO CONTROLS,1,NONE,NOT CODED,NOT CODED,NONE,NOT CODED,NOT CODED,14 MOTOR VEHICLE IN TRANSPORT,01 FRONT TO REAR,00 NOT CODED,NOT CODED,NO CONTRIBUTING ACTION,00 NOT CODED,00 NOT CODED,00 NOT CODED,00 NOT CODED,01 NO,0,0,0,0,1,0,2,1,N,N,N,N,N,N,N,N,N,N,N,N,N,N,N,N,N,N,N,N,N,N,N,N,N,N,28.530183563,-81.387166478,462120.600114,3155996.92243,O,,ARBM15Q1R2,"June 10, 2023",3154151,-9059978.275736714,3315984.4261387675
2020898201670,2020,898201670,2020-00019204,COUNTY SHERIFF'S OFFICE,05 FIFTH,ORANGE,"January 15, 2020",1422,THURSDAY,7546 ORLANDO,0746,Y,SR 527,PARK LAKE ST,0,,0,0,28.5550222,-81.3792204,75040102,0.383,00797,SR 527,,R RIGHT,1 THRU LANE 1,N NORTH,40 URBAN ONE WAY,03 STATE,02 INTERSECTION,01 ON ROADWAY,04 Y-INTERSECTION,03 CURB,45,"September 9, 2019",14 URBAN PRIN ART OTHER,33,PAVED,4,CURB&GUTTER,2,,0,,10500,RCI,6.9,,30,3 NO-INCAPACITATING INJURY,31 Q/C COMPLETED - LOC VERIFIED,0 NO,02 AT INTERSECTION,01 DAYLIGHT,01 CLEAR,01 DRY,01 LEVEL,1 STRAIGHT,ONE-WAY TRAFFICWAY,ONE-WAY TRAFFICWAY,NO CONTROLS,NO CONTROLS,3,NONE,NOT CODED,NOT CODED,NONE,NOT CODED,NOT CODED,14 MOTOR VEHICLE IN TRANSPORT,77 OTHER (SEE NARRATIVE),03 TURNING LEFT,IMPROPER TURN,SWERVED OR AVOIDED:  DUE TO WI,00 NOT CODED,00 NOT CODED,00 NOT CODED,00 NOT CODED,01 NO,2,0,0,0,4,0,4,4,N,N,N,Y,N,N,N,N,N,N,N,N,N,N,N,N,N,N,N,N,N,Y,N,Y,N,N,28.554898315,-81.379186891,462909.967549,3158732.458717,O,,ARBM15Q1R2,"June 10, 2023",3154152,-9059089.992034368,3319116.300550496
2020898216450,2020,898216450,2020-00071715,COUNTY SHERIFF'S OFFICE,05 FIFTH,ORANGE,"February 27, 2020",1850,FRIDAY,7546 ORLANDO,0746,Y,ORANGE BLOSSOM TRL,CARTER ST,0,,0,0,28.534782,-81.3971725,75010000,12.92,00567,SR 500,US 17,L LEFT,L LEFT TURN,S SOUTH,20 URBAN 4-5LN 2WY DIVD RASD,03 STATE,02 INTERSECTION,01 ON ROADWAY,02 FOUR-WAY INTERSECTION,03 CURB,35,"March 1, 2020",14 URBAN PRIN ART OTHER,24,CURB&GUTTER,2,,0,,0,16,38000,RCI,9.7,,35,3 NO-INCAPACITATING INJURY,31 Q/C COMPLETED - LOC VERIFIED,0 NO,02 AT INTERSECTION,04 DARK-LIGHTED,01 CLEAR,01 DRY,01 LEVEL,1 STRAIGHT,"TWO-WAY, DIVIDED, POSITIVE MED","TWO-WAY, DIVIDED, POSITIVE MED",TRAFFIC CONTROL SIGNAL,TRAFFIC CONTROL SIGNAL,4,NONE,NOT CODED,NOT CODED,NONE,NOT CODED,NOT CODED,14 MOTOR VEHICLE IN TRANSPORT,02 FRONT TO FRONT,03 TURNING LEFT,FAILED TO YIELD RIGHT-OF-WAY,NO CONTRIBUTING ACTION,00 NOT CODED,00 NOT CODED,00 NOT CODED,00 NOT CODED,01 NO,3,0,0,0,3,0,3,4,N,N,N,Y,N,N,N,N,N,N,N,N,N,N,N,N,Y,N,N,N,Y,N,N,N,N,N,28.534766423,-81.397234607,461137.232432,3156507.85612,L,,ARBM15Q1R2,"June 10, 2023",3154169,-9061099.055055618,3316565.1144960606
2020898216460,2020,898216460,2020-00078895,COUNTY SHERIFF'S OFFICE,05 FIFTH,ORANGE,"March 2, 2020",0908,TUESDAY,7546 ORLANDO,0746,Y,SR 408,ROSALIND AVE EXIT,0.095,E,0,0,28.5370687,-81.3661534,75008000,6.245,01542,SR 408,,L LEFT,4 THRU LANE 4,W WEST,03 TOLL ROAD URBAN,06 TURNPIKE/TOLL,01 NON-JUNCTION,01 ON ROADWAY,01 NOT AT INTERSECTION,03 CURB,37,"March 2, 2020",12 URBAN PRIN ART EXPR.,48,PAVED WARN,8,,0,,0,35,159500,RCI,4.5,,55,2 POSSIBLE INJURY,31 Q/C COMPLETED - LOC VERIFIED,0 NO,01 NOT AT INTERSECTION/RRX/BRIDGE,01 DAYLIGHT,01 CLEAR,01 DRY,01 LEVEL,1 STRAIGHT,"TWO-WAY, DIVIDED, POSITIVE MED","TWO-WAY, DIVIDED, POSITIVE MED",NO CONTROLS,NO CONTROLS,9,NONE,NOT CODED,NOT CODED,NONE,NOT CODED,NOT CODED,14 MOTOR VEHICLE IN TRANSPORT,01 FRONT TO REAR,01 STRAIGHT AHEAD,FOLLOWED TOO CLOSELY,NO CONTRIBUTING ACTION,00 NOT CODED,00 NOT CODED,00 NOT CODED,00 NOT CODED,01 NO,1,0,0,0,2,0,2,2,N,N,N,N,N,N,N,N,N,N,N,N,N,N,N,N,N,N,N,N,N,N,N,N,N,N,28.537314657,-81.366183804,464175.920055,3156780.494587,L,,ARBM15Q1R2,"June 10, 2023",3154170,-9057642.494453786,3316888.0090952474