Crash Id,Calendar Year,FDOT Crash Number,Reporting Agency Case Number,Reporting Agency Type,FDOT Managing District,County Name,Crash Date,Crash Time,Day,DHSMV City,Crash Report City Code,In Town,On Roadway Name,Int Roadway Name,Reference Distance (Miles),Reference Direction,Officer Latitude,Officer Longitude,FDOT Latitude,FDOT Longitude,FDOT Roadway,Nearest Inventory MP,Nearest Node From Crash,State Road #,US Highway,Crash Side of Road,Accident Lane Number,Travel Direction Vehicle 1,FDOT Road Category,DHSMV Road System Id,Relation to Junction,Crash Harmful Event Location,Intersection Type,Shoulder Type,FDOT Roadway SKID Test Result,FDOT Roadway SKID Test Date,Functional Class,RCI Surface Width,RCI Shoulder Type First,RCI Shoulder Width First,RCI Shoulder Type Second,RCI Shoulder Width Second,RCI Shoulder Type Third,RCI Shoulder Width Third,RCI Median Width,Avg Daily Traffic,AADT Source,RCI Avg Per Truck Traffic,RCI Horiz Curve Condition,Posted Speed Limit,Highest Injury in Crash,CAR Status Code,Alcohols/Drug Involved,Site Location,Lighting,Weather,Road Surface,Roadway Grade,Roadway Alignment,Traffic Way Vehicle 1,Traffic Way Vehicle 2,Traffic Control Vehicle 1,Traffic Control Vehicle 2,Count of Lanes,Road Condition 1,Road Condition 2,Road Condition 3,Environment Condition 1,Environment Condition 2,Environment Condition 3,Crash Harmful Event,Manner of Collision,Vehicle Movement,Driver Action Vehicle 1,Driver Action Vehicle 2,Location Within Workzone,Type of Workzone,Workers Present in Workzone,Law Enforcement Present in Workzone,School Bus Related,Count of Nonfatal Injuries,Count of Traffic Fatalities,Count of Serious Injuries,Count of Pedestrians,Count of Drivers,Count of Bicyclists,Count of Vehicles,Count of Persons,Wrong Way,Workzone Inv,Commercial Vehicle Inv,Intersection Inv,Lane Departure,Speeding,Agressive Driving,Impaired Driver,Impaired Pedestrian,Impaired Bicyclist,Distracted Driver,Speeding or Aggressive Driving,Pedestrian Related,Bicyclist Related,Pedestrian or Bicyclist Related,Motorcycle Inv,No Belt,No Belt - Ages 1-4,No Belt - Ages 5-12,No Belt - Ages 13-17,Driver - Ages Teen,Driver - Ages 65 plus,Driver - Ages 65-69,Driver - Ages 70-74,Driver - Ages 75-79,Driver - Ages 80 plus,ARBM Latitude,ARBM Longitude,UTM Zone 17N X,UTM Zone 17N Y,ARBM Side of Road,Urban Rural Indicator,GIS Street Source,Extract Date,OBJECTID,x,y
2020898215790,2020,898215790,2020-00060704,COUNTY SHERIFF'S OFFICE,05 FIFTH,ORANGE,"February 17, 2020",1320,TUESDAY,7546 ORLANDO,0746,Y,SR 527,IVANHOE BLVD,0,,0,0,28.5652872,-81.3727546,75040000,15.763,05900,SR 527,,L LEFT,2 THRU LANE 2,N NORTH,12 URBAN 2-3LN 2WY UNDIVD,03 STATE,02 INTERSECTION,01 ON ROADWAY,03 T-INTERSECTION,03 CURB,40,"September 9, 2019",14 URBAN PRIN ART OTHER,37,PAVED,8,RAISED CURB,0,,0,,19800,RCI,6.9,2D00,30,1 NO INJURY,31 Q/C COMPLETED - LOC VERIFIED,0 NO,02 AT INTERSECTION,01 DAYLIGHT,01 CLEAR,01 DRY,01 LEVEL,2 CURVE RIGHT,"TWO-WAY, NOT DIVIDED","TWO-WAY, NOT DIVIDED",STOP SIGN,NO CONTROLS,3,NONE,NOT CODED,NOT CODED,NONE,NOT CODED,NOT CODED,14 MOTOR VEHICLE IN TRANSPORT,03 ANGLE,03 TURNING LEFT,RAN STOP SIGN,NO CONTRIBUTING ACTION,00 NOT CODED,00 NOT CODED,00 NOT CODED,00 NOT CODED,01 NO,0,0,0,0,2,0,2,2,N,N,Y,Y,N,N,N,N,N,N,N,N,N,N,N,N,N,N,N,N,Y,N,N,N,N,N,28.56527761,-81.372762588,463541.939965,3159880.362885,C,,ARBM15Q1R2,"June 10, 2023",3156407,-9058374.841619704,3320431.792782331
2020898215800,2020,898215800,2020-00068990,COUNTY SHERIFF'S OFFICE,05 FIFTH,ORANGE,"February 23, 2020",2035,MONDAY,7546 ORLANDO,0746,Y,I 4,ORANGE BLOSSOM TRL,0.189,S,0,0,28.5093245,-81.4007654,75280000,14.765,00456,SR 400,I 4,R RIGHT,4 THRU LANE 4,E EAST,01 INTERSTATE URBAN,03 STATE,01 NON-JUNCTION,01 ON ROADWAY,01 NOT AT INTERSECTION,01 PAVED,27,"September 16, 2014",11 URBAN PRIN ART INT.,36,PAVED,10,LAWN,12,,0,140,179000,RCI,5.6,1D0000,50,1 NO INJURY,31 Q/C COMPLETED - LOC VERIFIED,0 NO,01 NOT AT INTERSECTION/RRX/BRIDGE,01 DAYLIGHT,01 CLEAR,01 DRY,01 LEVEL,1 STRAIGHT,"TWO-WAY, DIVIDED, POSITIVE MED","TWO-WAY, DIVIDED, POSITIVE MED",NO CONTROLS,NO CONTROLS,7,NONE,NOT CODED,NOT CODED,NONE,NOT CODED,NOT CODED,14 MOTOR VEHICLE IN TRANSPORT,"04 SIDESWIPE, SAME DIRECTION",01 STRAIGHT AHEAD,FAILED TO KEEP IN PROPER LANE,NO CONTRIBUTING ACTION,00 NOT CODED,00 NOT CODED,00 NOT CODED,00 NOT CODED,01 NO,0,0,0,0,2,0,2,2,N,N,Y,N,Y,N,N,N,N,N,N,N,N,N,N,N,N,N,N,N,N,N,N,N,N,N,28.509336506,-81.400783487,460780.620721,3153691.755948,R,,ARBM15Q1R2,"June 10, 2023",3156408,-9061494.114569092,3313343.240328174
2020898215810,2020,898215810,2020-00066689,COUNTY SHERIFF'S OFFICE,05 FIFTH,ORANGE,"February 22, 2020",2333,SUNDAY,7546 ORLANDO,0746,Y,I 4,KALEY ST,0.095,E,0,0,28.5187385,-81.3860658,75280058,0.095,03607,SR 400,I 4,R RIGHT,X RAMP,0,08 RAMP RURAL,01 INTERSTATE,14 ENTRANCE/EXIT RAMP,01 ON ROADWAY,01 NOT AT INTERSECTION,01 PAVED,0,"December 31, 2000",,14,LAWN,10,LAWN,5,,0,,8900,RCI,3.8,,,1 NO INJURY,31 Q/C COMPLETED - LOC VERIFIED,0 NO,08 EXIT RAMP,04 DARK-LIGHTED,01 CLEAR,01 DRY,00 NOT CODED,0 NOT CODED,NOT CODED,ONE-WAY TRAFFICWAY,NOT CODED,NO CONTROLS,1,NONE,NOT CODED,NOT CODED,NONE,NOT CODED,NOT CODED,14 MOTOR VEHICLE IN TRANSPORT,"04 SIDESWIPE, SAME DIRECTION",00 NOT CODED,NOT CODED,NO CONTRIBUTING ACTION,00 NOT CODED,00 NOT CODED,00 NOT CODED,00 NOT CODED,01 NO,0,0,0,0,1,0,2,1,N,N,N,N,Y,N,N,N,N,N,N,N,N,N,N,N,N,N,N,N,N,N,N,N,N,N,28.518742015,-81.386076814,462223.132305,3154729.026819,O,,ARBM15Q1R2,"June 10, 2023",3156409,-9059856.974736478,3314534.7921742643
2020898205380,2020,898205380,2020-00033381,COUNTY SHERIFF'S OFFICE,05 FIFTH,ORANGE,"January 27, 2020",0849,TUESDAY,7546 ORLANDO,0746,Y,I 4,AMELIA ST,0.007,W,0,0,28.5491734,-81.3820036,75280155,0.143,03642,SR 400,I 4,R RIGHT,X RAMP,N NORTH,08 RAMP RURAL,01 INTERSTATE,01 NON-JUNCTION,01 ON ROADWAY,01 NOT AT INTERSECTION,01 PAVED,0,"December 31, 2000",,24,LAWN,2,,0,,0,,11000,RCI,6.8,,,2 POSSIBLE INJURY,31 Q/C COMPLETED - LOC VERIFIED,0 NO,08 EXIT RAMP,01 DAYLIGHT,01 CLEAR,01 DRY,01 LEVEL,1 STRAIGHT,ONE-WAY TRAFFICWAY,ONE-WAY TRAFFICWAY,TRAFFIC CONTROL SIGNAL,TRAFFIC CONTROL SIGNAL,2,NONE,NOT CODED,NOT CODED,NONE,NOT CODED,NOT CODED,14 MOTOR VEHICLE IN TRANSPORT,01 FRONT TO REAR,01 STRAIGHT AHEAD,OPERATED MV IN CARLESS OR NEGL,NO CONTRIBUTING ACTION,00 NOT CODED,00 NOT CODED,00 NOT CODED,00 NOT CODED,01 NO,1,0,0,0,2,0,2,3,N,N,N,N,N,N,N,N,N,N,N,N,N,N,N,N,N,N,N,N,N,N,N,N,N,N,28.549170295,-81.381965901,462636.1155,3158098.740675,O,,ARBM15Q1R2,"June 10, 2023",3156412,-9059399.34997306,3318390.3756264085
2020898209860,2020,898209860,2020-00050320,COUNTY SHERIFF'S OFFICE,05 FIFTH,ORANGE,"February 9, 2020",1703,MONDAY,7546 ORLANDO,0746,Y,US 441,SHADER RD,0,,0,0,28.5854307,-81.4101973,75020000,2.458,01631,SR 500,US 441,L LEFT,3 THRU LANE 3,W WEST,23 SUBURBAN 4-5LN 2WY DIVD RASD,03 STATE,01 NON-JUNCTION,01 ON ROADWAY,01 NOT AT INTERSECTION,01 PAVED,41,"January 22, 2020",14 URBAN PRIN ART OTHER,23,PAVED,4,LAWN,6,,0,17,34000,RCI,4.6,,40,4 INCAPACITATING INJURY,31 Q/C COMPLETED - LOC VERIFIED,0 NO,02 AT INTERSECTION,01 DAYLIGHT,01 CLEAR,01 DRY,01 LEVEL,1 STRAIGHT,"TWO-WAY, DIVIDED, UNPROTECTED","TWO-WAY, DIVIDED, POSITIVE MED",NO CONTROLS,NO CONTROLS,4,NONE,NONE,NONE,NONE,NONE,NONE,14 MOTOR VEHICLE IN TRANSPORT,03 ANGLE,03 TURNING LEFT,IMPROPER TURN,NO CONTRIBUTING ACTION,00 NOT CODED,00 NOT CODED,00 NOT CODED,00 NOT CODED,01 NO,2,0,2,0,2,0,2,2,N,N,N,Y,N,N,N,N,N,N,N,N,N,N,N,N,N,N,N,N,N,N,N,N,N,N,28.58544284,-81.410280688,459880.099781,3162126.378274,L,,ARBM15Q1R2,"June 10, 2023",3156415,-9062551.338757556,3322987.944503505
2020898209870,2020,898209870,2020-00035788,COUNTY SHERIFF'S OFFICE,05 FIFTH,ORANGE,"January 29, 2020",0724,THURSDAY,7546 ORLANDO,0746,Y,SR 527,IVANHOE BLVD,0,,0,0,28.5652872,-81.3727546,75040000,15.763,05900,SR 527,,L LEFT,2 THRU LANE 2,S SOUTH,12 URBAN 2-3LN 2WY UNDIVD,03 STATE,02 INTERSECTION,01 ON ROADWAY,03 T-INTERSECTION,03 CURB,40,"September 9, 2019",14 URBAN PRIN ART OTHER,37,PAVED,8,RAISED CURB,0,,0,,19800,RCI,6.9,2D00,30,1 NO INJURY,31 Q/C COMPLETED - LOC VERIFIED,0 NO,02 AT INTERSECTION,01 DAYLIGHT,02 CLOUDY,01 DRY,01 LEVEL,1 STRAIGHT,ONE-WAY TRAFFICWAY,"TWO-WAY, NOT DIVIDED",STOP SIGN,NO CONTROLS,3,NONE,NOT CODED,NOT CODED,NONE,NOT CODED,NOT CODED,14 MOTOR VEHICLE IN TRANSPORT,03 ANGLE,01 STRAIGHT AHEAD,OPERATED MV IN CARLESS OR NEGL,NO CONTRIBUTING ACTION,00 NOT CODED,00 NOT CODED,00 NOT CODED,00 NOT CODED,01 NO,0,0,0,0,2,0,2,3,N,N,Y,Y,N,N,N,N,N,N,N,N,N,N,N,N,N,N,N,N,N,N,N,N,N,N,28.56527761,-81.372762588,463541.939965,3159880.362885,C,,ARBM15Q1R2,"June 10, 2023",3156416,-9058374.841619704,3320431.792782331
2020898209900,2020,898209900,2020-00071699,COUNTY SHERIFF'S OFFICE,05 FIFTH,ORANGE,"February 25, 2020",1640,WEDNESDAY,7546 ORLANDO,0746,Y,SR 528,TRADEPORT DR,0,,0,0,28.450351,-81.3332733,75002032,0,03578,SR 528,,R RIGHT,X RAMP,E EAST,08 RAMP RURAL,05 LOCAL,02 INTERSECTION,01 ON ROADWAY,02 FOUR-WAY INTERSECTION,03 CURB,0,"December 31, 2000",,15,LAWN,4,,0,,0,,4300,RCI,4.5,,,1 NO INJURY,31 Q/C COMPLETED - LOC VERIFIED,0 NO,07 ENTRANCE RAMP,01 DAYLIGHT,01 CLEAR,01 DRY,01 LEVEL,1 STRAIGHT,"TWO-WAY, DIVIDED, POSITIVE MED","TWO-WAY, DIVIDED, POSITIVE MED",TRAFFIC CONTROL SIGNAL,TRAFFIC CONTROL SIGNAL,1,NONE,NOT CODED,NOT CODED,NONE,NOT CODED,NOT CODED,14 MOTOR VEHICLE IN TRANSPORT,03 ANGLE,03 TURNING LEFT,NO CONTRIBUTING ACTION,NO CONTRIBUTING ACTION,00 NOT CODED,00 NOT CODED,00 NOT CODED,00 NOT CODED,01 NO,0,0,0,0,2,0,2,2,N,N,N,N,N,N,N,N,N,N,N,N,N,N,N,N,N,N,N,N,N,N,N,N,N,N,28.450534677,-81.333277555,467368.5093,3147157.2598,O,,ARBM15Q1R2,"June 10, 2023",3156417,-9053979.386151124,3305896.2439677627
2020898209920,2020,898209920,2020-00063034,COUNTY SHERIFF'S OFFICE,05 FIFTH,ORANGE,"February 19, 2020",0548,THURSDAY,7546 ORLANDO,0746,Y,COLONIAL DR,TAMPA AVE,0.028,E,0,0,0,0,75050000,15.396,02148,SR 50,,R RIGHT,2 THRU LANE 2,0,20 URBAN 4-5LN 2WY DIVD RASD,05 LOCAL,01 NON-JUNCTION,01 ON ROADWAY,01 NOT AT INTERSECTION,01 PAVED,44,"October 26, 2020",14 URBAN PRIN ART OTHER,22,CURB&GUTTER,2,,0,,0,18,33500,RCI,4.6,,40,1 NO INJURY,31 Q/C COMPLETED - LOC VERIFIED,0 NO,01 NOT AT INTERSECTION/RRX/BRIDGE,02 DUSK,01 CLEAR,01 DRY,00 NOT CODED,0 NOT CODED,NOT CODED,"TWO-WAY, DIVIDED, POSITIVE MED",NOT CODED,NO CONTROLS,4,NONE,NOT CODED,NOT CODED,NONE,NOT CODED,NOT CODED,14 MOTOR VEHICLE IN TRANSPORT,"04 SIDESWIPE, SAME DIRECTION",00 NOT CODED,NOT CODED,NO CONTRIBUTING ACTION,00 NOT CODED,00 NOT CODED,00 NOT CODED,00 NOT CODED,"02 YES, SCHOOL BUS DIRECTLY INVOL",0,0,0,0,1,0,2,2,N,N,N,N,Y,N,N,N,N,N,N,N,N,N,N,N,N,N,N,N,N,Y,Y,N,N,N,28.552884654,-81.405160752,460368.567017,3158517.686588,C,,ARBM15Q1R2,"June 10, 2023",3156418,-9061981.389793077,3318861.1001542453
2020898208240,2020,898208240,2020-00041865,COUNTY SHERIFF'S OFFICE,05 FIFTH,ORANGE,"February 3, 2020",0713,TUESDAY,7546 ORLANDO,0746,Y,I 4,PRINCETON ST E,0.019,N,0,0,28.5731064,-81.3756642,75280000,19.786,00422,SR 400,I 4,L LEFT,4 THRU LANE 4,0,01 INTERSTATE URBAN,01 INTERSTATE,01 NON-JUNCTION,01 ON ROADWAY,01 NOT AT INTERSECTION,01 PAVED,25,"September 16, 2014",11 URBAN PRIN ART INT.,48,PAVED,10,VALLEY GUTR,3,,0,18,148500,RCI,7.5,,50,1 NO INJURY,31 Q/C COMPLETED - LOC VERIFIED,0 NO,01 NOT AT INTERSECTION/RRX/BRIDGE,01 DAYLIGHT,01 CLEAR,01 DRY,00 NOT CODED,0 NOT CODED,NOT CODED,"TWO-WAY, DIVIDED, POSITIVE MED",NOT CODED,NO CONTROLS,8,NONE,NOT CODED,NOT CODED,NONE,NOT CODED,NOT CODED,14 MOTOR VEHICLE IN TRANSPORT,03 ANGLE,00 NOT CODED,NOT CODED,NO CONTRIBUTING ACTION,00 NOT CODED,00 NOT CODED,00 NOT CODED,00 NOT CODED,01 NO,0,0,0,0,1,0,2,1,N,N,N,N,N,N,N,N,N,N,N,N,N,N,N,N,N,N,N,N,N,N,N,N,N,N,28.573182046,-81.375865169,463241.236742,3160757.009091,L,,ARBM15Q1R2,"June 10, 2023",3156421,-9058720.219623169,3321433.703641909
2020898197790,2020,898197790,2020-00006499,COUNTY SHERIFF'S OFFICE,05 FIFTH,ORANGE,"January 5, 2020",1920,MONDAY,7546 ORLANDO,0746,Y,SR 528,CONWAY RD,0.436,E,0,0,28.4513117,-81.3212216,75002000,9.483,05613,SR 528,,R RIGHT,3 THRU LANE 3,0,03 TOLL ROAD URBAN,03 STATE,01 NON-JUNCTION,01 ON ROADWAY,01 NOT AT INTERSECTION,02 UNPAVED,38,"March 3, 2020",12 URBAN PRIN ART EXPR.,36,CURB&GUTTER,2,,0,,0,20,108500,RCI,3.7,,55,1 NO INJURY,31 Q/C COMPLETED - LOC VERIFIED,0 NO,01 NOT AT INTERSECTION/RRX/BRIDGE,04 DARK-LIGHTED,01 CLEAR,01 DRY,00 NOT CODED,0 NOT CODED,NOT CODED,"TWO-WAY, DIVIDED, UNPROTECTED",NOT CODED,NO CONTROLS,6,NONE,NOT CODED,NOT CODED,NONE,NOT CODED,NOT CODED,14 MOTOR VEHICLE IN TRANSPORT,"04 SIDESWIPE, SAME DIRECTION",00 NOT CODED,NOT CODED,NO CONTRIBUTING ACTION,00 NOT CODED,00 NOT CODED,00 NOT CODED,00 NOT CODED,01 NO,0,0,0,0,1,0,2,1,N,N,N,N,Y,N,N,N,N,N,N,N,N,N,N,N,N,N,N,N,N,N,N,N,N,N,28.451319878,-81.321196075,468551.656576,3147241.028394,R,,ARBM15Q1R2,"June 10, 2023",3156425,-9052634.48157642,3305995.6589991543
2020898202510,2020,898202510,2020-00071904,COUNTY SHERIFF'S OFFICE,05 FIFTH,ORANGE,"February 25, 2020",2211,WEDNESDAY,7546 ORLANDO,0746,Y,SR 50,SHERIFF CENTRAL COMP,0,,0,0,28.552843,-81.4106669,75050000,15.062,03994,SR 50,,R RIGHT,2 THRU LANE 2,E EAST,30 URBAN 6+LN 2WY DIVD RASD,03 STATE,01 NON-JUNCTION,01 ON ROADWAY,01 NOT AT INTERSECTION,01 PAVED,34,"April 1, 2018",14 URBAN PRIN ART OTHER,36,PAVED,8,CURB&GUTTER,2,,0,41,38000,RCI,4.6,,45,2 POSSIBLE INJURY,31 Q/C COMPLETED - LOC VERIFIED,0 NO,02 AT INTERSECTION,04 DARK-LIGHTED,03 RAIN,02 WET,01 LEVEL,1 STRAIGHT,"TWO-WAY, DIVIDED, POSITIVE MED","TWO-WAY, DIVIDED, POSITIVE MED",TRAFFIC CONTROL SIGNAL,TRAFFIC CONTROL SIGNAL,6,NONE,NOT CODED,NOT CODED,NONE,NOT CODED,NOT CODED,14 MOTOR VEHICLE IN TRANSPORT,01 FRONT TO REAR,01 STRAIGHT AHEAD,FOLLOWED TOO CLOSELY,NO CONTRIBUTING ACTION,00 NOT CODED,00 NOT CODED,00 NOT CODED,00 NOT CODED,01 NO,1,0,0,0,2,0,2,4,N,N,N,Y,N,N,N,N,N,N,N,N,N,N,N,N,N,N,N,N,N,N,N,N,N,N,28.552724654,-81.410631394,459833.381905,3158501.781829,R,,ARBM15Q1R2,"June 10, 2023",3156426,-9062590.379041843,3318840.82281277
2020898202520,2020,898202520,2020-00104959,COUNTY SHERIFF'S OFFICE,05 FIFTH,ORANGE,"March 24, 2020",1230,WEDNESDAY,7546 ORLANDO,0746,Y,SR 423,I 4 EB,0,,0,0,28.6059115,-81.3863692,75190000,8.582,02402,SR 423,,R RIGHT,2 THRU LANE 2,N NORTH,24 SUBURBAN 4-5LN 2WY DIVD PAVD,03 STATE,01 NON-JUNCTION,01 ON ROADWAY,77 OTHER (SEE NARRATIVE),03 CURB,37,"September 8, 2019",14 URBAN PRIN ART OTHER,22,PAVED WARN,6,,0,,0,32,39500,RCI,3.2,6D0000,35,3 NO-INCAPACITATING INJURY,31 Q/C COMPLETED - LOC VERIFIED,0 NO,02 AT INTERSECTION,01 DAYLIGHT,01 CLEAR,01 DRY,01 LEVEL,1 STRAIGHT,"TWO-WAY, NOT DIVIDED","TWO-WAY, NOT DIVIDED",TRAFFIC CONTROL SIGNAL,TRAFFIC CONTROL SIGNAL,4,NONE,NOT CODED,NOT CODED,NONE,NOT CODED,NOT CODED,14 MOTOR VEHICLE IN TRANSPORT,03 ANGLE,01 STRAIGHT AHEAD,OTHER CONTRIBUTING ACTION,OTHER CONTRIBUTING ACTION,00 NOT CODED,00 NOT CODED,00 NOT CODED,00 NOT CODED,01 NO,1,0,0,0,2,0,2,2,N,N,N,Y,N,N,N,N,N,N,N,N,N,N,N,N,N,N,N,N,N,N,N,N,N,N,28.605757768,-81.386187134,462243.404201,3164369.155951,R,,ARBM15Q1R2,"June 10, 2023",3156427,-9059869.255858876,3325563.5680698385
2020898202530,2020,898202530,2020-00047000,COUNTY SHERIFF'S OFFICE,05 FIFTH,ORANGE,"February 6, 2020",2310,FRIDAY,7546 ORLANDO,0746,Y,GARLAND AVE,AMELIA ST,0,,0,0,28.5493412,-81.3643998,75030000,2.368,02523,SR 15,,M MEDIAN,T CONTIN. TURN,0,22 URBAN 4-5LN 2WY UNDIVD,05 LOCAL,01 NON-JUNCTION,01 ON ROADWAY,03 T-INTERSECTION,03 CURB,48,"March 1, 2020",16 URBAN MINOR ART,40,CURB&GUTTER,2,,0,,0,,18500,RCI,2.9,,30,1 NO INJURY,31 Q/C COMPLETED - LOC VERIFIED,0 NO,02 AT INTERSECTION,04 DARK-LIGHTED,01 CLEAR,01 DRY,00 NOT CODED,0 NOT CODED,NOT CODED,"TWO-WAY, NOT DIV, W/CONT LTURN",NOT CODED,TRAFFIC CONTROL SIGNAL,4,NONE,NOT CODED,NOT CODED,NONE,NOT CODED,NOT CODED,14 MOTOR VEHICLE IN TRANSPORT,01 FRONT TO REAR,00 NOT CODED,NOT CODED,NO CONTRIBUTING ACTION,00 NOT CODED,00 NOT CODED,00 NOT CODED,00 NOT CODED,01 NO,0,0,0,0,1,0,2,1,N,N,N,Y,N,N,N,N,N,N,N,N,N,N,N,N,N,N,N,N,N,N,N,N,N,N,28.549336378,-81.364365516,464357.853138,3158111.781124,C,,ARBM15Q1R2,"June 10, 2023",3156428,-9057440.0835889,3318411.423078064
2020898209490,2020,898209490,2020-00079703,COUNTY SHERIFF'S OFFICE,05 FIFTH,ORANGE,"March 2, 2020",1920,TUESDAY,7546 ORLANDO,0746,Y,GASTON FOSTER RD,CURRY FORD RD,0.004,N,0,0,28.5242762,-81.3248253,75012000,0.378,06802,SR 552,,T SIDE RD LEFT,1 THRU LANE 1,S SOUTH,20 URBAN 4-5LN 2WY DIVD RASD,05 LOCAL,03 INTERSECTION-RELATED,01 ON ROADWAY,01 NOT AT INTERSECTION,03 CURB,36,"February 11, 2020",16 URBAN MINOR ART,22,CURB&GUTTER,2,,0,,0,16,31500,RCI,3.8,,40,1 NO INJURY,31 Q/C COMPLETED - LOC VERIFIED,0 NO,03 INFLUENCED BY INTERSECTION,04 DARK-LIGHTED,01 CLEAR,01 DRY,01 LEVEL,1 STRAIGHT,"TWO-WAY, DIVIDED, UNPROTECTED","TWO-WAY, DIVIDED, UNPROTECTED",TRAFFIC CONTROL SIGNAL,TRAFFIC CONTROL SIGNAL,4,NONE,NOT CODED,NOT CODED,NONE,NOT CODED,NOT CODED,14 MOTOR VEHICLE IN TRANSPORT,01 FRONT TO REAR,01 STRAIGHT AHEAD,FOLLOWED TOO CLOSELY,NO CONTRIBUTING ACTION,00 NOT CODED,00 NOT CODED,00 NOT CODED,00 NOT CODED,01 NO,0,0,0,0,2,0,2,3,N,N,N,Y,N,N,N,N,N,N,N,N,N,N,N,N,N,N,N,N,N,N,N,N,N,N,28.524344659,-81.324810736,468219.617937,3155331.956929,L,,ARBM15Q1R2,"June 10, 2023",3156435,-9053036.864189222,3315244.6227356885
2020898211750,2020,898211750,2020-00065397,COUNTY SHERIFF'S OFFICE,05 FIFTH,ORANGE,"February 21, 2020",2058,SATURDAY,7546 ORLANDO,0746,Y,SANDLAKE RD,UNIVERSAL BLVD,0.019,W,0,0,28.4499759,-81.465933,75002000,0.646,06456,SR 482,,L LEFT,3 THRU LANE 3,0,20 URBAN 4-5LN 2WY DIVD RASD,03 STATE,14 ENTRANCE/EXIT RAMP,01 ON ROADWAY,01 NOT AT INTERSECTION,03 CURB,34,"May 19, 2015",17 URBAN MAJOR COLLECTOR,24,PAVED,5,CURB&GUTTER,2,,0,40,47500,RCI,2.6,,40,1 NO INJURY,31 Q/C COMPLETED - LOC VERIFIED,0 NO,01 NOT AT INTERSECTION/RRX/BRIDGE,05 DARK-NOT LIGHTED,01 CLEAR,01 DRY,00 NOT CODED,0 NOT CODED,NOT CODED,"TWO-WAY, DIVIDED, UNPROTECTED",NOT CODED,NO CONTROLS,4,NONE,NOT CODED,NOT CODED,NONE,NOT CODED,NOT CODED,14 MOTOR VEHICLE IN TRANSPORT,03 ANGLE,00 NOT CODED,NOT CODED,NO CONTRIBUTING ACTION,00 NOT CODED,00 NOT CODED,00 NOT CODED,00 NOT CODED,01 NO,0,0,0,0,1,0,2,3,N,N,N,N,N,N,N,N,N,N,N,N,N,N,N,N,N,N,N,N,N,N,N,N,N,N,28.450179681,-81.46592437,454380.658675,3147161.085138,L,,ARBM15Q1R2,"June 10, 2023",3156436,-9068745.56629647,3305851.297318889
2020898214230,2020,898214230,2020-00042735,COUNTY SHERIFF'S OFFICE,05 FIFTH,ORANGE,"February 3, 2020",2005,TUESDAY,7546 ORLANDO,0746,Y,KIRKMAN RD,RALEIGH ST,0,,0,0,28.5285791,-81.4592712,75270000,5.448,00127,SR 435,,R RIGHT,L LEFT TURN,N NORTH,33 SUBURBAN 6+LN 2WY DIVD RASD,05 LOCAL,01 NON-JUNCTION,01 ON ROADWAY,01 NOT AT INTERSECTION,01 PAVED,28,"March 14, 2017",14 URBAN PRIN ART OTHER,36,PAVED,5,LAWN,7,,0,40,59500,RCI,6.1,,50,1 NO INJURY,31 Q/C COMPLETED - LOC VERIFIED,0 NO,02 AT INTERSECTION,04 DARK-LIGHTED,01 CLEAR,01 DRY,01 LEVEL,1 STRAIGHT,"TWO-WAY, DIVIDED, POSITIVE MED","TWO-WAY, DIVIDED, POSITIVE MED",TRAFFIC CONTROL SIGNAL,TRAFFIC CONTROL SIGNAL,6,NONE,NOT CODED,NOT CODED,NONE,NOT CODED,NOT CODED,14 MOTOR VEHICLE IN TRANSPORT,01 FRONT TO REAR,01 STRAIGHT AHEAD,FOLLOWED TOO CLOSELY,NO CONTRIBUTING ACTION,00 NOT CODED,00 NOT CODED,00 NOT CODED,00 NOT CODED,01 NO,0,0,0,0,2,0,2,2,N,N,N,Y,N,N,N,N,N,N,N,N,N,N,N,N,N,N,N,N,N,N,N,N,N,N,28.528747743,-81.459163798,455075.877484,3155862.70297,R,,ARBM15Q1R2,"June 10, 2023",3156437,-9067992.982958442,3315802.5002070363
2020898214350,2020,898214350,2020-00060916,COUNTY SHERIFF'S OFFICE,05 FIFTH,ORANGE,"February 17, 2020",1617,TUESDAY,7546 ORLANDO,0746,Y,I 4,SR 408,0.019,S,0,0,28.5349944,-81.383255,75280000,17.059,01425,SR 400,I 4,L LEFT,S SIDE OF ROAD,S SOUTH,01 INTERSTATE URBAN,01 INTERSTATE,01 NON-JUNCTION,01 ON ROADWAY,01 NOT AT INTERSECTION,01 PAVED,27,"September 16, 2014",11 URBAN PRIN ART INT.,36,PAVED,10,CURB&GUTTER,2,,0,20,148000,RCI,6.8,3D0000,50,2 POSSIBLE INJURY,31 Q/C COMPLETED - LOC VERIFIED,0 NO,01 NOT AT INTERSECTION/RRX/BRIDGE,01 DAYLIGHT,01 CLEAR,01 DRY,01 LEVEL,1 STRAIGHT,"TWO-WAY, DIVIDED, POSITIVE MED",,NO CONTROLS,NOT CODED,7,NONE,NONE,NONE,NONE,NONE,NONE,14 MOTOR VEHICLE IN TRANSPORT,"04 SIDESWIPE, SAME DIRECTION",01 STRAIGHT AHEAD,OVER-CORRECTING/OVERSTEERING,NOT CODED,00 NOT CODED,00 NOT CODED,00 NOT CODED,00 NOT CODED,01 NO,2,0,0,0,1,0,1,2,N,N,N,N,Y,N,N,N,N,N,N,N,N,N,N,N,N,N,N,N,N,Y,N,Y,N,N,28.534989991,-81.383434224,462487.459664,3156528.230245,L,,ARBM15Q1R2,"June 10, 2023",3156438,-9059562.802951332,3316593.4431911507