Crash Id,Calendar Year,FDOT Crash Number,Reporting Agency Case Number,Reporting Agency Type,FDOT Managing District,County Name,Crash Date,Crash Time,Day,DHSMV City,Crash Report City Code,In Town,On Roadway Name,Int Roadway Name,Reference Distance (Miles),Reference Direction,Officer Latitude,Officer Longitude,FDOT Latitude,FDOT Longitude,FDOT Roadway,Nearest Inventory MP,Nearest Node From Crash,State Road #,US Highway,Crash Side of Road,Accident Lane Number,Travel Direction Vehicle 1,FDOT Road Category,DHSMV Road System Id,Relation to Junction,Crash Harmful Event Location,Intersection Type,Shoulder Type,FDOT Roadway SKID Test Result,FDOT Roadway SKID Test Date,Functional Class,RCI Surface Width,RCI Shoulder Type First,RCI Shoulder Width First,RCI Shoulder Type Second,RCI Shoulder Width Second,RCI Shoulder Type Third,RCI Shoulder Width Third,RCI Median Width,Avg Daily Traffic,AADT Source,RCI Avg Per Truck Traffic,RCI Horiz Curve Condition,Posted Speed Limit,Highest Injury in Crash,CAR Status Code,Alcohols/Drug Involved,Site Location,Lighting,Weather,Road Surface,Roadway Grade,Roadway Alignment,Traffic Way Vehicle 1,Traffic Way Vehicle 2,Traffic Control Vehicle 1,Traffic Control Vehicle 2,Count of Lanes,Road Condition 1,Road Condition 2,Road Condition 3,Environment Condition 1,Environment Condition 2,Environment Condition 3,Crash Harmful Event,Manner of Collision,Vehicle Movement,Driver Action Vehicle 1,Driver Action Vehicle 2,Location Within Workzone,Type of Workzone,Workers Present in Workzone,Law Enforcement Present in Workzone,School Bus Related,Count of Nonfatal Injuries,Count of Traffic Fatalities,Count of Serious Injuries,Count of Pedestrians,Count of Drivers,Count of Bicyclists,Count of Vehicles,Count of Persons,Wrong Way,Workzone Inv,Commercial Vehicle Inv,Intersection Inv,Lane Departure,Speeding,Agressive Driving,Impaired Driver,Impaired Pedestrian,Impaired Bicyclist,Distracted Driver,Speeding or Aggressive Driving,Pedestrian Related,Bicyclist Related,Pedestrian or Bicyclist Related,Motorcycle Inv,No Belt,No Belt - Ages 1-4,No Belt - Ages 5-12,No Belt - Ages 13-17,Driver - Ages Teen,Driver - Ages 65 plus,Driver - Ages 65-69,Driver - Ages 70-74,Driver - Ages 75-79,Driver - Ages 80 plus,ARBM Latitude,ARBM Longitude,UTM Zone 17N X,UTM Zone 17N Y,ARBM Side of Road,Urban Rural Indicator,GIS Street Source,Extract Date,OBJECTID,x,y
2020898211220,2020,898211220,2020-00100773,COUNTY SHERIFF'S OFFICE,05 FIFTH,ORANGE,"March 19, 2020",2055,FRIDAY,7546 ORLANDO,0746,Y,I 4,JOHN YOUNG PY S,0.189,S,0,0,28.5037939,-81.4239195,75280000,13.218,04264,SR 400,I 4,M MEDIAN,M MIDDLE,E EAST,01 INTERSTATE URBAN,01 INTERSTATE,01 NON-JUNCTION,01 ON ROADWAY,01 NOT AT INTERSECTION,01 PAVED,35,"September 16, 2014",11 URBAN PRIN ART INT.,36,PAVED WARN,12,LAWN,12,,0,125,127500,RCI,5.6,,55,3 NO-INCAPACITATING INJURY,31 Q/C COMPLETED - LOC VERIFIED,0 NO,01 NOT AT INTERSECTION/RRX/BRIDGE,04 DARK-LIGHTED,01 CLEAR,01 DRY,01 LEVEL,1 STRAIGHT,"TWO-WAY, DIVIDED, POSITIVE MED",,NO CONTROLS,NOT CODED,7,NONE,NOT CODED,NOT CODED,NONE,NOT CODED,NOT CODED,14 MOTOR VEHICLE IN TRANSPORT,03 ANGLE,01 STRAIGHT AHEAD,NO CONTRIBUTING ACTION,NOT CODED,00 NOT CODED,00 NOT CODED,00 NOT CODED,00 NOT CODED,01 NO,1,0,0,0,1,0,1,1,N,N,N,N,Y,N,N,N,N,N,N,N,N,N,N,N,N,N,N,N,N,N,N,N,N,N,28.503808721,-81.423935207,458512.883471,3153087.143018,R,,ARBM15Q1R2,"June 10, 2023",3158108,-9064071.352897327,3312642.9936468727
2020898199310,2020,898199310,2020-00039852,COUNTY SHERIFF'S OFFICE,05 FIFTH,ORANGE,"February 1, 2020",1608,SUNDAY,7546 ORLANDO,0746,Y,I 4,UNIVERSAL BLVD,0.028,N,0,0,28.4657859,-81.4641418,75280000,9.602,03518,SR 400,I 4,R RIGHT,1 THRU LANE 1,E EAST,01 INTERSTATE URBAN,01 INTERSTATE,01 NON-JUNCTION,01 ON ROADWAY,01 NOT AT INTERSECTION,01 PAVED,31,"September 16, 2014",11 URBAN PRIN ART INT.,36,PAVED,10,LAWN,12,,0,165,123500,RCI,5.6,2D0000,55,1 NO INJURY,31 Q/C COMPLETED - LOC VERIFIED,0 NO,01 NOT AT INTERSECTION/RRX/BRIDGE,01 DAYLIGHT,01 CLEAR,01 DRY,01 LEVEL,1 STRAIGHT,"TWO-WAY, DIVIDED, POSITIVE MED","TWO-WAY, DIVIDED, POSITIVE MED",NO CONTROLS,NO CONTROLS,6,NONE,NONE,NONE,NONE,NONE,NONE,14 MOTOR VEHICLE IN TRANSPORT,01 FRONT TO REAR,01 STRAIGHT AHEAD,FOLLOWED TOO CLOSELY,NO CONTRIBUTING ACTION,00 NOT CODED,00 NOT CODED,00 NOT CODED,00 NOT CODED,01 NO,0,0,0,0,2,0,2,2,N,N,N,N,N,N,N,N,N,N,N,N,N,N,N,N,N,N,N,N,Y,N,N,N,N,N,28.465751362,-81.464102432,454565.708105,3148885.497024,R,,ARBM15Q1R2,"June 10, 2023",3158109,-9068542.749208694,3307822.9731465844
2020898192620,2020,898192620,2020-00022629,COUNTY SHERIFF'S OFFICE,05 FIFTH,ORANGE,"January 18, 2020",1128,SUNDAY,7546 ORLANDO,0746,Y,MICHIGAN ST E,CONWAY RD,0.006,E,0,0,28.5133244,-81.3309451,75080000,15.096,00202,SR 15,,S SIDE RD RIGHT,1 THRU LANE 1,W WEST,20 URBAN 4-5LN 2WY DIVD RASD,05 LOCAL,01 NON-JUNCTION,01 ON ROADWAY,01 NOT AT INTERSECTION,03 CURB,27,"April 1, 2018",16 URBAN MINOR ART,22,CURB&GUTTER,2,,0,,0,22,34000,RCI,10.1,,40,1 NO INJURY,31 Q/C COMPLETED - LOC VERIFIED,0 NO,03 INFLUENCED BY INTERSECTION,01 DAYLIGHT,01 CLEAR,01 DRY,01 LEVEL,1 STRAIGHT,"TWO-WAY, DIVIDED, POSITIVE MED","TWO-WAY, DIVIDED, POSITIVE MED",TRAFFIC CONTROL SIGNAL,TRAFFIC CONTROL SIGNAL,4,NONE,NONE,NOT CODED,NONE,NONE,NOT CODED,14 MOTOR VEHICLE IN TRANSPORT,01 FRONT TO REAR,01 STRAIGHT AHEAD,OPERATED MV IN CARLESS OR NEGL,NO CONTRIBUTING ACTION,00 NOT CODED,00 NOT CODED,00 NOT CODED,00 NOT CODED,01 NO,0,0,0,0,2,0,2,2,N,N,N,Y,N,N,N,N,N,N,Y,N,N,N,N,N,N,N,N,N,N,N,N,N,N,N,28.513297566,-81.330876892,467622.71038,3154109.731505,R,,ARBM15Q1R2,"June 10, 2023",3158114,-9053712.145712223,3313845.0407903786
2020898208480,2020,898208480,2020-00045348,COUNTY SHERIFF'S OFFICE,05 FIFTH,ORANGE,"February 5, 2020",1850,THURSDAY,7546 ORLANDO,0746,Y,COLONIAL DR,GOLDWYN AVE,0.057,E,0,0,28.5527764,-81.416984,75050000,14.678,05059,SR 50,,R RIGHT,1 THRU LANE 1,N NORTH,30 URBAN 6+LN 2WY DIVD RASD,05 LOCAL,01 NON-JUNCTION,01 ON ROADWAY,01 NOT AT INTERSECTION,01 PAVED,34,"April 1, 2018",14 URBAN PRIN ART OTHER,36,PAVED,8,CURB&GUTTER,2,,0,41,42000,RCI,4.7,,45,1 NO INJURY,31 Q/C COMPLETED - LOC VERIFIED,0 NO,01 NOT AT INTERSECTION/RRX/BRIDGE,04 DARK-LIGHTED,01 CLEAR,01 DRY,01 LEVEL,1 STRAIGHT,"TWO-WAY, DIVIDED, UNPROTECTED","TWO-WAY, DIVIDED, UNPROTECTED",NO CONTROLS,NO CONTROLS,6,NONE,NOT CODED,NOT CODED,NONE,NOT CODED,NOT CODED,14 MOTOR VEHICLE IN TRANSPORT,03 ANGLE,03 TURNING LEFT,FAILED TO YIELD RIGHT-OF-WAY,NO CONTRIBUTING ACTION,00 NOT CODED,00 NOT CODED,00 NOT CODED,00 NOT CODED,01 NO,0,0,0,0,2,0,2,2,N,N,N,N,N,N,N,N,N,N,N,N,N,N,N,N,N,N,N,N,N,N,N,N,N,N,28.552658117,-81.416954187,459214.875462,3158496.545361,R,,ARBM15Q1R2,"June 10, 2023",3158118,-9063294.229262402,3318832.3903258685
2020898208520,2020,898208520,2020-00089095,COUNTY SHERIFF'S OFFICE,05 FIFTH,ORANGE,"March 10, 2020",0108,WEDNESDAY,7546 ORLANDO,0746,Y,SEMORAN BLVD S,HOFFNER AVE,0.002,S,0,0,28.4807134,-81.3100984,75003000,2.046,00175,SR 436,,R RIGHT,2 THRU LANE 2,N NORTH,30 URBAN 6+LN 2WY DIVD RASD,03 STATE,02 INTERSECTION,01 ON ROADWAY,01 NOT AT INTERSECTION,03 CURB,40,"March 2, 2020",14 URBAN PRIN ART OTHER,36,PAVED,4,CURB&GUTTER,2,,0,32,62183,RCI,2.6,,50,3 NO-INCAPACITATING INJURY,31 Q/C COMPLETED - LOC VERIFIED,0 NO,03 INFLUENCED BY INTERSECTION,04 DARK-LIGHTED,01 CLEAR,01 DRY,01 LEVEL,1 STRAIGHT,ONE-WAY TRAFFICWAY,ONE-WAY TRAFFICWAY,NO CONTROLS,TRAFFIC CONTROL SIGNAL,6,NONE,NOT CODED,NOT CODED,NONE,NOT CODED,NOT CODED,14 MOTOR VEHICLE IN TRANSPORT,01 FRONT TO REAR,01 STRAIGHT AHEAD,OPERATED MV IN CARLESS OR NEGL,NO CONTRIBUTING ACTION,00 NOT CODED,00 NOT CODED,00 NOT CODED,00 NOT CODED,01 NO,2,0,0,0,2,0,2,3,N,N,N,Y,N,N,N,N,N,N,Y,N,N,N,N,N,N,N,N,N,N,N,N,N,N,N,28.480613608,-81.310007085,469655.547138,3150483.417344,R,,ARBM15Q1R2,"June 10, 2023",3158119,-9051388.928735478,3309705.0921034375
2020898208550,2020,898208550,2020-00045689,COUNTY SHERIFF'S OFFICE,05 FIFTH,ORANGE,"February 6, 2020",0135,FRIDAY,7546 ORLANDO,0746,Y,I 4,SR 408,1,S,0,0,28.5219331,-81.3860975,75280000,16.119,00365,SR 400,I 4,M MEDIAN,M MIDDLE,E EAST,01 INTERSTATE URBAN,01 INTERSTATE,01 NON-JUNCTION,01 ON ROADWAY,01 NOT AT INTERSECTION,01 PAVED,27,"September 16, 2014",11 URBAN PRIN ART INT.,48,PAVED,10,LAWN,2,,0,18,167000,RCI,6.8,,50,1 NO INJURY,31 Q/C COMPLETED - LOC VERIFIED,0 NO,01 NOT AT INTERSECTION/RRX/BRIDGE,04 DARK-LIGHTED,03 RAIN,02 WET,04 DOWNHILL,3 CURVE LEFT,ONE-WAY TRAFFICWAY,,NO CONTROLS,NOT CODED,8,"RD SURFC (WET, ICY, SNOW, ETC)",NOT CODED,NOT CODED,WEATHER CONDITIONS,NOT CODED,NOT CODED,04 JACKKNIFE,77 OTHER (SEE NARRATIVE),01 STRAIGHT AHEAD,NO CONTRIBUTING ACTION,NOT CODED,00 NOT CODED,00 NOT CODED,00 NOT CODED,00 NOT CODED,01 NO,0,0,0,0,1,0,1,1,N,N,Y,N,Y,N,N,N,N,N,N,N,N,N,N,N,N,N,N,N,N,N,N,N,N,N,28.521942147,-81.386109648,462221.060238,3155083.56367,R,,ARBM15Q1R2,"June 10, 2023",3158120,-9059860.629904002,3314940.2303498187
2020898210970,2020,898210970,2020-00043382,COUNTY SHERIFF'S OFFICE,05 FIFTH,ORANGE,"February 4, 2020",0911,WEDNESDAY,7546 ORLANDO,0746,Y,SR 552,DON SAN GEORGE CT,0,,0,0,28.5243317,-81.3174999,75012000,0.825,06808,SR 552,,L LEFT,2 THRU LANE 2,W WEST,20 URBAN 4-5LN 2WY DIVD RASD,03 STATE,04 DRIVEWAY/ALLEY ACCESS RELATED,01 ON ROADWAY,02 FOUR-WAY INTERSECTION,03 CURB,36,"February 11, 2020",16 URBAN MINOR ART,22,CURB&GUTTER,2,,0,,0,15,31500,RCI,3.8,,40,1 NO INJURY,31 Q/C COMPLETED - LOC VERIFIED,0 NO,02 AT INTERSECTION,01 DAYLIGHT,01 CLEAR,01 DRY,01 LEVEL,1 STRAIGHT,"TWO-WAY, DIVIDED, POSITIVE MED","TWO-WAY, DIVIDED, POSITIVE MED",NO CONTROLS,NO CONTROLS,4,NONE,NOT CODED,NOT CODED,NONE,NOT CODED,NOT CODED,01 OVERTURN/ROLLOVER,03 ANGLE,01 STRAIGHT AHEAD,NOT CODED,NO CONTRIBUTING ACTION,00 NOT CODED,00 NOT CODED,00 NOT CODED,00 NOT CODED,01 NO,0,0,0,0,1,0,2,1,N,N,N,Y,N,N,N,N,N,N,N,N,N,N,N,Y,N,N,N,N,N,N,N,N,N,N,28.524394658,-81.317459948,468938.858088,3155335.571072,L,,ARBM15Q1R2,"June 10, 2023",3158121,-9052218.577968176,3315250.957713567
2020898210980,2020,898210980,2020-00034832,COUNTY SHERIFF'S OFFICE,05 FIFTH,ORANGE,"January 28, 2020",1210,WEDNESDAY,7546 ORLANDO,0746,Y,SR 50,HERNDON AVE,0.189,W,0,0,28.5533705,-81.340468,75060000,3.352,05123,SR 50,,L LEFT,1 THRU LANE 1,0,30 URBAN 6+LN 2WY DIVD RASD,03 STATE,01 NON-JUNCTION,01 ON ROADWAY,01 NOT AT INTERSECTION,03 CURB,34,"September 9, 2019",14 URBAN PRIN ART OTHER,36,CURB&GUTTER,2,,0,,0,20,50500,RCI,3.5,,40,1 NO INJURY,31 Q/C COMPLETED - LOC VERIFIED,0 NO,01 NOT AT INTERSECTION/RRX/BRIDGE,01 DAYLIGHT,02 CLOUDY,01 DRY,00 NOT CODED,0 NOT CODED,NOT CODED,"TWO-WAY, DIVIDED, POSITIVE MED",NOT CODED,NO CONTROLS,6,NONE,NOT CODED,NOT CODED,NONE,NOT CODED,NOT CODED,14 MOTOR VEHICLE IN TRANSPORT,01 FRONT TO REAR,00 NOT CODED,NOT CODED,NO CONTRIBUTING ACTION,00 NOT CODED,00 NOT CODED,00 NOT CODED,00 NOT CODED,01 NO,0,0,0,0,1,0,2,1,N,N,N,N,N,N,N,N,N,N,N,N,N,N,N,N,N,N,N,N,N,N,N,N,N,N,28.553454652,-81.340533345,466690.421907,3158561.17107,L,,ARBM15Q1R2,"June 10, 2023",3158122,-9054787.097696666,3318933.338341771
2020898225640,2020,898225640,2020-00081706,COUNTY SHERIFF'S OFFICE,05 FIFTH,ORANGE,"March 4, 2020",0953,THURSDAY,7546 ORLANDO,0746,Y,US 441,SR 50,0.019,N,0,0,28.5532387,-81.3955954,75020000,0.019,05075,SR 500,US 441,L LEFT,L LEFT TURN,S SOUTH,21 URBAN 4-5LN 2WY DIVD PAVD,02 U.S.,01 NON-JUNCTION,01 ON ROADWAY,01 NOT AT INTERSECTION,03 CURB,30,"January 22, 2020",14 URBAN PRIN ART OTHER,22,CURB&GUTTER,2,,0,,0,12,32000,RCI,4.6,,35,2 POSSIBLE INJURY,31 Q/C COMPLETED - LOC VERIFIED,0 NO,03 INFLUENCED BY INTERSECTION,01 DAYLIGHT,01 CLEAR,01 DRY,01 LEVEL,1 STRAIGHT,"TWO-WAY, NOT DIVIDED","TWO-WAY, NOT DIVIDED",NO CONTROLS,NO CONTROLS,4,NONE,NOT CODED,NOT CODED,NONE,NOT CODED,NOT CODED,14 MOTOR VEHICLE IN TRANSPORT,01 FRONT TO REAR,01 STRAIGHT AHEAD,OPERATED MV IN CARLESS OR NEGL,NO CONTRIBUTING ACTION,00 NOT CODED,00 NOT CODED,00 NOT CODED,00 NOT CODED,01 NO,1,0,0,0,2,0,2,2,N,N,N,Y,N,N,N,N,N,N,Y,N,N,N,N,N,N,N,N,N,N,N,N,N,N,N,28.553240678,-81.395596886,461304.20992,3158554.004201,C,,ARBM15Q1R2,"June 10, 2023",3158123,-9060916.744811743,3318906.220321831
2020898193570,2020,898193570,2020-00029704,COUNTY SHERIFF'S OFFICE,05 FIFTH,ORANGE,"January 24, 2020",0357,SATURDAY,7546 ORLANDO,0746,Y,VINELAND RD,KIRKMAN RD S,0.009,E,0,0,28.4825281,-81.4588402,75270000,2.296,00120,SR 435,,S SIDE RD RIGHT,1 THRU LANE 1,W WEST,30 URBAN 6+LN 2WY DIVD RASD,05 LOCAL,01 NON-JUNCTION,01 ON ROADWAY,02 FOUR-WAY INTERSECTION,03 CURB,27,"February 11, 2020",14 URBAN PRIN ART OTHER,48,CURB&GUTTER,2,,0,,0,40,48000,RCI,6.1,,50,1 NO INJURY,31 Q/C COMPLETED - LOC VERIFIED,1 ALC,03 INFLUENCED BY INTERSECTION,04 DARK-LIGHTED,01 CLEAR,01 DRY,01 LEVEL,1 STRAIGHT,"TWO-WAY, DIVIDED, POSITIVE MED","TWO-WAY, DIVIDED, POSITIVE MED",NO CONTROLS,NO CONTROLS,7,NONE,NOT CODED,NOT CODED,NONE,NOT CODED,NOT CODED,15 PARKED MOTOR VEHICLE,02 FRONT TO FRONT,01 STRAIGHT AHEAD,OPERATED MV IN CARLESS OR NEGL,NOT CODED,00 NOT CODED,00 NOT CODED,00 NOT CODED,00 NOT CODED,01 NO,0,0,0,0,1,0,2,1,N,N,N,Y,N,N,N,N,N,N,N,N,N,N,N,N,N,N,N,N,N,N,N,N,N,N,28.482887898,-81.458726871,455099.213169,3150781.944021,R,,ARBM15Q1R2,"June 10, 2023",3158136,-9067944.344264332,3309993.125585253
2020898193580,2020,898193580,2020-00029329,COUNTY SHERIFF'S OFFICE,05 FIFTH,ORANGE,"January 23, 2020",2045,FRIDAY,7546 ORLANDO,0746,Y,SR 436,KALMIA DR,0.024,S,0,0,28.5431371,-81.310613,75003000,6.34,00872,SR 436,,R RIGHT,2 THRU LANE 2,0,30 URBAN 6+LN 2WY DIVD RASD,03 STATE,01 NON-JUNCTION,01 ON ROADWAY,01 NOT AT INTERSECTION,03 CURB,37,"March 2, 2020",14 URBAN PRIN ART OTHER,33,CURB&GUTTER,2,,0,,0,16,60000,RCI,5.2,,45,1 NO INJURY,31 Q/C COMPLETED - LOC VERIFIED,0 NO,03 INFLUENCED BY INTERSECTION,04 DARK-LIGHTED,01 CLEAR,01 DRY,00 NOT CODED,0 NOT CODED,NOT CODED,"TWO-WAY, DIVIDED, POSITIVE MED",NOT CODED,NO CONTROLS,6,NONE,NOT CODED,NOT CODED,NONE,NOT CODED,NOT CODED,14 MOTOR VEHICLE IN TRANSPORT,01 FRONT TO REAR,00 NOT CODED,NOT CODED,NO CONTRIBUTING ACTION,00 NOT CODED,00 NOT CODED,00 NOT CODED,00 NOT CODED,01 NO,0,0,0,0,1,0,2,1,N,N,N,Y,N,N,N,N,N,N,N,N,N,N,N,N,N,N,N,N,N,Y,Y,N,N,N,28.543135919,-81.310546769,469620.641502,3157410.045249,R,,ARBM15Q1R2,"June 10, 2023",3158137,-9051449.006215664,3317625.6682644556
2020898193600,2020,898193600,2020-00019497,COUNTY SHERIFF'S OFFICE,05 FIFTH,ORANGE,"January 15, 2020",1821,THURSDAY,7546 ORLANDO,0746,Y,SR 528,TRADEPORT DR,0.5,E,0,0,28.451305,-81.3247882,75002000,9.266,05610,SR 528,,R RIGHT,2 THRU LANE 2,E EAST,03 TOLL ROAD URBAN,03 STATE,17 ACCELERATION/DECELERATION LANE,01 ON ROADWAY,01 NOT AT INTERSECTION,01 PAVED,38,"March 3, 2020",12 URBAN PRIN ART EXPR.,36,PAVED WARN,8,,0,,0,42,108500,RCI,3.7,,55,2 POSSIBLE INJURY,31 Q/C COMPLETED - LOC VERIFIED,0 NO,01 NOT AT INTERSECTION/RRX/BRIDGE,04 DARK-LIGHTED,01 CLEAR,01 DRY,01 LEVEL,1 STRAIGHT,"TWO-WAY, DIVIDED, POSITIVE MED","TWO-WAY, DIVIDED, POSITIVE MED",TRAFFIC CONTROL SIGNAL,NO CONTROLS,6,NONE,NOT CODED,NOT CODED,NONE,NOT CODED,NOT CODED,14 MOTOR VEHICLE IN TRANSPORT,01 FRONT TO REAR,01 STRAIGHT AHEAD,FOLLOWED TOO CLOSELY,NO CONTRIBUTING ACTION,00 NOT CODED,00 NOT CODED,00 NOT CODED,00 NOT CODED,01 NO,2,0,0,0,2,0,2,3,N,N,N,N,N,N,N,N,N,N,N,N,N,N,N,N,N,N,N,N,N,N,N,N,N,N,28.451298655,-81.324764944,468202.219872,3147239.615664,R,,ARBM15Q1R2,"June 10, 2023",3158138,-9053031.766307099,3305992.971945614
2020898196480,2020,898196480,2020-00041236,COUNTY SHERIFF'S OFFICE,05 FIFTH,ORANGE,"February 2, 2020",1825,MONDAY,7546 ORLANDO,0746,Y,SR 435,VALENCIA COLLEGE DR,0.034,N,0,0,28.5211589,-81.4591817,75270000,4.94,00126,SR 435,,R RIGHT,1 THRU LANE 1,N NORTH,33 SUBURBAN 6+LN 2WY DIVD RASD,04 COUNTY,01 NON-JUNCTION,01 ON ROADWAY,01 NOT AT INTERSECTION,03 CURB,28,"March 14, 2017",14 URBAN PRIN ART OTHER,36,PAVED,5,LAWN,7,,0,40,56500,RCI,2.8,,50,2 POSSIBLE INJURY,31 Q/C COMPLETED - LOC VERIFIED,0 NO,01 NOT AT INTERSECTION/RRX/BRIDGE,04 DARK-LIGHTED,01 CLEAR,01 DRY,01 LEVEL,1 STRAIGHT,"TWO-WAY, DIVIDED, UNPROTECTED","TWO-WAY, DIVIDED, UNPROTECTED",NO CONTROLS,NO CONTROLS,6,NONE,NOT CODED,NOT CODED,NONE,NOT CODED,NOT CODED,14 MOTOR VEHICLE IN TRANSPORT,01 FRONT TO REAR,01 STRAIGHT AHEAD,OPERATED MV IN CARLESS OR NEGL,NO CONTRIBUTING ACTION,00 NOT CODED,00 NOT CODED,00 NOT CODED,00 NOT CODED,01 NO,1,0,0,0,3,0,3,6,N,N,N,N,N,N,N,N,N,N,Y,N,N,N,N,N,N,N,N,N,N,N,N,N,N,N,28.521356719,-81.459059935,455082.906429,3155043.845122,R,,ARBM15Q1R2,"June 10, 2023",3158139,-9067981.42106274,3314866.058724296
2020898227950,2020,898227950,2020-00109505,COUNTY SHERIFF'S OFFICE,05 FIFTH,ORANGE,"March 29, 2020",1044,MONDAY,7546 ORLANDO,0746,Y,I 4,SR 500,0.004,E,0,0,28.5110217,-81.3974284,75280126,0.004,00454,SR 400,I 4,L LEFT,X RAMP,W WEST,08 RAMP RURAL,01 INTERSTATE,14 ENTRANCE/EXIT RAMP,01 ON ROADWAY,01 NOT AT INTERSECTION,01 PAVED,0,"December 31, 2000",,14,PAVED,16,,0,,0,,17500,RCI,6.8,,,2 POSSIBLE INJURY,31 Q/C COMPLETED - LOC VERIFIED,0 NO,08 EXIT RAMP,01 DAYLIGHT,01 CLEAR,01 DRY,01 LEVEL,1 STRAIGHT,"TWO-WAY, DIVIDED, POSITIVE MED","TWO-WAY, DIVIDED, POSITIVE MED",NO CONTROLS,NO CONTROLS,1,NONE,NOT CODED,NOT CODED,NONE,NOT CODED,NOT CODED,14 MOTOR VEHICLE IN TRANSPORT,01 FRONT TO REAR,06 CHANGING LANES,FAILED TO KEEP IN PROPER LANE,NO CONTRIBUTING ACTION,04 ACTIVITY AREA,03 WORK ON SHOULDER OR MEDIAN,01 NO,01 NO,01 NO,1,0,0,0,2,0,2,2,N,Y,N,N,Y,N,N,N,N,N,N,N,N,N,N,N,N,N,N,N,N,Y,N,N,Y,N,28.511016379,-81.397427744,461109.62196,3153876.768557,O,,ARBM15Q1R2,"June 10, 2023",3158229,-9061120.554821117,3313556.0499462374
2020898227210,2020,898227210,2020-00087286,COUNTY SHERIFF'S OFFICE,05 FIFTH,ORANGE,"March 8, 2020",1712,MONDAY,7546 ORLANDO,0746,Y,I 4,AMELIA ST,0.25,S,0,0,28.545706,-81.3823079,75280000,17.812,00374,SR 400,I 4,R RIGHT,4 THRU LANE 4,0,01 INTERSTATE URBAN,01 INTERSTATE,01 NON-JUNCTION,01 ON ROADWAY,01 NOT AT INTERSECTION,03 CURB,27,"September 16, 2014",11 URBAN PRIN ART INT.,48,PAVED,10,CURB&GUTTER,2,,0,22,125000,RCI,6.8,,50,1 NO INJURY,31 Q/C COMPLETED - LOC VERIFIED,0 NO,06 BRIDGE,01 DAYLIGHT,01 CLEAR,01 DRY,00 NOT CODED,0 NOT CODED,NOT CODED,"TWO-WAY, DIVIDED, POSITIVE MED",NOT CODED,NO CONTROLS,8,NONE,NOT CODED,NOT CODED,NONE,NOT CODED,NOT CODED,14 MOTOR VEHICLE IN TRANSPORT,03 ANGLE,00 NOT CODED,NOT CODED,NO CONTRIBUTING ACTION,00 NOT CODED,00 NOT CODED,00 NOT CODED,00 NOT CODED,01 NO,0,0,0,0,1,0,2,1,N,N,N,N,N,N,N,N,N,N,N,N,N,N,N,N,N,N,N,N,N,N,N,N,N,N,28.545728001,-81.3822886,462603.332798,3157717.485449,R,,ARBM15Q1R2,"June 10, 2023",3158233,-9059435.27271972,3317954.14470581
2020898232630,2020,898232630,2020-00099197,COUNTY SHERIFF'S OFFICE,05 FIFTH,ORANGE,"March 18, 2020",1052,THURSDAY,7546 ORLANDO,0746,Y,SR 408,ROSALIND AVE,0.379,E,0,0,28.5370382,-81.3694039,75008000,6.047,01536,SR 408,,L LEFT,S SIDE OF ROAD,W WEST,03 TOLL ROAD URBAN,03 STATE,01 NON-JUNCTION,01 ON ROADWAY,01 NOT AT INTERSECTION,01 PAVED,37,"March 2, 2020",12 URBAN PRIN ART EXPR.,48,PAVED WARN,8,VALLEY GUTR,3,,0,40,159500,RCI,4.5,,55,3 NO-INCAPACITATING INJURY,31 Q/C COMPLETED - LOC VERIFIED,0 NO,01 NOT AT INTERSECTION/RRX/BRIDGE,01 DAYLIGHT,01 CLEAR,01 DRY,01 LEVEL,1 STRAIGHT,"TWO-WAY, DIVIDED, POSITIVE MED",,NO CONTROLS,NOT CODED,9,NONE,NOT CODED,NOT CODED,NONE,NOT CODED,NOT CODED,14 MOTOR VEHICLE IN TRANSPORT,77 OTHER (SEE NARRATIVE),01 STRAIGHT AHEAD,SWERVED OR AVOIDED:  DUE TO WI,NOT CODED,00 NOT CODED,00 NOT CODED,00 NOT CODED,00 NOT CODED,01 NO,1,0,0,0,1,0,1,1,N,N,N,N,Y,N,N,N,N,N,N,N,N,N,N,N,N,N,N,N,N,N,N,N,N,N,28.537276006,-81.369434871,463857.849784,3156777.188125,L,,ARBM15Q1R2,"June 10, 2023",3158234,-9058004.401677568,3316883.111472989
2020898194290,2020,898194290,2020-00036803,COUNTY SHERIFF'S OFFICE,05 FIFTH,ORANGE,"January 29, 2020",2214,THURSDAY,7546 ORLANDO,0746,Y,GASTON FOSTER RD,CURRY FORD RD,0.001,S,0,0,28.5242805,-81.3242681,75012000,0.412,06803,SR 552,,S SIDE RD RIGHT,1 THRU LANE 1,S SOUTH,20 URBAN 4-5LN 2WY DIVD RASD,05 LOCAL,01 NON-JUNCTION,01 ON ROADWAY,03 T-INTERSECTION,03 CURB,36,"February 11, 2020",16 URBAN MINOR ART,22,CURB&GUTTER,2,,0,,0,16,31500,RCI,3.8,,40,1 NO INJURY,31 Q/C COMPLETED - LOC VERIFIED,0 NO,03 INFLUENCED BY INTERSECTION,04 DARK-LIGHTED,01 CLEAR,01 DRY,01 LEVEL,1 STRAIGHT,"TWO-WAY, NOT DIVIDED","TWO-WAY, NOT DIVIDED",NO CONTROLS,STOP SIGN,4,NONE,NOT CODED,NOT CODED,NONE,NOT CODED,NOT CODED,14 MOTOR VEHICLE IN TRANSPORT,02 FRONT TO FRONT,05 TURNING RIGHT,OTHER CONTRIBUTING ACTION,NO CONTRIBUTING ACTION,00 NOT CODED,00 NOT CODED,00 NOT CODED,00 NOT CODED,01 NO,0,0,0,0,2,0,2,2,N,N,N,Y,N,N,N,N,N,N,N,N,N,N,N,N,N,N,N,N,Y,N,N,N,N,N,28.524244578,-81.324241854,468275.249247,3155320.718926,R,,ARBM15Q1R2,"June 10, 2023",3158235,-9052973.536576778,3315231.9425679515